ResourceGroup,ResourceGroupId,SubscriptionName,SubscriptionId,Resource,ResourceId,ResourceType,ResourceLocation,Tags,Cost,CostUSD,Currency
,,KioSoft Globalazure  Subscription,6276588a-9234-41ee-a81c-7538ea3a817e,arm,/subscriptions/6276588a-9234-41ee-a81c-7538ea3a817e/providers/microsoft.security/pricings/arm,microsoft.security/pricings,Unknown,,2.096096608,2.096096608,USD
backup,/subscriptions/6276588a-9234-41ee-a81c-7538ea3a817e/resourcegroups/backup,KioSoft Globalazure  Subscription,6276588a-9234-41ee-a81c-7538ea3a817e,rsv01-prod-eastus,/subscriptions/6276588a-9234-41ee-a81c-7538ea3a817e/resourcegroups/backup/providers/microsoft.recoveryservices/vaults/rsv01-prod-eastus,Recovery Services vault,US East,[],2047.304148,2047.304148,USD
backup,/subscriptions/6276588a-9234-41ee-a81c-7538ea3a817e/resourcegroups/backup,KioSoft Globalazure  Subscription,6276588a-9234-41ee-a81c-7538ea3a817e,rsv05-test-eastus,/subscriptions/6276588a-9234-41ee-a81c-7538ea3a817e/resourcegroups/backup/providers/microsoft.recoveryservices/vaults/rsv05-test-eastus,Recovery Services vault,US East,[],740.0345229,740.0345229,USD
backup,/subscriptions/6276588a-9234-41ee-a81c-7538ea3a817e/resourcegroups/backup,KioSoft Globalazure  Subscription,6276588a-9234-41ee-a81c-7538ea3a817e,rsv02-prod-eastus2,/subscriptions/6276588a-9234-41ee-a81c-7538ea3a817e/resourcegroups/backup/providers/microsoft.recoveryservices/vaults/rsv02-prod-eastus2,Recovery Services vault,US East 2,[],48.62585356,48.62585356,USD
backup,/subscriptions/6276588a-9234-41ee-a81c-7538ea3a817e/resourcegroups/backup,KioSoft Globalazure  Subscription,6276588a-9234-41ee-a81c-7538ea3a817e,rsv04-prod-southcentralus,/subscriptions/6276588a-9234-41ee-a81c-7538ea3a817e/resourcegroups/backup/providers/microsoft.recoveryservices/vaults/rsv04-prod-southcentralus,Recovery Services vault,US South Central,[],47.3425365,47.3425365,USD
backup,/subscriptions/6276588a-9234-41ee-a81c-7538ea3a817e/resourcegroups/backup,KioSoft Globalazure  Subscription,6276588a-9234-41ee-a81c-7538ea3a817e,rsv03-prod-centralus,/subscriptions/6276588a-9234-41ee-a81c-7538ea3a817e/resourcegroups/backup/providers/microsoft.recoveryservices/vaults/rsv03-prod-centralus,Recovery Services vault,US Central,[],14.23556181,14.23556181,USD
backup,/subscriptions/6276588a-9234-41ee-a81c-7538ea3a817e/resourcegroups/backup,KioSoft Globalazure  Subscription,6276588a-9234-41ee-a81c-7538ea3a817e,rsv06-prod-uksouth,/subscriptions/6276588a-9234-41ee-a81c-7538ea3a817e/resourcegroups/backup/providers/microsoft.recoveryservices/vaults/rsv06-prod-uksouth,Recovery Services vault,UK South,[],6.259965455,6.259965455,USD
rg52-prod-csc,/subscriptions/6276588a-9234-41ee-a81c-7538ea3a817e/resourcegroups/rg52-prod-csc,KioSoft Globalazure  Subscription,6276588a-9234-41ee-a81c-7538ea3a817e,app-gt02-prod-csc-retailweb,/subscriptions/6276588a-9234-41ee-a81c-7538ea3a817e/resourcegroups/rg52-prod-csc/providers/microsoft.network/applicationgateways/app-gt02-prod-csc-retailweb,Application gateway,"US East, Intercontinental","[""\""subnetdelegatedtoappgwservice\"":\""false\""""]",1480.779483,1480.779483,USD
rg52-prod-csc,/subscriptions/6276588a-9234-41ee-a81c-7538ea3a817e/resourcegroups/rg52-prod-csc,KioSoft Globalazure  Subscription,6276588a-9234-41ee-a81c-7538ea3a817e,pip146-app-gt-prod-csc,/subscriptions/6276588a-9234-41ee-a81c-7538ea3a817e/resourcegroups/rg52-prod-csc/providers/microsoft.network/publicipaddresses/pip146-app-gt-prod-csc,Public IP address,US East,[],206.5340875,206.5340875,USD
rg52-prod-csc,/subscriptions/6276588a-9234-41ee-a81c-7538ea3a817e/resourcegroups/rg52-prod-csc,KioSoft Globalazure  Subscription,6276588a-9234-41ee-a81c-7538ea3a817e,pip147-loadbalance07-prod-csc-universalweb,/subscriptions/6276588a-9234-41ee-a81c-7538ea3a817e/resourcegroups/rg52-prod-csc/providers/microsoft.network/publicipaddresses/pip147-loadbalance07-prod-csc-universalweb,Public IP address,US East,[],206.5340875,206.5340875,USD
rg52-prod-csc,/subscriptions/6276588a-9234-41ee-a81c-7538ea3a817e/resourcegroups/rg52-prod-csc,KioSoft Globalazure  Subscription,6276588a-9234-41ee-a81c-7538ea3a817e,vm98-prod-csc-universal-web02,/subscriptions/6276588a-9234-41ee-a81c-7538ea3a817e/resourcegroups/rg52-prod-csc/providers/microsoft.compute/virtualmachines/vm98-prod-csc-universal-web02,Virtual machine,US East,"[""\""environment\"":\""production\"""",""\""product\"":\""prod - csc\"""",""\""publisher\"":\""openlogic\""""]",31.08979077,31.08979077,USD
rg52-prod-csc,/subscriptions/6276588a-9234-41ee-a81c-7538ea3a817e/resourcegroups/rg52-prod-csc,KioSoft Globalazure  Subscription,6276588a-9234-41ee-a81c-7538ea3a817e,vm97-prod-csc-universal-web01,/subscriptions/6276588a-9234-41ee-a81c-7538ea3a817e/resourcegroups/rg52-prod-csc/providers/microsoft.compute/virtualmachines/vm97-prod-csc-universal-web01,Virtual machine,"US East, Intercontinental","[""\""environment\"":\""production\"""",""\""product\"":\""prod - csc\"""",""\""publisher\"":\""openlogic\""""]",29.4302108,29.4302108,USD
rg52-prod-csc,/subscriptions/6276588a-9234-41ee-a81c-7538ea3a817e/resourcegroups/rg52-prod-csc,KioSoft Globalazure  Subscription,6276588a-9234-41ee-a81c-7538ea3a817e,vm99-prod-csc-universal-web03,/subscriptions/6276588a-9234-41ee-a81c-7538ea3a817e/resourcegroups/rg52-prod-csc/providers/microsoft.compute/virtualmachines/vm99-prod-csc-universal-web03,Virtual machine,US East,"[""\""environment\"":\""production\"""",""\""publisher\"":\""openlogic\"""",""\""product\"":\""prod - csc\""""]",29.35709011,29.35709011,USD
rg52-prod-csc,/subscriptions/6276588a-9234-41ee-a81c-7538ea3a817e/resourcegroups/rg52-prod-csc,KioSoft Globalazure  Subscription,6276588a-9234-41ee-a81c-7538ea3a817e,vm100-prod-csc-universal-web04,/subscriptions/6276588a-9234-41ee-a81c-7538ea3a817e/resourcegroups/rg52-prod-csc/providers/microsoft.compute/virtualmachines/vm100-prod-csc-universal-web04,Virtual machine,"US East, Intercontinental","[""\""environment\"":\""production\"""",""\""publisher\"":\""openlogic\"""",""\""product\"":\""prod - csc\""""]",29.24383332,29.24383332,USD
rg52-prod-csc,/subscriptions/6276588a-9234-41ee-a81c-7538ea3a817e/resourcegroups/rg52-prod-csc,KioSoft Globalazure  Subscription,6276588a-9234-41ee-a81c-7538ea3a817e,vm131-prod-csc-retail-reportserver08,/subscriptions/6276588a-9234-41ee-a81c-7538ea3a817e/resourcegroups/rg52-prod-csc/providers/microsoft.compute/virtualmachines/vm131-prod-csc-retail-reportserver08,Virtual machine,"US East, Intercontinental","[""\""environment\"":\""production\"""",""\""publisher\"":\""openlogic\"""",""\""product\"":\""prod - csc\""""]",24.53159082,24.53159082,USD
rg52-prod-csc,/subscriptions/6276588a-9234-41ee-a81c-7538ea3a817e/resourcegroups/rg52-prod-csc,KioSoft Globalazure  Subscription,6276588a-9234-41ee-a81c-7538ea3a817e,tm04-prod-csc-reportserver,/subscriptions/6276588a-9234-41ee-a81c-7538ea3a817e/resourcegroups/rg52-prod-csc/providers/microsoft.network/trafficmanagerprofiles/tm04-prod-csc-reportserver,Traffic Manager profile,Unknown,[],21.48617383,21.48617383,USD
rg52-prod-csc,/subscriptions/6276588a-9234-41ee-a81c-7538ea3a817e/resourcegroups/rg52-prod-csc,KioSoft Globalazure  Subscription,6276588a-9234-41ee-a81c-7538ea3a817e,sa28prodcsc,/subscriptions/6276588a-9234-41ee-a81c-7538ea3a817e/resourcegroups/rg52-prod-csc/providers/microsoft.storage/storageaccounts/sa28prodcsc,Storage account,US East,[],20.43013918,20.43013918,USD
rg52-prod-csc,/subscriptions/6276588a-9234-41ee-a81c-7538ea3a817e/resourcegroups/rg52-prod-csc,KioSoft Globalazure  Subscription,6276588a-9234-41ee-a81c-7538ea3a817e,sa38prodcscuniversal,/subscriptions/6276588a-9234-41ee-a81c-7538ea3a817e/resourcegroups/rg52-prod-csc/providers/microsoft.storage/storageaccounts/sa38prodcscuniversal,Storage account,US East,[],20.43013918,20.43013918,USD
rg52-prod-csc,/subscriptions/6276588a-9234-41ee-a81c-7538ea3a817e/resourcegroups/rg52-prod-csc,KioSoft Globalazure  Subscription,6276588a-9234-41ee-a81c-7538ea3a817e,vm131prodcscretailreportserver-osdisk-20240229-010350,/subscriptions/6276588a-9234-41ee-a81c-7538ea3a817e/resourcegroups/rg52-prod-csc/providers/microsoft.compute/disks/vm131prodcscretailreportserver-osdisk-20240229-010350,Disk,US East,"[""\""rsvaultbackup\"":\""44b0cfb8-df4c-4bb1-8820-9fc3217ca2df\""""]",20.16704208,20.16704208,USD
rg52-prod-csc,/subscriptions/6276588a-9234-41ee-a81c-7538ea3a817e/resourcegroups/rg52-prod-csc,KioSoft Globalazure  Subscription,6276588a-9234-41ee-a81c-7538ea3a817e,vm100-prod-csc-universal-web04-disk,/subscriptions/6276588a-9234-41ee-a81c-7538ea3a817e/resourcegroups/rg52-prod-csc/providers/microsoft.compute/disks/vm100-prod-csc-universal-web04-disk,Disk,US East,[],20.13962042,20.13962042,USD
rg52-prod-csc,/subscriptions/6276588a-9234-41ee-a81c-7538ea3a817e/resourcegroups/rg52-prod-csc,KioSoft Globalazure  Subscription,6276588a-9234-41ee-a81c-7538ea3a817e,vm101-prod-csc-universal-soft01_osdisk_1_0d87c751f0774a8299773475ddd50ed5,/subscriptions/6276588a-9234-41ee-a81c-7538ea3a817e/resourcegroups/rg52-prod-csc/providers/microsoft.compute/disks/vm101-prod-csc-universal-soft01_osdisk_1_0d87c751f0774a8299773475ddd50ed5,Disk,US East,[],20.13962042,20.13962042,USD
rg52-prod-csc,/subscriptions/6276588a-9234-41ee-a81c-7538ea3a817e/resourcegroups/rg52-prod-csc,KioSoft Globalazure  Subscription,6276588a-9234-41ee-a81c-7538ea3a817e,vm102-prod-csc-retail-web01-disk,/subscriptions/6276588a-9234-41ee-a81c-7538ea3a817e/resourcegroups/rg52-prod-csc/providers/microsoft.compute/disks/vm102-prod-csc-retail-web01-disk,Disk,US East,[],20.13962042,20.13962042,USD
rg52-prod-csc,/subscriptions/6276588a-9234-41ee-a81c-7538ea3a817e/resourcegroups/rg52-prod-csc,KioSoft Globalazure  Subscription,6276588a-9234-41ee-a81c-7538ea3a817e,vm103-prod-csc-retail-web02-disk,/subscriptions/6276588a-9234-41ee-a81c-7538ea3a817e/resourcegroups/rg52-prod-csc/providers/microsoft.compute/disks/vm103-prod-csc-retail-web02-disk,Disk,US East,[],20.13962042,20.13962042,USD
rg52-prod-csc,/subscriptions/6276588a-9234-41ee-a81c-7538ea3a817e/resourcegroups/rg52-prod-csc,KioSoft Globalazure  Subscription,6276588a-9234-41ee-a81c-7538ea3a817e,vm105-prod-csc-retail-web04-disk,/subscriptions/6276588a-9234-41ee-a81c-7538ea3a817e/resourcegroups/rg52-prod-csc/providers/microsoft.compute/disks/vm105-prod-csc-retail-web04-disk,Disk,US East,[],20.13962042,20.13962042,USD
rg52-prod-csc,/subscriptions/6276588a-9234-41ee-a81c-7538ea3a817e/resourcegroups/rg52-prod-csc,KioSoft Globalazure  Subscription,6276588a-9234-41ee-a81c-7538ea3a817e,vm106-prod-csc-retail-reportserver01-disk,/subscriptions/6276588a-9234-41ee-a81c-7538ea3a817e/resourcegroups/rg52-prod-csc/providers/microsoft.compute/disks/vm106-prod-csc-retail-reportserver01-disk,Disk,US East,[],20.13962042,20.13962042,USD
rg52-prod-csc,/subscriptions/6276588a-9234-41ee-a81c-7538ea3a817e/resourcegroups/rg52-prod-csc,KioSoft Globalazure  Subscription,6276588a-9234-41ee-a81c-7538ea3a817e,vm108-prod-csc-retail-reportserver03-disk,/subscriptions/6276588a-9234-41ee-a81c-7538ea3a817e/resourcegroups/rg52-prod-csc/providers/microsoft.compute/disks/vm108-prod-csc-retail-reportserver03-disk,Disk,US East,[],20.13962042,20.13962042,USD
rg52-prod-csc,/subscriptions/6276588a-9234-41ee-a81c-7538ea3a817e/resourcegroups/rg52-prod-csc,KioSoft Globalazure  Subscription,6276588a-9234-41ee-a81c-7538ea3a817e,vm109-prod-csc-retail-reportserver04-disk,/subscriptions/6276588a-9234-41ee-a81c-7538ea3a817e/resourcegroups/rg52-prod-csc/providers/microsoft.compute/disks/vm109-prod-csc-retail-reportserver04-disk,Disk,US East,[],20.13962042,20.13962042,USD
rg52-prod-csc,/subscriptions/6276588a-9234-41ee-a81c-7538ea3a817e/resourcegroups/rg52-prod-csc,KioSoft Globalazure  Subscription,6276588a-9234-41ee-a81c-7538ea3a817e,vm98-prod-csc-universal-web02-disk,/subscriptions/6276588a-9234-41ee-a81c-7538ea3a817e/resourcegroups/rg52-prod-csc/providers/microsoft.compute/disks/vm98-prod-csc-universal-web02-disk,Disk,US East,[],20.13962042,20.13962042,USD
rg52-prod-csc,/subscriptions/6276588a-9234-41ee-a81c-7538ea3a817e/resourcegroups/rg52-prod-csc,KioSoft Globalazure  Subscription,6276588a-9234-41ee-a81c-7538ea3a817e,vm99-prod-csc-universal-web03-disk,/subscriptions/6276588a-9234-41ee-a81c-7538ea3a817e/resourcegroups/rg52-prod-csc/providers/microsoft.compute/disks/vm99-prod-csc-universal-web03-disk,Disk,US East,[],20.13962042,20.13962042,USD
rg52-prod-csc,/subscriptions/6276588a-9234-41ee-a81c-7538ea3a817e/resourcegroups/rg52-prod-csc,KioSoft Globalazure  Subscription,6276588a-9234-41ee-a81c-7538ea3a817e,vm104-prod-csc-retail-web03-disk,/subscriptions/6276588a-9234-41ee-a81c-7538ea3a817e/resourcegroups/rg52-prod-csc/providers/microsoft.compute/disks/vm104-prod-csc-retail-web03-disk,Disk,US East,[],20.11219877,20.11219877,USD
rg52-prod-csc,/subscriptions/6276588a-9234-41ee-a81c-7538ea3a817e/resourcegroups/rg52-prod-csc,KioSoft Globalazure  Subscription,6276588a-9234-41ee-a81c-7538ea3a817e,vm107-prod-csc-retail-reportserver02-disk,/subscriptions/6276588a-9234-41ee-a81c-7538ea3a817e/resourcegroups/rg52-prod-csc/providers/microsoft.compute/disks/vm107-prod-csc-retail-reportserver02-disk,Disk,US East,[],20.11219877,20.11219877,USD
rg52-prod-csc,/subscriptions/6276588a-9234-41ee-a81c-7538ea3a817e/resourcegroups/rg52-prod-csc,KioSoft Globalazure  Subscription,6276588a-9234-41ee-a81c-7538ea3a817e,vm128prodcscretailreportserver-osdisk-20240229-004711,/subscriptions/6276588a-9234-41ee-a81c-7538ea3a817e/resourcegroups/rg52-prod-csc/providers/microsoft.compute/disks/vm128prodcscretailreportserver-osdisk-20240229-004711,Disk,US East,"[""\""rsvaultbackup\"":\""903357c4-ac9b-4dc7-bd72-b9292e0de02a\""""]",20.11219877,20.11219877,USD
rg52-prod-csc,/subscriptions/6276588a-9234-41ee-a81c-7538ea3a817e/resourcegroups/rg52-prod-csc,KioSoft Globalazure  Subscription,6276588a-9234-41ee-a81c-7538ea3a817e,vm129prodcscretailreportserver-osdisk-20240229-005305,/subscriptions/6276588a-9234-41ee-a81c-7538ea3a817e/resourcegroups/rg52-prod-csc/providers/microsoft.compute/disks/vm129prodcscretailreportserver-osdisk-20240229-005305,Disk,US East,"[""\""rsvaultbackup\"":\""1e16a5d7-d2e9-44d4-b063-8c5bcc8610d3\""""]",20.11219877,20.11219877,USD
rg52-prod-csc,/subscriptions/6276588a-9234-41ee-a81c-7538ea3a817e/resourcegroups/rg52-prod-csc,KioSoft Globalazure  Subscription,6276588a-9234-41ee-a81c-7538ea3a817e,vm130prodcscretailreportserver-osdisk-20240229-005759,/subscriptions/6276588a-9234-41ee-a81c-7538ea3a817e/resourcegroups/rg52-prod-csc/providers/microsoft.compute/disks/vm130prodcscretailreportserver-osdisk-20240229-005759,Disk,US East,"[""\""rsvaultbackup\"":\""cd5a558e-2cc1-47d8-bba0-3b95ed5e0c46\""""]",20.11219877,20.11219877,USD
rg52-prod-csc,/subscriptions/6276588a-9234-41ee-a81c-7538ea3a817e/resourcegroups/rg52-prod-csc,KioSoft Globalazure  Subscription,6276588a-9234-41ee-a81c-7538ea3a817e,vm97-prod-csc-universal-web01-disk,/subscriptions/6276588a-9234-41ee-a81c-7538ea3a817e/resourcegroups/rg52-prod-csc/providers/microsoft.compute/disks/vm97-prod-csc-universal-web01-disk,Disk,US East,[],20.11219877,20.11219877,USD
rg52-prod-csc,/subscriptions/6276588a-9234-41ee-a81c-7538ea3a817e/resourcegroups/rg52-prod-csc,KioSoft Globalazure  Subscription,6276588a-9234-41ee-a81c-7538ea3a817e,vm130-prod-csc-retail-reportserver07,/subscriptions/6276588a-9234-41ee-a81c-7538ea3a817e/resourcegroups/rg52-prod-csc/providers/microsoft.compute/virtualmachines/vm130-prod-csc-retail-reportserver07,Virtual machine,"US East, Intercontinental","[""\""environment\"":\""production\"""",""\""publisher\"":\""openlogic\"""",""\""product\"":\""prod - csc\""""]",19.88909646,19.88909646,USD
rg52-prod-csc,/subscriptions/6276588a-9234-41ee-a81c-7538ea3a817e/resourcegroups/rg52-prod-csc,KioSoft Globalazure  Subscription,6276588a-9234-41ee-a81c-7538ea3a817e,vm103-prod-csc-retail-web02,/subscriptions/6276588a-9234-41ee-a81c-7538ea3a817e/resourcegroups/rg52-prod-csc/providers/microsoft.compute/virtualmachines/vm103-prod-csc-retail-web02,Virtual machine,"US East, Intercontinental","[""\""environment\"":\""production\"""",""\""publisher\"":\""openlogic\"""",""\""product\"":\""prod - csc\""""]",19.3875395,19.3875395,USD
rg52-prod-csc,/subscriptions/6276588a-9234-41ee-a81c-7538ea3a817e/resourcegroups/rg52-prod-csc,KioSoft Globalazure  Subscription,6276588a-9234-41ee-a81c-7538ea3a817e,vm102-prod-csc-retail-web01,/subscriptions/6276588a-9234-41ee-a81c-7538ea3a817e/resourcegroups/rg52-prod-csc/providers/microsoft.compute/virtualmachines/vm102-prod-csc-retail-web01,Virtual machine,"US East, Intercontinental","[""\""environment\"":\""production\"""",""\""publisher\"":\""openlogic\"""",""\""product\"":\""prod - csc\""""]",19.02435358,19.02435358,USD
rg52-prod-csc,/subscriptions/6276588a-9234-41ee-a81c-7538ea3a817e/resourcegroups/rg52-prod-csc,KioSoft Globalazure  Subscription,6276588a-9234-41ee-a81c-7538ea3a817e,vm104-prod-csc-retail-web03,/subscriptions/6276588a-9234-41ee-a81c-7538ea3a817e/resourcegroups/rg52-prod-csc/providers/microsoft.compute/virtualmachines/vm104-prod-csc-retail-web03,Virtual machine,"US East, Intercontinental","[""\""environment\"":\""production\"""",""\""publisher\"":\""openlogic\"""",""\""product\"":\""prod - csc\""""]",18.93480771,18.93480771,USD
rg52-prod-csc,/subscriptions/6276588a-9234-41ee-a81c-7538ea3a817e/resourcegroups/rg52-prod-csc,KioSoft Globalazure  Subscription,6276588a-9234-41ee-a81c-7538ea3a817e,vm105-prod-csc-retail-web04,/subscriptions/6276588a-9234-41ee-a81c-7538ea3a817e/resourcegroups/rg52-prod-csc/providers/microsoft.compute/virtualmachines/vm105-prod-csc-retail-web04,Virtual machine,US East,"[""\""environment\"":\""production\"""",""\""product\"":\""prod - csc\"""",""\""publisher\"":\""openlogic\""""]",18.89163411,18.89163411,USD
rg52-prod-csc,/subscriptions/6276588a-9234-41ee-a81c-7538ea3a817e/resourcegroups/rg52-prod-csc,KioSoft Globalazure  Subscription,6276588a-9234-41ee-a81c-7538ea3a817e,loadbalance07-prod-csc-universalweb,/subscriptions/6276588a-9234-41ee-a81c-7538ea3a817e/resourcegroups/rg52-prod-csc/providers/microsoft.network/loadbalancers/loadbalance07-prod-csc-universalweb,Load balancer,US East,[],18.60188546,18.60188546,USD
rg52-prod-csc,/subscriptions/6276588a-9234-41ee-a81c-7538ea3a817e/resourcegroups/rg52-prod-csc,KioSoft Globalazure  Subscription,6276588a-9234-41ee-a81c-7538ea3a817e,vm129-prod-csc-retail-reportserver06,/subscriptions/6276588a-9234-41ee-a81c-7538ea3a817e/resourcegroups/rg52-prod-csc/providers/microsoft.compute/virtualmachines/vm129-prod-csc-retail-reportserver06,Virtual machine,"US East, Intercontinental","[""\""environment\"":\""production\"""",""\""product\"":\""prod - csc\"""",""\""publisher\"":\""openlogic\""""]",16.94846391,16.94846391,USD
rg52-prod-csc,/subscriptions/6276588a-9234-41ee-a81c-7538ea3a817e/resourcegroups/rg52-prod-csc,KioSoft Globalazure  Subscription,6276588a-9234-41ee-a81c-7538ea3a817e,vm109-prod-csc-retail-reportserver04,/subscriptions/6276588a-9234-41ee-a81c-7538ea3a817e/resourcegroups/rg52-prod-csc/providers/microsoft.compute/virtualmachines/vm109-prod-csc-retail-reportserver04,Virtual machine,"US East, Intercontinental","[""\""environment\"":\""production\"""",""\""product\"":\""prod - csc\"""",""\""publisher\"":\""openlogic\""""]",16.74847157,16.74847157,USD
rg52-prod-csc,/subscriptions/6276588a-9234-41ee-a81c-7538ea3a817e/resourcegroups/rg52-prod-csc,KioSoft Globalazure  Subscription,6276588a-9234-41ee-a81c-7538ea3a817e,vm128-prod-csc-retail-reportserver05,/subscriptions/6276588a-9234-41ee-a81c-7538ea3a817e/resourcegroups/rg52-prod-csc/providers/microsoft.compute/virtualmachines/vm128-prod-csc-retail-reportserver05,Virtual machine,"US East, Intercontinental","[""\""environment\"":\""production\"""",""\""product\"":\""prod - csc\"""",""\""publisher\"":\""openlogic\""""]",16.73260546,16.73260546,USD
rg52-prod-csc,/subscriptions/6276588a-9234-41ee-a81c-7538ea3a817e/resourcegroups/rg52-prod-csc,KioSoft Globalazure  Subscription,6276588a-9234-41ee-a81c-7538ea3a817e,vm108-prod-csc-retail-reportserver03,/subscriptions/6276588a-9234-41ee-a81c-7538ea3a817e/resourcegroups/rg52-prod-csc/providers/microsoft.compute/virtualmachines/vm108-prod-csc-retail-reportserver03,Virtual machine,"US East, Intercontinental","[""\""environment\"":\""production\"""",""\""publisher\"":\""openlogic\"""",""\""product\"":\""prod - csc\""""]",16.5349429,16.5349429,USD
rg52-prod-csc,/subscriptions/6276588a-9234-41ee-a81c-7538ea3a817e/resourcegroups/rg52-prod-csc,KioSoft Globalazure  Subscription,6276588a-9234-41ee-a81c-7538ea3a817e,vm106-prod-csc-retail-reportserver01,/subscriptions/6276588a-9234-41ee-a81c-7538ea3a817e/resourcegroups/rg52-prod-csc/providers/microsoft.compute/virtualmachines/vm106-prod-csc-retail-reportserver01,Virtual machine,"US East, Intercontinental","[""\""environment\"":\""production\"""",""\""product\"":\""prod - csc\"""",""\""publisher\"":\""openlogic\""""]",16.46555422,16.46555422,USD
rg52-prod-csc,/subscriptions/6276588a-9234-41ee-a81c-7538ea3a817e/resourcegroups/rg52-prod-csc,KioSoft Globalazure  Subscription,6276588a-9234-41ee-a81c-7538ea3a817e,vm107-prod-csc-retail-reportserver02,/subscriptions/6276588a-9234-41ee-a81c-7538ea3a817e/resourcegroups/rg52-prod-csc/providers/microsoft.compute/virtualmachines/vm107-prod-csc-retail-reportserver02,Virtual machine,"US East, Intercontinental","[""\""environment\"":\""production\"""",""\""publisher\"":\""openlogic\"""",""\""product\"":\""prod - csc\""""]",16.44862391,16.44862391,USD
rg52-prod-csc,/subscriptions/6276588a-9234-41ee-a81c-7538ea3a817e/resourcegroups/rg52-prod-csc,KioSoft Globalazure  Subscription,6276588a-9234-41ee-a81c-7538ea3a817e,vm101-prod-csc-universal-soft01,/subscriptions/6276588a-9234-41ee-a81c-7538ea3a817e/resourcegroups/rg52-prod-csc/providers/microsoft.compute/virtualmachines/vm101-prod-csc-universal-soft01,Virtual machine,US East,"[""\""environment\"":\""production\"""",""\""product\"":\""prod - csc\"""",""\""publisher\"":\""openlogic\""""]",16.44022482,16.44022482,USD
rg52-prod-csc,/subscriptions/6276588a-9234-41ee-a81c-7538ea3a817e/resourcegroups/rg52-prod-csc,KioSoft Globalazure  Subscription,6276588a-9234-41ee-a81c-7538ea3a817e,pe01-sa28-prod-csc,/subscriptions/6276588a-9234-41ee-a81c-7538ea3a817e/resourcegroups/rg52-prod-csc/providers/microsoft.network/privateendpoints/pe01-sa28-prod-csc,Private endpoint,US East,[],7.438121032,7.438121032,USD
rg52-prod-csc,/subscriptions/6276588a-9234-41ee-a81c-7538ea3a817e/resourcegroups/rg52-prod-csc,KioSoft Globalazure  Subscription,6276588a-9234-41ee-a81c-7538ea3a817e,pip132-vm97-prod-csc-universal-web01,/subscriptions/6276588a-9234-41ee-a81c-7538ea3a817e/resourcegroups/rg52-prod-csc/providers/microsoft.network/publicipaddresses/pip132-vm97-prod-csc-universal-web01,Public IP address,US East,[],3.720198896,3.720198896,USD
rg52-prod-csc,/subscriptions/6276588a-9234-41ee-a81c-7538ea3a817e/resourcegroups/rg52-prod-csc,KioSoft Globalazure  Subscription,6276588a-9234-41ee-a81c-7538ea3a817e,pip133-vm98-prod-csc-universal-web02,/subscriptions/6276588a-9234-41ee-a81c-7538ea3a817e/resourcegroups/rg52-prod-csc/providers/microsoft.network/publicipaddresses/pip133-vm98-prod-csc-universal-web02,Public IP address,US East,[],3.720198896,3.720198896,USD
rg52-prod-csc,/subscriptions/6276588a-9234-41ee-a81c-7538ea3a817e/resourcegroups/rg52-prod-csc,KioSoft Globalazure  Subscription,6276588a-9234-41ee-a81c-7538ea3a817e,pip134-vm99-prod-csc-universal-web03,/subscriptions/6276588a-9234-41ee-a81c-7538ea3a817e/resourcegroups/rg52-prod-csc/providers/microsoft.network/publicipaddresses/pip134-vm99-prod-csc-universal-web03,Public IP address,US East,[],3.720198896,3.720198896,USD
rg52-prod-csc,/subscriptions/6276588a-9234-41ee-a81c-7538ea3a817e/resourcegroups/rg52-prod-csc,KioSoft Globalazure  Subscription,6276588a-9234-41ee-a81c-7538ea3a817e,pip135-vm100-prod-csc-universal-web04,/subscriptions/6276588a-9234-41ee-a81c-7538ea3a817e/resourcegroups/rg52-prod-csc/providers/microsoft.network/publicipaddresses/pip135-vm100-prod-csc-universal-web04,Public IP address,US East,[],3.720198896,3.720198896,USD
rg52-prod-csc,/subscriptions/6276588a-9234-41ee-a81c-7538ea3a817e/resourcegroups/rg52-prod-csc,KioSoft Globalazure  Subscription,6276588a-9234-41ee-a81c-7538ea3a817e,pip136-vm101-prod-csc-universal-soft01,/subscriptions/6276588a-9234-41ee-a81c-7538ea3a817e/resourcegroups/rg52-prod-csc/providers/microsoft.network/publicipaddresses/pip136-vm101-prod-csc-universal-soft01,Public IP address,US East,[],3.720198896,3.720198896,USD
rg52-prod-csc,/subscriptions/6276588a-9234-41ee-a81c-7538ea3a817e/resourcegroups/rg52-prod-csc,KioSoft Globalazure  Subscription,6276588a-9234-41ee-a81c-7538ea3a817e,pip137-vm102-prod-csc-retail-web01,/subscriptions/6276588a-9234-41ee-a81c-7538ea3a817e/resourcegroups/rg52-prod-csc/providers/microsoft.network/publicipaddresses/pip137-vm102-prod-csc-retail-web01,Public IP address,US East,[],3.720198896,3.720198896,USD
rg52-prod-csc,/subscriptions/6276588a-9234-41ee-a81c-7538ea3a817e/resourcegroups/rg52-prod-csc,KioSoft Globalazure  Subscription,6276588a-9234-41ee-a81c-7538ea3a817e,pip138-vm103-prod-csc-retail-web02,/subscriptions/6276588a-9234-41ee-a81c-7538ea3a817e/resourcegroups/rg52-prod-csc/providers/microsoft.network/publicipaddresses/pip138-vm103-prod-csc-retail-web02,Public IP address,US East,[],3.720198896,3.720198896,USD
rg52-prod-csc,/subscriptions/6276588a-9234-41ee-a81c-7538ea3a817e/resourcegroups/rg52-prod-csc,KioSoft Globalazure  Subscription,6276588a-9234-41ee-a81c-7538ea3a817e,pip139-vm104-prod-csc-retail-web03,/subscriptions/6276588a-9234-41ee-a81c-7538ea3a817e/resourcegroups/rg52-prod-csc/providers/microsoft.network/publicipaddresses/pip139-vm104-prod-csc-retail-web03,Public IP address,US East,[],3.720198896,3.720198896,USD
rg52-prod-csc,/subscriptions/6276588a-9234-41ee-a81c-7538ea3a817e/resourcegroups/rg52-prod-csc,KioSoft Globalazure  Subscription,6276588a-9234-41ee-a81c-7538ea3a817e,pip140-vm105-prod-csc-retail-web04,/subscriptions/6276588a-9234-41ee-a81c-7538ea3a817e/resourcegroups/rg52-prod-csc/providers/microsoft.network/publicipaddresses/pip140-vm105-prod-csc-retail-web04,Public IP address,US East,[],3.720198896,3.720198896,USD
rg52-prod-csc,/subscriptions/6276588a-9234-41ee-a81c-7538ea3a817e/resourcegroups/rg52-prod-csc,KioSoft Globalazure  Subscription,6276588a-9234-41ee-a81c-7538ea3a817e,pip141-vm106-prod-csc-retail-reportserver01,/subscriptions/6276588a-9234-41ee-a81c-7538ea3a817e/resourcegroups/rg52-prod-csc/providers/microsoft.network/publicipaddresses/pip141-vm106-prod-csc-retail-reportserver01,Public IP address,US East,[],3.720198896,3.720198896,USD
rg52-prod-csc,/subscriptions/6276588a-9234-41ee-a81c-7538ea3a817e/resourcegroups/rg52-prod-csc,KioSoft Globalazure  Subscription,6276588a-9234-41ee-a81c-7538ea3a817e,pip142-vm107-prod-csc-retail-reportserver02,/subscriptions/6276588a-9234-41ee-a81c-7538ea3a817e/resourcegroups/rg52-prod-csc/providers/microsoft.network/publicipaddresses/pip142-vm107-prod-csc-retail-reportserver02,Public IP address,US East,[],3.720198896,3.720198896,USD
rg52-prod-csc,/subscriptions/6276588a-9234-41ee-a81c-7538ea3a817e/resourcegroups/rg52-prod-csc,KioSoft Globalazure  Subscription,6276588a-9234-41ee-a81c-7538ea3a817e,pip143-vm108-prod-csc-retail-reportserver03,/subscriptions/6276588a-9234-41ee-a81c-7538ea3a817e/resourcegroups/rg52-prod-csc/providers/microsoft.network/publicipaddresses/pip143-vm108-prod-csc-retail-reportserver03,Public IP address,US East,[],3.720198896,3.720198896,USD
rg52-prod-csc,/subscriptions/6276588a-9234-41ee-a81c-7538ea3a817e/resourcegroups/rg52-prod-csc,KioSoft Globalazure  Subscription,6276588a-9234-41ee-a81c-7538ea3a817e,pip144-vm109-prod-csc-retail-reportserver04,/subscriptions/6276588a-9234-41ee-a81c-7538ea3a817e/resourcegroups/rg52-prod-csc/providers/microsoft.network/publicipaddresses/pip144-vm109-prod-csc-retail-reportserver04,Public IP address,US East,[],3.720198896,3.720198896,USD
rg52-prod-csc,/subscriptions/6276588a-9234-41ee-a81c-7538ea3a817e/resourcegroups/rg52-prod-csc,KioSoft Globalazure  Subscription,6276588a-9234-41ee-a81c-7538ea3a817e,pip159-vm128-prod-csc-retail-reportserver05,/subscriptions/6276588a-9234-41ee-a81c-7538ea3a817e/resourcegroups/rg52-prod-csc/providers/microsoft.network/publicipaddresses/pip159-vm128-prod-csc-retail-reportserver05,Public IP address,US East,[],3.720198896,3.720198896,USD
rg52-prod-csc,/subscriptions/6276588a-9234-41ee-a81c-7538ea3a817e/resourcegroups/rg52-prod-csc,KioSoft Globalazure  Subscription,6276588a-9234-41ee-a81c-7538ea3a817e,pip160-vm129-prod-csc-retail-reportserver06,/subscriptions/6276588a-9234-41ee-a81c-7538ea3a817e/resourcegroups/rg52-prod-csc/providers/microsoft.network/publicipaddresses/pip160-vm129-prod-csc-retail-reportserver06,Public IP address,US East,[],3.720198896,3.720198896,USD
rg52-prod-csc,/subscriptions/6276588a-9234-41ee-a81c-7538ea3a817e/resourcegroups/rg52-prod-csc,KioSoft Globalazure  Subscription,6276588a-9234-41ee-a81c-7538ea3a817e,pip161-vm130-prod-csc-retail-reportserver07,/subscriptions/6276588a-9234-41ee-a81c-7538ea3a817e/resourcegroups/rg52-prod-csc/providers/microsoft.network/publicipaddresses/pip161-vm130-prod-csc-retail-reportserver07,Public IP address,US East,[],3.720198896,3.720198896,USD
rg52-prod-csc,/subscriptions/6276588a-9234-41ee-a81c-7538ea3a817e/resourcegroups/rg52-prod-csc,KioSoft Globalazure  Subscription,6276588a-9234-41ee-a81c-7538ea3a817e,pip162-vm131-prod-csc-retail-reportserver08,/subscriptions/6276588a-9234-41ee-a81c-7538ea3a817e/resourcegroups/rg52-prod-csc/providers/microsoft.network/publicipaddresses/pip162-vm131-prod-csc-retail-reportserver08,Public IP address,US East,[],3.720198896,3.720198896,USD
rg52-prod-csc,/subscriptions/6276588a-9234-41ee-a81c-7538ea3a817e/resourcegroups/rg52-prod-csc,KioSoft Globalazure  Subscription,6276588a-9234-41ee-a81c-7538ea3a817e,privatelink.file.core.windows.net,/subscriptions/6276588a-9234-41ee-a81c-7538ea3a817e/resourcegroups/rg52-prod-csc/providers/microsoft.network/privatednszones/privatelink.file.core.windows.net,Private DNS zone,Unknown,[],0.499539216,0.499539216,USD
rg52-prod-csc,/subscriptions/6276588a-9234-41ee-a81c-7538ea3a817e/resourcegroups/rg52-prod-csc,KioSoft Globalazure  Subscription,6276588a-9234-41ee-a81c-7538ea3a817e,ddos attack-csc,/subscriptions/6276588a-9234-41ee-a81c-7538ea3a817e/resourcegroups/rg52-prod-csc/providers/microsoft.insights/metricalerts/ddos attack-csc,microsoft.insights/metricalerts,Unknown,[],0.095838135,0.095838135,USD
rg52-prod-csc,/subscriptions/6276588a-9234-41ee-a81c-7538ea3a817e/resourcegroups/rg52-prod-csc,KioSoft Globalazure  Subscription,6276588a-9234-41ee-a81c-7538ea3a817e,high cpu usage-csc-reportserver01,/subscriptions/6276588a-9234-41ee-a81c-7538ea3a817e/resourcegroups/rg52-prod-csc/providers/microsoft.insights/metricalerts/high cpu usage-csc-reportserver01,microsoft.insights/metricalerts,Unknown,[],0.095838135,0.095838135,USD
rg52-prod-csc,/subscriptions/6276588a-9234-41ee-a81c-7538ea3a817e/resourcegroups/rg52-prod-csc,KioSoft Globalazure  Subscription,6276588a-9234-41ee-a81c-7538ea3a817e,high cpu usage-csc-reportserver02,/subscriptions/6276588a-9234-41ee-a81c-7538ea3a817e/resourcegroups/rg52-prod-csc/providers/microsoft.insights/metricalerts/high cpu usage-csc-reportserver02,microsoft.insights/metricalerts,Unknown,[],0.095838135,0.095838135,USD
rg52-prod-csc,/subscriptions/6276588a-9234-41ee-a81c-7538ea3a817e/resourcegroups/rg52-prod-csc,KioSoft Globalazure  Subscription,6276588a-9234-41ee-a81c-7538ea3a817e,high cpu usage-csc-reportserver03,/subscriptions/6276588a-9234-41ee-a81c-7538ea3a817e/resourcegroups/rg52-prod-csc/providers/microsoft.insights/metricalerts/high cpu usage-csc-reportserver03,microsoft.insights/metricalerts,Unknown,[],0.095838135,0.095838135,USD
rg52-prod-csc,/subscriptions/6276588a-9234-41ee-a81c-7538ea3a817e/resourcegroups/rg52-prod-csc,KioSoft Globalazure  Subscription,6276588a-9234-41ee-a81c-7538ea3a817e,high cpu usage-csc-reportserver04,/subscriptions/6276588a-9234-41ee-a81c-7538ea3a817e/resourcegroups/rg52-prod-csc/providers/microsoft.insights/metricalerts/high cpu usage-csc-reportserver04,microsoft.insights/metricalerts,Unknown,[],0.095838135,0.095838135,USD
rg52-prod-csc,/subscriptions/6276588a-9234-41ee-a81c-7538ea3a817e/resourcegroups/rg52-prod-csc,KioSoft Globalazure  Subscription,6276588a-9234-41ee-a81c-7538ea3a817e,high cpu usage-csc-retail-web01,/subscriptions/6276588a-9234-41ee-a81c-7538ea3a817e/resourcegroups/rg52-prod-csc/providers/microsoft.insights/metricalerts/high cpu usage-csc-retail-web01,microsoft.insights/metricalerts,Unknown,[],0.095838135,0.095838135,USD
rg52-prod-csc,/subscriptions/6276588a-9234-41ee-a81c-7538ea3a817e/resourcegroups/rg52-prod-csc,KioSoft Globalazure  Subscription,6276588a-9234-41ee-a81c-7538ea3a817e,high cpu usage-csc-retail-web02,/subscriptions/6276588a-9234-41ee-a81c-7538ea3a817e/resourcegroups/rg52-prod-csc/providers/microsoft.insights/metricalerts/high cpu usage-csc-retail-web02,microsoft.insights/metricalerts,Unknown,[],0.095838135,0.095838135,USD
rg52-prod-csc,/subscriptions/6276588a-9234-41ee-a81c-7538ea3a817e/resourcegroups/rg52-prod-csc,KioSoft Globalazure  Subscription,6276588a-9234-41ee-a81c-7538ea3a817e,high cpu usage-csc-retail-web03,/subscriptions/6276588a-9234-41ee-a81c-7538ea3a817e/resourcegroups/rg52-prod-csc/providers/microsoft.insights/metricalerts/high cpu usage-csc-retail-web03,microsoft.insights/metricalerts,Unknown,[],0.095838135,0.095838135,USD
rg52-prod-csc,/subscriptions/6276588a-9234-41ee-a81c-7538ea3a817e/resourcegroups/rg52-prod-csc,KioSoft Globalazure  Subscription,6276588a-9234-41ee-a81c-7538ea3a817e,high cpu usage-csc-retail-web04,/subscriptions/6276588a-9234-41ee-a81c-7538ea3a817e/resourcegroups/rg52-prod-csc/providers/microsoft.insights/metricalerts/high cpu usage-csc-retail-web04,microsoft.insights/metricalerts,Unknown,[],0.095838135,0.095838135,USD
rg52-prod-csc,/subscriptions/6276588a-9234-41ee-a81c-7538ea3a817e/resourcegroups/rg52-prod-csc,KioSoft Globalazure  Subscription,6276588a-9234-41ee-a81c-7538ea3a817e,high cpu usage-csc-universal-web01,/subscriptions/6276588a-9234-41ee-a81c-7538ea3a817e/resourcegroups/rg52-prod-csc/providers/microsoft.insights/metricalerts/high cpu usage-csc-universal-web01,microsoft.insights/metricalerts,Unknown,[],0.095838135,0.095838135,USD
rg52-prod-csc,/subscriptions/6276588a-9234-41ee-a81c-7538ea3a817e/resourcegroups/rg52-prod-csc,KioSoft Globalazure  Subscription,6276588a-9234-41ee-a81c-7538ea3a817e,high cpu usage-csc-universal-web02,/subscriptions/6276588a-9234-41ee-a81c-7538ea3a817e/resourcegroups/rg52-prod-csc/providers/microsoft.insights/metricalerts/high cpu usage-csc-universal-web02,microsoft.insights/metricalerts,Unknown,[],0.095838135,0.095838135,USD
rg52-prod-csc,/subscriptions/6276588a-9234-41ee-a81c-7538ea3a817e/resourcegroups/rg52-prod-csc,KioSoft Globalazure  Subscription,6276588a-9234-41ee-a81c-7538ea3a817e,high cpu usage-csc-universal-web04,/subscriptions/6276588a-9234-41ee-a81c-7538ea3a817e/resourcegroups/rg52-prod-csc/providers/microsoft.insights/metricalerts/high cpu usage-csc-universal-web04,microsoft.insights/metricalerts,Unknown,[],0.095838135,0.095838135,USD
rg52-prod-csc,/subscriptions/6276588a-9234-41ee-a81c-7538ea3a817e/resourcegroups/rg52-prod-csc,KioSoft Globalazure  Subscription,6276588a-9234-41ee-a81c-7538ea3a817e,high cpu usage-mariadb27-prod-csc-universal,/subscriptions/6276588a-9234-41ee-a81c-7538ea3a817e/resourcegroups/rg52-prod-csc/providers/microsoft.insights/metricalerts/high cpu usage-mariadb27-prod-csc-universal,microsoft.insights/metricalerts,Unknown,[],0.095838135,0.095838135,USD
rg52-prod-csc,/subscriptions/6276588a-9234-41ee-a81c-7538ea3a817e/resourcegroups/rg52-prod-csc,KioSoft Globalazure  Subscription,6276588a-9234-41ee-a81c-7538ea3a817e,high cpu usage-mariadb48-prod-csc-retail,/subscriptions/6276588a-9234-41ee-a81c-7538ea3a817e/resourcegroups/rg52-prod-csc/providers/microsoft.insights/metricalerts/high cpu usage-mariadb48-prod-csc-retail,microsoft.insights/metricalerts,Unknown,[],0.095838135,0.095838135,USD
rg52-prod-csc,/subscriptions/6276588a-9234-41ee-a81c-7538ea3a817e/resourcegroups/rg52-prod-csc,KioSoft Globalazure  Subscription,6276588a-9234-41ee-a81c-7538ea3a817e,high mem usage-csc-reportserver01,/subscriptions/6276588a-9234-41ee-a81c-7538ea3a817e/resourcegroups/rg52-prod-csc/providers/microsoft.insights/metricalerts/high mem usage-csc-reportserver01,microsoft.insights/metricalerts,Unknown,[],0.095838135,0.095838135,USD
rg52-prod-csc,/subscriptions/6276588a-9234-41ee-a81c-7538ea3a817e/resourcegroups/rg52-prod-csc,KioSoft Globalazure  Subscription,6276588a-9234-41ee-a81c-7538ea3a817e,high mem usage-csc-reportserver02,/subscriptions/6276588a-9234-41ee-a81c-7538ea3a817e/resourcegroups/rg52-prod-csc/providers/microsoft.insights/metricalerts/high mem usage-csc-reportserver02,microsoft.insights/metricalerts,Unknown,[],0.095838135,0.095838135,USD
rg52-prod-csc,/subscriptions/6276588a-9234-41ee-a81c-7538ea3a817e/resourcegroups/rg52-prod-csc,KioSoft Globalazure  Subscription,6276588a-9234-41ee-a81c-7538ea3a817e,high mem usage-csc-reportserver03,/subscriptions/6276588a-9234-41ee-a81c-7538ea3a817e/resourcegroups/rg52-prod-csc/providers/microsoft.insights/metricalerts/high mem usage-csc-reportserver03,microsoft.insights/metricalerts,Unknown,[],0.095838135,0.095838135,USD
rg52-prod-csc,/subscriptions/6276588a-9234-41ee-a81c-7538ea3a817e/resourcegroups/rg52-prod-csc,KioSoft Globalazure  Subscription,6276588a-9234-41ee-a81c-7538ea3a817e,high mem usage-csc-retail-web01,/subscriptions/6276588a-9234-41ee-a81c-7538ea3a817e/resourcegroups/rg52-prod-csc/providers/microsoft.insights/metricalerts/high mem usage-csc-retail-web01,microsoft.insights/metricalerts,Unknown,[],0.095838135,0.095838135,USD
rg52-prod-csc,/subscriptions/6276588a-9234-41ee-a81c-7538ea3a817e/resourcegroups/rg52-prod-csc,KioSoft Globalazure  Subscription,6276588a-9234-41ee-a81c-7538ea3a817e,high mem usage-csc-retail-web02,/subscriptions/6276588a-9234-41ee-a81c-7538ea3a817e/resourcegroups/rg52-prod-csc/providers/microsoft.insights/metricalerts/high mem usage-csc-retail-web02,microsoft.insights/metricalerts,Unknown,[],0.095838135,0.095838135,USD
rg52-prod-csc,/subscriptions/6276588a-9234-41ee-a81c-7538ea3a817e/resourcegroups/rg52-prod-csc,KioSoft Globalazure  Subscription,6276588a-9234-41ee-a81c-7538ea3a817e,high mem usage-csc-universal-soft01,/subscriptions/6276588a-9234-41ee-a81c-7538ea3a817e/resourcegroups/rg52-prod-csc/providers/microsoft.insights/metricalerts/high mem usage-csc-universal-soft01,microsoft.insights/metricalerts,Unknown,[],0.095838135,0.095838135,USD
rg52-prod-csc,/subscriptions/6276588a-9234-41ee-a81c-7538ea3a817e/resourcegroups/rg52-prod-csc,KioSoft Globalazure  Subscription,6276588a-9234-41ee-a81c-7538ea3a817e,high mem usage-csc-universal-web01,/subscriptions/6276588a-9234-41ee-a81c-7538ea3a817e/resourcegroups/rg52-prod-csc/providers/microsoft.insights/metricalerts/high mem usage-csc-universal-web01,microsoft.insights/metricalerts,Unknown,[],0.095838135,0.095838135,USD
rg52-prod-csc,/subscriptions/6276588a-9234-41ee-a81c-7538ea3a817e/resourcegroups/rg52-prod-csc,KioSoft Globalazure  Subscription,6276588a-9234-41ee-a81c-7538ea3a817e,high mem usage-csc-universal-web02,/subscriptions/6276588a-9234-41ee-a81c-7538ea3a817e/resourcegroups/rg52-prod-csc/providers/microsoft.insights/metricalerts/high mem usage-csc-universal-web02,microsoft.insights/metricalerts,Unknown,[],0.095838135,0.095838135,USD
rg52-prod-csc,/subscriptions/6276588a-9234-41ee-a81c-7538ea3a817e/resourcegroups/rg52-prod-csc,KioSoft Globalazure  Subscription,6276588a-9234-41ee-a81c-7538ea3a817e,high mem usage-csc-universal-web03,/subscriptions/6276588a-9234-41ee-a81c-7538ea3a817e/resourcegroups/rg52-prod-csc/providers/microsoft.insights/metricalerts/high mem usage-csc-universal-web03,microsoft.insights/metricalerts,Unknown,[],0.095838135,0.095838135,USD
rg52-prod-csc,/subscriptions/6276588a-9234-41ee-a81c-7538ea3a817e/resourcegroups/rg52-prod-csc,KioSoft Globalazure  Subscription,6276588a-9234-41ee-a81c-7538ea3a817e,high mem usage-csc-universal-web04,/subscriptions/6276588a-9234-41ee-a81c-7538ea3a817e/resourcegroups/rg52-prod-csc/providers/microsoft.insights/metricalerts/high mem usage-csc-universal-web04,microsoft.insights/metricalerts,Unknown,[],0.095838135,0.095838135,USD
rg52-prod-csc,/subscriptions/6276588a-9234-41ee-a81c-7538ea3a817e/resourcegroups/rg52-prod-csc,KioSoft Globalazure  Subscription,6276588a-9234-41ee-a81c-7538ea3a817e,high memory usage-mariadb27-prod-csc-universal,/subscriptions/6276588a-9234-41ee-a81c-7538ea3a817e/resourcegroups/rg52-prod-csc/providers/microsoft.insights/metricalerts/high memory usage-mariadb27-prod-csc-universal,microsoft.insights/metricalerts,Unknown,[],0.095838135,0.095838135,USD
rg52-prod-csc,/subscriptions/6276588a-9234-41ee-a81c-7538ea3a817e/resourcegroups/rg52-prod-csc,KioSoft Globalazure  Subscription,6276588a-9234-41ee-a81c-7538ea3a817e,high memory usage-mariadb48-prod-csc-retail,/subscriptions/6276588a-9234-41ee-a81c-7538ea3a817e/resourcegroups/rg52-prod-csc/providers/microsoft.insights/metricalerts/high memory usage-mariadb48-prod-csc-retail,microsoft.insights/metricalerts,Unknown,[],0.095838135,0.095838135,USD
rg52-prod-csc,/subscriptions/6276588a-9234-41ee-a81c-7538ea3a817e/resourcegroups/rg52-prod-csc,KioSoft Globalazure  Subscription,6276588a-9234-41ee-a81c-7538ea3a817e,high storage usage-mariadb27-prod-csc-universal,/subscriptions/6276588a-9234-41ee-a81c-7538ea3a817e/resourcegroups/rg52-prod-csc/providers/microsoft.insights/metricalerts/high storage usage-mariadb27-prod-csc-universal,microsoft.insights/metricalerts,Unknown,[],0.095838135,0.095838135,USD
rg52-prod-csc,/subscriptions/6276588a-9234-41ee-a81c-7538ea3a817e/resourcegroups/rg52-prod-csc,KioSoft Globalazure  Subscription,6276588a-9234-41ee-a81c-7538ea3a817e,high storage usage-mariadb48-prod-csc-retail,/subscriptions/6276588a-9234-41ee-a81c-7538ea3a817e/resourcegroups/rg52-prod-csc/providers/microsoft.insights/metricalerts/high storage usage-mariadb48-prod-csc-retail,microsoft.insights/metricalerts,Unknown,[],0.095838135,0.095838135,USD
rg52-prod-csc,/subscriptions/6276588a-9234-41ee-a81c-7538ea3a817e/resourcegroups/rg52-prod-csc,KioSoft Globalazure  Subscription,6276588a-9234-41ee-a81c-7538ea3a817e,high cpu usage-csc-universal-soft01,/subscriptions/6276588a-9234-41ee-a81c-7538ea3a817e/resourcegroups/rg52-prod-csc/providers/microsoft.insights/metricalerts/high cpu usage-csc-universal-soft01,microsoft.insights/metricalerts,Unknown,[],0.09583721,0.09583721,USD
rg52-prod-csc,/subscriptions/6276588a-9234-41ee-a81c-7538ea3a817e/resourcegroups/rg52-prod-csc,KioSoft Globalazure  Subscription,6276588a-9234-41ee-a81c-7538ea3a817e,high cpu usage-csc-universal-web03,/subscriptions/6276588a-9234-41ee-a81c-7538ea3a817e/resourcegroups/rg52-prod-csc/providers/microsoft.insights/metricalerts/high cpu usage-csc-universal-web03,microsoft.insights/metricalerts,Unknown,[],0.09583721,0.09583721,USD
rg52-prod-csc,/subscriptions/6276588a-9234-41ee-a81c-7538ea3a817e/resourcegroups/rg52-prod-csc,KioSoft Globalazure  Subscription,6276588a-9234-41ee-a81c-7538ea3a817e,high mem usage-csc-reportserver04,/subscriptions/6276588a-9234-41ee-a81c-7538ea3a817e/resourcegroups/rg52-prod-csc/providers/microsoft.insights/metricalerts/high mem usage-csc-reportserver04,microsoft.insights/metricalerts,Unknown,[],0.09583721,0.09583721,USD
rg52-prod-csc,/subscriptions/6276588a-9234-41ee-a81c-7538ea3a817e/resourcegroups/rg52-prod-csc,KioSoft Globalazure  Subscription,6276588a-9234-41ee-a81c-7538ea3a817e,high mem usage-csc-retail-web04,/subscriptions/6276588a-9234-41ee-a81c-7538ea3a817e/resourcegroups/rg52-prod-csc/providers/microsoft.insights/metricalerts/high mem usage-csc-retail-web04,microsoft.insights/metricalerts,Unknown,[],0.09583721,0.09583721,USD
rg52-prod-csc,/subscriptions/6276588a-9234-41ee-a81c-7538ea3a817e/resourcegroups/rg52-prod-csc,KioSoft Globalazure  Subscription,6276588a-9234-41ee-a81c-7538ea3a817e,high mem usage-csc-retail-web03,/subscriptions/6276588a-9234-41ee-a81c-7538ea3a817e/resourcegroups/rg52-prod-csc/providers/microsoft.insights/metricalerts/high mem usage-csc-retail-web03,microsoft.insights/metricalerts,Unknown,[],0.095709143,0.095709143,USD
rg52-prod-csc,/subscriptions/6276588a-9234-41ee-a81c-7538ea3a817e/resourcegroups/rg52-prod-csc,KioSoft Globalazure  Subscription,6276588a-9234-41ee-a81c-7538ea3a817e,redis06-prod-csc-retail,/subscriptions/6276588a-9234-41ee-a81c-7538ea3a817e/resourcegroups/rg52-prod-csc/providers/microsoft.cache/redis/redis06-prod-csc-retail,Redis cache,US East,[],0,0,USD
rg20003-prod-csc,/subscriptions/6276588a-9234-41ee-a81c-7538ea3a817e/resourcegroups/rg20003-prod-csc,KioSoft Globalazure  Subscription,6276588a-9234-41ee-a81c-7538ea3a817e,mysql22-prod-csc-retail,/subscriptions/6276588a-9234-41ee-a81c-7538ea3a817e/resourcegroups/rg20003-prod-csc/providers/microsoft.dbformysql/flexibleservers/mysql22-prod-csc-retail,Azure Database for MySQL flexible server,US East,"[""\""environment\"":\""production\"""",""\""db-size\"":\""business critical, e64ads_v5, 64 vcores, 512 gib ram, 1312 gib storage, 64000 iops2\"""",""\""db-usage\"":\""csc-cleanstore\""""]",1233.221744,1233.221744,USD
rg20003-prod-csc,/subscriptions/6276588a-9234-41ee-a81c-7538ea3a817e/resourcegroups/rg20003-prod-csc,KioSoft Globalazure  Subscription,6276588a-9234-41ee-a81c-7538ea3a817e,disk20012-prod-csc-elk01-os,/subscriptions/6276588a-9234-41ee-a81c-7538ea3a817e/resourcegroups/rg20003-prod-csc/providers/microsoft.compute/disks/disk20012-prod-csc-elk01-os,Disk,US East,"[""\""environment\"":\""production\"""",""\""product\"":\""elk\""""]",137.6691712,137.6691712,USD
rg20003-prod-csc,/subscriptions/6276588a-9234-41ee-a81c-7538ea3a817e/resourcegroups/rg20003-prod-csc,KioSoft Globalazure  Subscription,6276588a-9234-41ee-a81c-7538ea3a817e,mysql23-prod-csc-universal,/subscriptions/6276588a-9234-41ee-a81c-7538ea3a817e/resourcegroups/rg20003-prod-csc/providers/microsoft.dbformysql/flexibleservers/mysql23-prod-csc-universal,Azure Database for MySQL flexible server,US East,"[""\""environment\"":\""production\"""",""\""db-usage\"":\""csc-universal\"""",""\""db-size\"":\""business critical, e16ads_v5, 16 vcores, 128 gib ram, 112 gib storage, 28000 iops\""""]",83.52156303,83.52156303,USD
rg20003-prod-csc,/subscriptions/6276588a-9234-41ee-a81c-7538ea3a817e/resourcegroups/rg20003-prod-csc,KioSoft Globalazure  Subscription,6276588a-9234-41ee-a81c-7538ea3a817e,vm20008-prod-csc-elk01,/subscriptions/6276588a-9234-41ee-a81c-7538ea3a817e/resourcegroups/rg20003-prod-csc/providers/microsoft.compute/virtualmachines/vm20008-prod-csc-elk01,Virtual machine,US East,"[""\""environment\"":\""production\"""",""\""product\"":\""elk\""""]",14.90605839,14.90605839,USD
rg20003-prod-csc,/subscriptions/6276588a-9234-41ee-a81c-7538ea3a817e/resourcegroups/rg20003-prod-csc,KioSoft Globalazure  Subscription,6276588a-9234-41ee-a81c-7538ea3a817e,pip20008-prod-csc-elk,/subscriptions/6276588a-9234-41ee-a81c-7538ea3a817e/resourcegroups/rg20003-prod-csc/providers/microsoft.network/publicipaddresses/pip20008-prod-csc-elk,Public IP address,US East,[],3.720198896,3.720198896,USD
rg20003-prod-csc,/subscriptions/6276588a-9234-41ee-a81c-7538ea3a817e/resourcegroups/rg20003-prod-csc,KioSoft Globalazure  Subscription,6276588a-9234-41ee-a81c-7538ea3a817e,high connections -mysql22-prod-csc-retail,/subscriptions/6276588a-9234-41ee-a81c-7538ea3a817e/resourcegroups/rg20003-prod-csc/providers/microsoft.insights/metricalerts/high connections -mysql22-prod-csc-retail,microsoft.insights/metricalerts,Unknown,[],0.095838135,0.095838135,USD
rg20003-prod-csc,/subscriptions/6276588a-9234-41ee-a81c-7538ea3a817e/resourcegroups/rg20003-prod-csc,KioSoft Globalazure  Subscription,6276588a-9234-41ee-a81c-7538ea3a817e,high connections -mysql23-prod-csc-universal,/subscriptions/6276588a-9234-41ee-a81c-7538ea3a817e/resourcegroups/rg20003-prod-csc/providers/microsoft.insights/metricalerts/high connections -mysql23-prod-csc-universal,microsoft.insights/metricalerts,Unknown,[],0.095838135,0.095838135,USD
rg20003-prod-csc,/subscriptions/6276588a-9234-41ee-a81c-7538ea3a817e/resourcegroups/rg20003-prod-csc,KioSoft Globalazure  Subscription,6276588a-9234-41ee-a81c-7538ea3a817e,high cpu usage-mysql122-prod-csc-retail,/subscriptions/6276588a-9234-41ee-a81c-7538ea3a817e/resourcegroups/rg20003-prod-csc/providers/microsoft.insights/metricalerts/high cpu usage-mysql122-prod-csc-retail,microsoft.insights/metricalerts,Unknown,[],0.095838135,0.095838135,USD
rg20003-prod-csc,/subscriptions/6276588a-9234-41ee-a81c-7538ea3a817e/resourcegroups/rg20003-prod-csc,KioSoft Globalazure  Subscription,6276588a-9234-41ee-a81c-7538ea3a817e,high cpu usage-mysql23-prod-csc-universal,/subscriptions/6276588a-9234-41ee-a81c-7538ea3a817e/resourcegroups/rg20003-prod-csc/providers/microsoft.insights/metricalerts/high cpu usage-mysql23-prod-csc-universal,microsoft.insights/metricalerts,Unknown,[],0.095838135,0.095838135,USD
rg20003-prod-csc,/subscriptions/6276588a-9234-41ee-a81c-7538ea3a817e/resourcegroups/rg20003-prod-csc,KioSoft Globalazure  Subscription,6276588a-9234-41ee-a81c-7538ea3a817e,high mem usage-mysql22-prod-csc-retail,/subscriptions/6276588a-9234-41ee-a81c-7538ea3a817e/resourcegroups/rg20003-prod-csc/providers/microsoft.insights/metricalerts/high mem usage-mysql22-prod-csc-retail,microsoft.insights/metricalerts,Unknown,[],0.095838135,0.095838135,USD
rg20003-prod-csc,/subscriptions/6276588a-9234-41ee-a81c-7538ea3a817e/resourcegroups/rg20003-prod-csc,KioSoft Globalazure  Subscription,6276588a-9234-41ee-a81c-7538ea3a817e,high mem usage-mysql23-prod-csc-universal,/subscriptions/6276588a-9234-41ee-a81c-7538ea3a817e/resourcegroups/rg20003-prod-csc/providers/microsoft.insights/metricalerts/high mem usage-mysql23-prod-csc-universal,microsoft.insights/metricalerts,Unknown,[],0.095838135,0.095838135,USD
rg20003-prod-csc,/subscriptions/6276588a-9234-41ee-a81c-7538ea3a817e/resourcegroups/rg20003-prod-csc,KioSoft Globalazure  Subscription,6276588a-9234-41ee-a81c-7538ea3a817e,high storage usage-mysql22-prod-csc-retail,/subscriptions/6276588a-9234-41ee-a81c-7538ea3a817e/resourcegroups/rg20003-prod-csc/providers/microsoft.insights/metricalerts/high storage usage-mysql22-prod-csc-retail,microsoft.insights/metricalerts,Unknown,[],0.095838135,0.095838135,USD
rg20003-prod-csc,/subscriptions/6276588a-9234-41ee-a81c-7538ea3a817e/resourcegroups/rg20003-prod-csc,KioSoft Globalazure  Subscription,6276588a-9234-41ee-a81c-7538ea3a817e,high storage usage-mysql23-prod-csc-universal,/subscriptions/6276588a-9234-41ee-a81c-7538ea3a817e/resourcegroups/rg20003-prod-csc/providers/microsoft.insights/metricalerts/high storage usage-mysql23-prod-csc-universal,microsoft.insights/metricalerts,Unknown,[],0.095838135,0.095838135,USD
rg20003-prod-csc,/subscriptions/6276588a-9234-41ee-a81c-7538ea3a817e/resourcegroups/rg20003-prod-csc,KioSoft Globalazure  Subscription,6276588a-9234-41ee-a81c-7538ea3a817e,[critical mysql offline]-mysql22-prod-csc-retail,/subscriptions/6276588a-9234-41ee-a81c-7538ea3a817e/resourcegroups/rg20003-prod-csc/providers/microsoft.insights/metricalerts/[critical mysql offline]-mysql22-prod-csc-retail,microsoft.insights/metricalerts,Unknown,[],0.088743586,0.088743586,USD
rg20003-prod-csc,/subscriptions/6276588a-9234-41ee-a81c-7538ea3a817e/resourcegroups/rg20003-prod-csc,KioSoft Globalazure  Subscription,6276588a-9234-41ee-a81c-7538ea3a817e,[critical mysql offline]-mysql23-prod-csc-universal,/subscriptions/6276588a-9234-41ee-a81c-7538ea3a817e/resourcegroups/rg20003-prod-csc/providers/microsoft.insights/metricalerts/[critical mysql offline]-mysql23-prod-csc-universal,microsoft.insights/metricalerts,Unknown,[],0.088743586,0.088743586,USD
rg20003-prod-csc,/subscriptions/6276588a-9234-41ee-a81c-7538ea3a817e/resourcegroups/rg20003-prod-csc,KioSoft Globalazure  Subscription,6276588a-9234-41ee-a81c-7538ea3a817e,[high storage io percent]-mysql22-prod-csc-retail,/subscriptions/6276588a-9234-41ee-a81c-7538ea3a817e/resourcegroups/rg20003-prod-csc/providers/microsoft.insights/metricalerts/[high storage io percent]-mysql22-prod-csc-retail,microsoft.insights/metricalerts,Unknown,[],0.08616375,0.08616375,USD
rg20003-prod-csc,/subscriptions/6276588a-9234-41ee-a81c-7538ea3a817e/resourcegroups/rg20003-prod-csc,KioSoft Globalazure  Subscription,6276588a-9234-41ee-a81c-7538ea3a817e,[high storage io percent]-mysql23-prod-csc-universal,/subscriptions/6276588a-9234-41ee-a81c-7538ea3a817e/resourcegroups/rg20003-prod-csc/providers/microsoft.insights/metricalerts/[high storage io percent]-mysql23-prod-csc-universal,microsoft.insights/metricalerts,Unknown,[],0.08616375,0.08616375,USD
rg20003-prod-csc,/subscriptions/6276588a-9234-41ee-a81c-7538ea3a817e/resourcegroups/rg20003-prod-csc,KioSoft Globalazure  Subscription,6276588a-9234-41ee-a81c-7538ea3a817e,low cpu usage-mysql22-prod-csc-retail,/subscriptions/6276588a-9234-41ee-a81c-7538ea3a817e/resourcegroups/rg20003-prod-csc/providers/microsoft.insights/metricalerts/low cpu usage-mysql22-prod-csc-retail,microsoft.insights/metricalerts,Unknown,[],0.06113934,0.06113934,USD
rg20003-prod-csc,/subscriptions/6276588a-9234-41ee-a81c-7538ea3a817e/resourcegroups/rg20003-prod-csc,KioSoft Globalazure  Subscription,6276588a-9234-41ee-a81c-7538ea3a817e,low cpu usage-mysql23-prod-csc-universal,/subscriptions/6276588a-9234-41ee-a81c-7538ea3a817e/resourcegroups/rg20003-prod-csc/providers/microsoft.insights/metricalerts/low cpu usage-mysql23-prod-csc-universal,microsoft.insights/metricalerts,Unknown,[],0.06113934,0.06113934,USD
rg20003-prod-csc,/subscriptions/6276588a-9234-41ee-a81c-7538ea3a817e/resourcegroups/rg20003-prod-csc,KioSoft Globalazure  Subscription,6276588a-9234-41ee-a81c-7538ea3a817e,medium cpu usage-mysql22-prod-csc-retail,/subscriptions/6276588a-9234-41ee-a81c-7538ea3a817e/resourcegroups/rg20003-prod-csc/providers/microsoft.insights/metricalerts/medium cpu usage-mysql22-prod-csc-retail,microsoft.insights/metricalerts,Unknown,[],0.06113934,0.06113934,USD
rg20003-prod-csc,/subscriptions/6276588a-9234-41ee-a81c-7538ea3a817e/resourcegroups/rg20003-prod-csc,KioSoft Globalazure  Subscription,6276588a-9234-41ee-a81c-7538ea3a817e,medium cpu usage-mysql23-prod-csc-universal,/subscriptions/6276588a-9234-41ee-a81c-7538ea3a817e/resourcegroups/rg20003-prod-csc/providers/microsoft.insights/metricalerts/medium cpu usage-mysql23-prod-csc-universal,microsoft.insights/metricalerts,Unknown,[],0.06113934,0.06113934,USD
rg47-prod-cleanstore,/subscriptions/6276588a-9234-41ee-a81c-7538ea3a817e/resourcegroups/rg47-prod-cleanstore,KioSoft Globalazure  Subscription,6276588a-9234-41ee-a81c-7538ea3a817e,mysql12-prod-cleanstore,/subscriptions/6276588a-9234-41ee-a81c-7538ea3a817e/resourcegroups/rg47-prod-cleanstore/providers/microsoft.dbformysql/flexibleservers/mysql12-prod-cleanstore,Azure Database for MySQL flexible server,US East,"[""\""environment\"":\""production\"""",""\""db-usage\"":\""cleanstore\"""",""\""db-size\"":\""general purpose, d16ads_v5, 16 vcores, 64 gib ram, 662 storage, 2286 iops\"""",""\""db-size\"":\""general purpose, d16ads_v5, 16 vcores, 64 gib ram,563 gib storage, 20000 iops\""""]",967.7140343,967.7140343,USD
rg47-prod-cleanstore,/subscriptions/6276588a-9234-41ee-a81c-7538ea3a817e/resourcegroups/rg47-prod-cleanstore,KioSoft Globalazure  Subscription,6276588a-9234-41ee-a81c-7538ea3a817e,mysql19-prod-cleanstore-db02,/subscriptions/6276588a-9234-41ee-a81c-7538ea3a817e/resourcegroups/rg47-prod-cleanstore/providers/microsoft.dbformysql/flexibleservers/mysql19-prod-cleanstore-db02,Azure Database for MySQL flexible server,US East,"[""\""environment\"":\""production\"""",""\""db-size\"":\""general purpose, d4ds_v4, 4 vcores, 16 gib ram, 670 gib storage, 6400 iops\"""",""\""db-usage\"":\""cleanstore\"""",""\""db-size\"":\""general purpose, d4ds_v4, 4 vcores, 16 gib ram, 551 gib storage, 6400 iops\""""]",159.0327064,159.0327064,USD
rg47-prod-cleanstore,/subscriptions/6276588a-9234-41ee-a81c-7538ea3a817e/resourcegroups/rg47-prod-cleanstore,KioSoft Globalazure  Subscription,6276588a-9234-41ee-a81c-7538ea3a817e,vm120-prod-cleanstore-web08,/subscriptions/6276588a-9234-41ee-a81c-7538ea3a817e/resourcegroups/rg47-prod-cleanstore/providers/microsoft.compute/virtualmachines/vm120-prod-cleanstore-web08,Virtual machine,"US East, Intercontinental","[""\""environment\"":\""production\"""",""\""product\"":\""market - retail\"""",""\""publisher\"":\""openlogic\""""]",41.8158641,41.8158641,USD
rg47-prod-cleanstore,/subscriptions/6276588a-9234-41ee-a81c-7538ea3a817e/resourcegroups/rg47-prod-cleanstore,KioSoft Globalazure  Subscription,6276588a-9234-41ee-a81c-7538ea3a817e,vm138-prod-cleanstore-web10,/subscriptions/6276588a-9234-41ee-a81c-7538ea3a817e/resourcegroups/rg47-prod-cleanstore/providers/microsoft.compute/virtualmachines/vm138-prod-cleanstore-web10,Virtual machine,"US East, Intercontinental","[""\""environment\"":\""production\"""",""\""product\"":\""market - retail\"""",""\""publisher\"":\""openlogic\""""]",41.5914693,41.5914693,USD
rg47-prod-cleanstore,/subscriptions/6276588a-9234-41ee-a81c-7538ea3a817e/resourcegroups/rg47-prod-cleanstore,KioSoft Globalazure  Subscription,6276588a-9234-41ee-a81c-7538ea3a817e,vm123-prod-cleanstore-web09,/subscriptions/6276588a-9234-41ee-a81c-7538ea3a817e/resourcegroups/rg47-prod-cleanstore/providers/microsoft.compute/virtualmachines/vm123-prod-cleanstore-web09,Virtual machine,"US East, Intercontinental","[""\""environment\"":\""production\"""",""\""product\"":\""market - retail\"""",""\""publisher\"":\""openlogic\""""]",40.75670188,40.75670188,USD
rg47-prod-cleanstore,/subscriptions/6276588a-9234-41ee-a81c-7538ea3a817e/resourcegroups/rg47-prod-cleanstore,KioSoft Globalazure  Subscription,6276588a-9234-41ee-a81c-7538ea3a817e,sa26prodcleanstore,/subscriptions/6276588a-9234-41ee-a81c-7538ea3a817e/resourcegroups/rg47-prod-cleanstore/providers/microsoft.storage/storageaccounts/sa26prodcleanstore,Storage account,US East,[],20.43013918,20.43013918,USD
rg47-prod-cleanstore,/subscriptions/6276588a-9234-41ee-a81c-7538ea3a817e/resourcegroups/rg47-prod-cleanstore,KioSoft Globalazure  Subscription,6276588a-9234-41ee-a81c-7538ea3a817e,vm120prodcleanstoreweb08-osdisk-20240103-020640,/subscriptions/6276588a-9234-41ee-a81c-7538ea3a817e/resourcegroups/rg47-prod-cleanstore/providers/microsoft.compute/disks/vm120prodcleanstoreweb08-osdisk-20240103-020640,Disk,US East,"[""\""rsvaultbackup\"":\""016085e0-6075-418b-b876-03e0ae9cb5fe\""""]",20.13962042,20.13962042,USD
rg47-prod-cleanstore,/subscriptions/6276588a-9234-41ee-a81c-7538ea3a817e/resourcegroups/rg47-prod-cleanstore,KioSoft Globalazure  Subscription,6276588a-9234-41ee-a81c-7538ea3a817e,vm138-prod-cleanstore-web10_os,/subscriptions/6276588a-9234-41ee-a81c-7538ea3a817e/resourcegroups/rg47-prod-cleanstore/providers/microsoft.compute/disks/vm138-prod-cleanstore-web10_os,Disk,US East,[],20.13962042,20.13962042,USD
rg47-prod-cleanstore,/subscriptions/6276588a-9234-41ee-a81c-7538ea3a817e/resourcegroups/rg47-prod-cleanstore,KioSoft Globalazure  Subscription,6276588a-9234-41ee-a81c-7538ea3a817e,tm03-prod-cleanstore,/subscriptions/6276588a-9234-41ee-a81c-7538ea3a817e/resourcegroups/rg47-prod-cleanstore/providers/microsoft.network/trafficmanagerprofiles/tm03-prod-cleanstore,Traffic Manager profile,Unknown,[],20.12670046,20.12670046,USD
rg47-prod-cleanstore,/subscriptions/6276588a-9234-41ee-a81c-7538ea3a817e/resourcegroups/rg47-prod-cleanstore,KioSoft Globalazure  Subscription,6276588a-9234-41ee-a81c-7538ea3a817e,vm123-prod-cleanstore-web09_osdisk,/subscriptions/6276588a-9234-41ee-a81c-7538ea3a817e/resourcegroups/rg47-prod-cleanstore/providers/microsoft.compute/disks/vm123-prod-cleanstore-web09_osdisk,Disk,US East,[],20.11219877,20.11219877,USD
rg47-prod-cleanstore,/subscriptions/6276588a-9234-41ee-a81c-7538ea3a817e/resourcegroups/rg47-prod-cleanstore,KioSoft Globalazure  Subscription,6276588a-9234-41ee-a81c-7538ea3a817e,pe01-sa26-prod-cleanstore,/subscriptions/6276588a-9234-41ee-a81c-7538ea3a817e/resourcegroups/rg47-prod-cleanstore/providers/microsoft.network/privateendpoints/pe01-sa26-prod-cleanstore,Private endpoint,US East,[],7.438121032,7.438121032,USD
rg47-prod-cleanstore,/subscriptions/6276588a-9234-41ee-a81c-7538ea3a817e/resourcegroups/rg47-prod-cleanstore,KioSoft Globalazure  Subscription,6276588a-9234-41ee-a81c-7538ea3a817e,pe02-sa26-prod-cleanstore,/subscriptions/6276588a-9234-41ee-a81c-7538ea3a817e/resourcegroups/rg47-prod-cleanstore/providers/microsoft.network/privateendpoints/pe02-sa26-prod-cleanstore,Private endpoint,US East,[],7.438121032,7.438121032,USD
rg47-prod-cleanstore,/subscriptions/6276588a-9234-41ee-a81c-7538ea3a817e/resourcegroups/rg47-prod-cleanstore,KioSoft Globalazure  Subscription,6276588a-9234-41ee-a81c-7538ea3a817e,priend01-prod-cleanstore-db02,/subscriptions/6276588a-9234-41ee-a81c-7538ea3a817e/resourcegroups/rg47-prod-cleanstore/providers/microsoft.network/privateendpoints/priend01-prod-cleanstore-db02,Private endpoint,US East,[],7.438121032,7.438121032,USD
rg47-prod-cleanstore,/subscriptions/6276588a-9234-41ee-a81c-7538ea3a817e/resourcegroups/rg47-prod-cleanstore,KioSoft Globalazure  Subscription,6276588a-9234-41ee-a81c-7538ea3a817e,pip148-vm114-prod-cleanstore-web04,/subscriptions/6276588a-9234-41ee-a81c-7538ea3a817e/resourcegroups/rg47-prod-cleanstore/providers/microsoft.network/publicipaddresses/pip148-vm114-prod-cleanstore-web04,Public IP address,US East,[],3.720198896,3.720198896,USD
rg47-prod-cleanstore,/subscriptions/6276588a-9234-41ee-a81c-7538ea3a817e/resourcegroups/rg47-prod-cleanstore,KioSoft Globalazure  Subscription,6276588a-9234-41ee-a81c-7538ea3a817e,pip149-vm115-prod-cleanstore-web05,/subscriptions/6276588a-9234-41ee-a81c-7538ea3a817e/resourcegroups/rg47-prod-cleanstore/providers/microsoft.network/publicipaddresses/pip149-vm115-prod-cleanstore-web05,Public IP address,US East,[],3.720198896,3.720198896,USD
rg47-prod-cleanstore,/subscriptions/6276588a-9234-41ee-a81c-7538ea3a817e/resourcegroups/rg47-prod-cleanstore,KioSoft Globalazure  Subscription,6276588a-9234-41ee-a81c-7538ea3a817e,vm67-prod-cleanstore-web02-ip,/subscriptions/6276588a-9234-41ee-a81c-7538ea3a817e/resourcegroups/rg47-prod-cleanstore/providers/microsoft.network/publicipaddresses/vm67-prod-cleanstore-web02-ip,Public IP address,US East,[],3.720198896,3.720198896,USD
rg47-prod-cleanstore,/subscriptions/6276588a-9234-41ee-a81c-7538ea3a817e/resourcegroups/rg47-prod-cleanstore,KioSoft Globalazure  Subscription,6276588a-9234-41ee-a81c-7538ea3a817e,pe03-sa26-prod-cleanstore,/subscriptions/6276588a-9234-41ee-a81c-7538ea3a817e/resourcegroups/rg47-prod-cleanstore/providers/microsoft.network/privateendpoints/pe03-sa26-prod-cleanstore,Private endpoint,US East,[],1.531679078,1.531679078,USD
rg47-prod-cleanstore,/subscriptions/6276588a-9234-41ee-a81c-7538ea3a817e/resourcegroups/rg47-prod-cleanstore,KioSoft Globalazure  Subscription,6276588a-9234-41ee-a81c-7538ea3a817e,privatelink.mysql.database.azure.com,/subscriptions/6276588a-9234-41ee-a81c-7538ea3a817e/resourcegroups/rg47-prod-cleanstore/providers/microsoft.network/privatednszones/privatelink.mysql.database.azure.com,Private DNS zone,Unknown,[],0.510232534,0.510232534,USD
rg47-prod-cleanstore,/subscriptions/6276588a-9234-41ee-a81c-7538ea3a817e/resourcegroups/rg47-prod-cleanstore,KioSoft Globalazure  Subscription,6276588a-9234-41ee-a81c-7538ea3a817e,privatelink.file.core.windows.net,/subscriptions/6276588a-9234-41ee-a81c-7538ea3a817e/resourcegroups/rg47-prod-cleanstore/providers/microsoft.network/privatednszones/privatelink.file.core.windows.net,Private DNS zone,Unknown,[],0.499539216,0.499539216,USD
rg47-prod-cleanstore,/subscriptions/6276588a-9234-41ee-a81c-7538ea3a817e/resourcegroups/rg47-prod-cleanstore,KioSoft Globalazure  Subscription,6276588a-9234-41ee-a81c-7538ea3a817e,ddos attack-cleanstore-web01,/subscriptions/6276588a-9234-41ee-a81c-7538ea3a817e/resourcegroups/rg47-prod-cleanstore/providers/microsoft.insights/metricalerts/ddos attack-cleanstore-web01,microsoft.insights/metricalerts,Unknown,[],0.095838135,0.095838135,USD
rg47-prod-cleanstore,/subscriptions/6276588a-9234-41ee-a81c-7538ea3a817e/resourcegroups/rg47-prod-cleanstore,KioSoft Globalazure  Subscription,6276588a-9234-41ee-a81c-7538ea3a817e,ddos attack-cleanstore-web02,/subscriptions/6276588a-9234-41ee-a81c-7538ea3a817e/resourcegroups/rg47-prod-cleanstore/providers/microsoft.insights/metricalerts/ddos attack-cleanstore-web02,microsoft.insights/metricalerts,Unknown,[],0.095838135,0.095838135,USD
rg47-prod-cleanstore,/subscriptions/6276588a-9234-41ee-a81c-7538ea3a817e/resourcegroups/rg47-prod-cleanstore,KioSoft Globalazure  Subscription,6276588a-9234-41ee-a81c-7538ea3a817e,ddos attack-cleanstore-web06,/subscriptions/6276588a-9234-41ee-a81c-7538ea3a817e/resourcegroups/rg47-prod-cleanstore/providers/microsoft.insights/metricalerts/ddos attack-cleanstore-web06,microsoft.insights/metricalerts,Unknown,[],0.095838135,0.095838135,USD
rg47-prod-cleanstore,/subscriptions/6276588a-9234-41ee-a81c-7538ea3a817e/resourcegroups/rg47-prod-cleanstore,KioSoft Globalazure  Subscription,6276588a-9234-41ee-a81c-7538ea3a817e,high connections -mysql19-prod-cleanstore-db02,/subscriptions/6276588a-9234-41ee-a81c-7538ea3a817e/resourcegroups/rg47-prod-cleanstore/providers/microsoft.insights/metricalerts/high connections -mysql19-prod-cleanstore-db02,microsoft.insights/metricalerts,Unknown,[],0.095838135,0.095838135,USD
rg47-prod-cleanstore,/subscriptions/6276588a-9234-41ee-a81c-7538ea3a817e/resourcegroups/rg47-prod-cleanstore,KioSoft Globalazure  Subscription,6276588a-9234-41ee-a81c-7538ea3a817e,high cpu usage-cleanstore-web01,/subscriptions/6276588a-9234-41ee-a81c-7538ea3a817e/resourcegroups/rg47-prod-cleanstore/providers/microsoft.insights/metricalerts/high cpu usage-cleanstore-web01,microsoft.insights/metricalerts,Unknown,[],0.095838135,0.095838135,USD
rg47-prod-cleanstore,/subscriptions/6276588a-9234-41ee-a81c-7538ea3a817e/resourcegroups/rg47-prod-cleanstore,KioSoft Globalazure  Subscription,6276588a-9234-41ee-a81c-7538ea3a817e,high cpu usage-cleanstore-web02,/subscriptions/6276588a-9234-41ee-a81c-7538ea3a817e/resourcegroups/rg47-prod-cleanstore/providers/microsoft.insights/metricalerts/high cpu usage-cleanstore-web02,microsoft.insights/metricalerts,Unknown,[],0.095838135,0.095838135,USD
rg47-prod-cleanstore,/subscriptions/6276588a-9234-41ee-a81c-7538ea3a817e/resourcegroups/rg47-prod-cleanstore,KioSoft Globalazure  Subscription,6276588a-9234-41ee-a81c-7538ea3a817e,high cpu usage-cleanstore-web03,/subscriptions/6276588a-9234-41ee-a81c-7538ea3a817e/resourcegroups/rg47-prod-cleanstore/providers/microsoft.insights/metricalerts/high cpu usage-cleanstore-web03,microsoft.insights/metricalerts,Unknown,[],0.095838135,0.095838135,USD
rg47-prod-cleanstore,/subscriptions/6276588a-9234-41ee-a81c-7538ea3a817e/resourcegroups/rg47-prod-cleanstore,KioSoft Globalazure  Subscription,6276588a-9234-41ee-a81c-7538ea3a817e,high cpu usage-cleanstore-web05,/subscriptions/6276588a-9234-41ee-a81c-7538ea3a817e/resourcegroups/rg47-prod-cleanstore/providers/microsoft.insights/metricalerts/high cpu usage-cleanstore-web05,microsoft.insights/metricalerts,Unknown,[],0.095838135,0.095838135,USD
rg47-prod-cleanstore,/subscriptions/6276588a-9234-41ee-a81c-7538ea3a817e/resourcegroups/rg47-prod-cleanstore,KioSoft Globalazure  Subscription,6276588a-9234-41ee-a81c-7538ea3a817e,high cpu usage-cleanstore-web07,/subscriptions/6276588a-9234-41ee-a81c-7538ea3a817e/resourcegroups/rg47-prod-cleanstore/providers/microsoft.insights/metricalerts/high cpu usage-cleanstore-web07,microsoft.insights/metricalerts,Unknown,[],0.095838135,0.095838135,USD
rg47-prod-cleanstore,/subscriptions/6276588a-9234-41ee-a81c-7538ea3a817e/resourcegroups/rg47-prod-cleanstore,KioSoft Globalazure  Subscription,6276588a-9234-41ee-a81c-7538ea3a817e,high cpu usage-cleanstore-web08,/subscriptions/6276588a-9234-41ee-a81c-7538ea3a817e/resourcegroups/rg47-prod-cleanstore/providers/microsoft.insights/metricalerts/high cpu usage-cleanstore-web08,microsoft.insights/metricalerts,Unknown,[],0.095838135,0.095838135,USD
rg47-prod-cleanstore,/subscriptions/6276588a-9234-41ee-a81c-7538ea3a817e/resourcegroups/rg47-prod-cleanstore,KioSoft Globalazure  Subscription,6276588a-9234-41ee-a81c-7538ea3a817e,high cpu usage-mysql12-prod-cleanstore,/subscriptions/6276588a-9234-41ee-a81c-7538ea3a817e/resourcegroups/rg47-prod-cleanstore/providers/microsoft.insights/metricalerts/high cpu usage-mysql12-prod-cleanstore,microsoft.insights/metricalerts,Unknown,[],0.095838135,0.095838135,USD
rg47-prod-cleanstore,/subscriptions/6276588a-9234-41ee-a81c-7538ea3a817e/resourcegroups/rg47-prod-cleanstore,KioSoft Globalazure  Subscription,6276588a-9234-41ee-a81c-7538ea3a817e,high cpu usage-mysql19-prod-cleanstore-db02,/subscriptions/6276588a-9234-41ee-a81c-7538ea3a817e/resourcegroups/rg47-prod-cleanstore/providers/microsoft.insights/metricalerts/high cpu usage-mysql19-prod-cleanstore-db02,microsoft.insights/metricalerts,Unknown,[],0.095838135,0.095838135,USD
rg47-prod-cleanstore,/subscriptions/6276588a-9234-41ee-a81c-7538ea3a817e/resourcegroups/rg47-prod-cleanstore,KioSoft Globalazure  Subscription,6276588a-9234-41ee-a81c-7538ea3a817e,high cpu usage-prod-cleanstore,/subscriptions/6276588a-9234-41ee-a81c-7538ea3a817e/resourcegroups/rg47-prod-cleanstore/providers/microsoft.insights/metricalerts/high cpu usage-prod-cleanstore,microsoft.insights/metricalerts,Unknown,[],0.095838135,0.095838135,USD
rg47-prod-cleanstore,/subscriptions/6276588a-9234-41ee-a81c-7538ea3a817e/resourcegroups/rg47-prod-cleanstore,KioSoft Globalazure  Subscription,6276588a-9234-41ee-a81c-7538ea3a817e,high mem usage-cleanstore-web01,/subscriptions/6276588a-9234-41ee-a81c-7538ea3a817e/resourcegroups/rg47-prod-cleanstore/providers/microsoft.insights/metricalerts/high mem usage-cleanstore-web01,microsoft.insights/metricalerts,Unknown,[],0.095838135,0.095838135,USD
rg47-prod-cleanstore,/subscriptions/6276588a-9234-41ee-a81c-7538ea3a817e/resourcegroups/rg47-prod-cleanstore,KioSoft Globalazure  Subscription,6276588a-9234-41ee-a81c-7538ea3a817e,high mem usage-cleanstore-web02,/subscriptions/6276588a-9234-41ee-a81c-7538ea3a817e/resourcegroups/rg47-prod-cleanstore/providers/microsoft.insights/metricalerts/high mem usage-cleanstore-web02,microsoft.insights/metricalerts,Unknown,[],0.095838135,0.095838135,USD
rg47-prod-cleanstore,/subscriptions/6276588a-9234-41ee-a81c-7538ea3a817e/resourcegroups/rg47-prod-cleanstore,KioSoft Globalazure  Subscription,6276588a-9234-41ee-a81c-7538ea3a817e,high mem usage-cleanstore-web05,/subscriptions/6276588a-9234-41ee-a81c-7538ea3a817e/resourcegroups/rg47-prod-cleanstore/providers/microsoft.insights/metricalerts/high mem usage-cleanstore-web05,microsoft.insights/metricalerts,Unknown,[],0.095838135,0.095838135,USD
rg47-prod-cleanstore,/subscriptions/6276588a-9234-41ee-a81c-7538ea3a817e/resourcegroups/rg47-prod-cleanstore,KioSoft Globalazure  Subscription,6276588a-9234-41ee-a81c-7538ea3a817e,high mem usage-cleanstore-web07,/subscriptions/6276588a-9234-41ee-a81c-7538ea3a817e/resourcegroups/rg47-prod-cleanstore/providers/microsoft.insights/metricalerts/high mem usage-cleanstore-web07,microsoft.insights/metricalerts,Unknown,[],0.095838135,0.095838135,USD
rg47-prod-cleanstore,/subscriptions/6276588a-9234-41ee-a81c-7538ea3a817e/resourcegroups/rg47-prod-cleanstore,KioSoft Globalazure  Subscription,6276588a-9234-41ee-a81c-7538ea3a817e,high mem usage-cleanstore-web08,/subscriptions/6276588a-9234-41ee-a81c-7538ea3a817e/resourcegroups/rg47-prod-cleanstore/providers/microsoft.insights/metricalerts/high mem usage-cleanstore-web08,microsoft.insights/metricalerts,Unknown,[],0.095838135,0.095838135,USD
rg47-prod-cleanstore,/subscriptions/6276588a-9234-41ee-a81c-7538ea3a817e/resourcegroups/rg47-prod-cleanstore,KioSoft Globalazure  Subscription,6276588a-9234-41ee-a81c-7538ea3a817e,high mem usage-cleanstore-web09,/subscriptions/6276588a-9234-41ee-a81c-7538ea3a817e/resourcegroups/rg47-prod-cleanstore/providers/microsoft.insights/metricalerts/high mem usage-cleanstore-web09,microsoft.insights/metricalerts,Unknown,[],0.095838135,0.095838135,USD
rg47-prod-cleanstore,/subscriptions/6276588a-9234-41ee-a81c-7538ea3a817e/resourcegroups/rg47-prod-cleanstore,KioSoft Globalazure  Subscription,6276588a-9234-41ee-a81c-7538ea3a817e,high mem usage-mysql12-prod-cleanstore,/subscriptions/6276588a-9234-41ee-a81c-7538ea3a817e/resourcegroups/rg47-prod-cleanstore/providers/microsoft.insights/metricalerts/high mem usage-mysql12-prod-cleanstore,microsoft.insights/metricalerts,Unknown,[],0.095838135,0.095838135,USD
rg47-prod-cleanstore,/subscriptions/6276588a-9234-41ee-a81c-7538ea3a817e/resourcegroups/rg47-prod-cleanstore,KioSoft Globalazure  Subscription,6276588a-9234-41ee-a81c-7538ea3a817e,high mem usage-mysql19-prod-cleanstore-db02,/subscriptions/6276588a-9234-41ee-a81c-7538ea3a817e/resourcegroups/rg47-prod-cleanstore/providers/microsoft.insights/metricalerts/high mem usage-mysql19-prod-cleanstore-db02,microsoft.insights/metricalerts,Unknown,[],0.095838135,0.095838135,USD
rg47-prod-cleanstore,/subscriptions/6276588a-9234-41ee-a81c-7538ea3a817e/resourcegroups/rg47-prod-cleanstore,KioSoft Globalazure  Subscription,6276588a-9234-41ee-a81c-7538ea3a817e,high mem usage-prod-cleanstore,/subscriptions/6276588a-9234-41ee-a81c-7538ea3a817e/resourcegroups/rg47-prod-cleanstore/providers/microsoft.insights/metricalerts/high mem usage-prod-cleanstore,microsoft.insights/metricalerts,Unknown,[],0.095838135,0.095838135,USD
rg47-prod-cleanstore,/subscriptions/6276588a-9234-41ee-a81c-7538ea3a817e/resourcegroups/rg47-prod-cleanstore,KioSoft Globalazure  Subscription,6276588a-9234-41ee-a81c-7538ea3a817e,high storage usage-mysql07-prod-cleanstore,/subscriptions/6276588a-9234-41ee-a81c-7538ea3a817e/resourcegroups/rg47-prod-cleanstore/providers/microsoft.insights/metricalerts/high storage usage-mysql07-prod-cleanstore,microsoft.insights/metricalerts,Unknown,[],0.095838135,0.095838135,USD
rg47-prod-cleanstore,/subscriptions/6276588a-9234-41ee-a81c-7538ea3a817e/resourcegroups/rg47-prod-cleanstore,KioSoft Globalazure  Subscription,6276588a-9234-41ee-a81c-7538ea3a817e,high storage usage-mysql12-prod-cleanstore,/subscriptions/6276588a-9234-41ee-a81c-7538ea3a817e/resourcegroups/rg47-prod-cleanstore/providers/microsoft.insights/metricalerts/high storage usage-mysql12-prod-cleanstore,microsoft.insights/metricalerts,Unknown,[],0.095838135,0.095838135,USD
rg47-prod-cleanstore,/subscriptions/6276588a-9234-41ee-a81c-7538ea3a817e/resourcegroups/rg47-prod-cleanstore,KioSoft Globalazure  Subscription,6276588a-9234-41ee-a81c-7538ea3a817e,high storage usage-mysql19-prod-cleanstore-db02,/subscriptions/6276588a-9234-41ee-a81c-7538ea3a817e/resourcegroups/rg47-prod-cleanstore/providers/microsoft.insights/metricalerts/high storage usage-mysql19-prod-cleanstore-db02,microsoft.insights/metricalerts,Unknown,[],0.095838135,0.095838135,USD
rg47-prod-cleanstore,/subscriptions/6276588a-9234-41ee-a81c-7538ea3a817e/resourcegroups/rg47-prod-cleanstore,KioSoft Globalazure  Subscription,6276588a-9234-41ee-a81c-7538ea3a817e,high cpu usage-cleanstore-web09,/subscriptions/6276588a-9234-41ee-a81c-7538ea3a817e/resourcegroups/rg47-prod-cleanstore/providers/microsoft.insights/metricalerts/high cpu usage-cleanstore-web09,microsoft.insights/metricalerts,Unknown,[],0.09583721,0.09583721,USD
rg47-prod-cleanstore,/subscriptions/6276588a-9234-41ee-a81c-7538ea3a817e/resourcegroups/rg47-prod-cleanstore,KioSoft Globalazure  Subscription,6276588a-9234-41ee-a81c-7538ea3a817e,high mem usage-cleanstore-web03,/subscriptions/6276588a-9234-41ee-a81c-7538ea3a817e/resourcegroups/rg47-prod-cleanstore/providers/microsoft.insights/metricalerts/high mem usage-cleanstore-web03,microsoft.insights/metricalerts,Unknown,[],0.09583721,0.09583721,USD
rg47-prod-cleanstore,/subscriptions/6276588a-9234-41ee-a81c-7538ea3a817e/resourcegroups/rg47-prod-cleanstore,KioSoft Globalazure  Subscription,6276588a-9234-41ee-a81c-7538ea3a817e,ddos attack-cleanstore-web05,/subscriptions/6276588a-9234-41ee-a81c-7538ea3a817e/resourcegroups/rg47-prod-cleanstore/providers/microsoft.insights/metricalerts/ddos attack-cleanstore-web05,microsoft.insights/metricalerts,Unknown,[],0.095708218,0.095708218,USD
rg47-prod-cleanstore,/subscriptions/6276588a-9234-41ee-a81c-7538ea3a817e/resourcegroups/rg47-prod-cleanstore,KioSoft Globalazure  Subscription,6276588a-9234-41ee-a81c-7538ea3a817e,[critical mysql offline]-mysql12-prod-cleanstore,/subscriptions/6276588a-9234-41ee-a81c-7538ea3a817e/resourcegroups/rg47-prod-cleanstore/providers/microsoft.insights/metricalerts/[critical mysql offline]-mysql12-prod-cleanstore,microsoft.insights/metricalerts,Unknown,[],0.089001569,0.089001569,USD
rg47-prod-cleanstore,/subscriptions/6276588a-9234-41ee-a81c-7538ea3a817e/resourcegroups/rg47-prod-cleanstore,KioSoft Globalazure  Subscription,6276588a-9234-41ee-a81c-7538ea3a817e,[critical mysql offline]-mysql19-prod-cleanstore-db02,/subscriptions/6276588a-9234-41ee-a81c-7538ea3a817e/resourcegroups/rg47-prod-cleanstore/providers/microsoft.insights/metricalerts/[critical mysql offline]-mysql19-prod-cleanstore-db02,microsoft.insights/metricalerts,Unknown,[],0.088743586,0.088743586,USD
rg47-prod-cleanstore,/subscriptions/6276588a-9234-41ee-a81c-7538ea3a817e/resourcegroups/rg47-prod-cleanstore,KioSoft Globalazure  Subscription,6276588a-9234-41ee-a81c-7538ea3a817e,[high replication lag]-mysql19-prod-cleanstore-db02,/subscriptions/6276588a-9234-41ee-a81c-7538ea3a817e/resourcegroups/rg47-prod-cleanstore/providers/microsoft.insights/metricalerts/[high replication lag]-mysql19-prod-cleanstore-db02,microsoft.insights/metricalerts,Unknown,[],0.088227619,0.088227619,USD
rg47-prod-cleanstore,/subscriptions/6276588a-9234-41ee-a81c-7538ea3a817e/resourcegroups/rg47-prod-cleanstore,KioSoft Globalazure  Subscription,6276588a-9234-41ee-a81c-7538ea3a817e,[high storage io percent]-mysql12-prod-cleanstore,/subscriptions/6276588a-9234-41ee-a81c-7538ea3a817e/resourcegroups/rg47-prod-cleanstore/providers/microsoft.insights/metricalerts/[high storage io percent]-mysql12-prod-cleanstore,microsoft.insights/metricalerts,Unknown,[],0.08616375,0.08616375,USD
rg47-prod-cleanstore,/subscriptions/6276588a-9234-41ee-a81c-7538ea3a817e/resourcegroups/rg47-prod-cleanstore,KioSoft Globalazure  Subscription,6276588a-9234-41ee-a81c-7538ea3a817e,[high storage io percent]-mysql19-prod-cleanstore-db02,/subscriptions/6276588a-9234-41ee-a81c-7538ea3a817e/resourcegroups/rg47-prod-cleanstore/providers/microsoft.insights/metricalerts/[high storage io percent]-mysql19-prod-cleanstore-db02,microsoft.insights/metricalerts,Unknown,[],0.08616375,0.08616375,USD
rg47-prod-cleanstore,/subscriptions/6276588a-9234-41ee-a81c-7538ea3a817e/resourcegroups/rg47-prod-cleanstore,KioSoft Globalazure  Subscription,6276588a-9234-41ee-a81c-7538ea3a817e,low cpu usage-mysql12-prod-cleanstore,/subscriptions/6276588a-9234-41ee-a81c-7538ea3a817e/resourcegroups/rg47-prod-cleanstore/providers/microsoft.insights/metricalerts/low cpu usage-mysql12-prod-cleanstore,microsoft.insights/metricalerts,Unknown,[],0.06113934,0.06113934,USD
rg47-prod-cleanstore,/subscriptions/6276588a-9234-41ee-a81c-7538ea3a817e/resourcegroups/rg47-prod-cleanstore,KioSoft Globalazure  Subscription,6276588a-9234-41ee-a81c-7538ea3a817e,medium cpu usage-mysql12-prod-cleanstore,/subscriptions/6276588a-9234-41ee-a81c-7538ea3a817e/resourcegroups/rg47-prod-cleanstore/providers/microsoft.insights/metricalerts/medium cpu usage-mysql12-prod-cleanstore,microsoft.insights/metricalerts,Unknown,[],0.06113934,0.06113934,USD
rg47-prod-cleanstore,/subscriptions/6276588a-9234-41ee-a81c-7538ea3a817e/resourcegroups/rg47-prod-cleanstore,KioSoft Globalazure  Subscription,6276588a-9234-41ee-a81c-7538ea3a817e,sa18prodcleanstore,/subscriptions/6276588a-9234-41ee-a81c-7538ea3a817e/resourcegroups/rg47-prod-cleanstore/providers/microsoft.storage/storageaccounts/sa18prodcleanstore,Storage account,US East,[],0.030132757,0.030132757,USD
tmsprod,/subscriptions/6276588a-9234-41ee-a81c-7538ea3a817e/resourcegroups/tmsprod,KioSoft Globalazure  Subscription,6276588a-9234-41ee-a81c-7538ea3a817e,tmsprod,/subscriptions/6276588a-9234-41ee-a81c-7538ea3a817e/resourcegroups/tmsprod/providers/microsoft.storage/storageaccounts/tmsprod,Storage account,US East,[],794.4594419,794.4594419,USD
tmsprod,/subscriptions/6276588a-9234-41ee-a81c-7538ea3a817e/resourcegroups/tmsprod,KioSoft Globalazure  Subscription,6276588a-9234-41ee-a81c-7538ea3a817e,sa33prodtms,/subscriptions/6276588a-9234-41ee-a81c-7538ea3a817e/resourcegroups/tmsprod/providers/microsoft.storage/storageaccounts/sa33prodtms,Storage account,US East,[],78.76844181,78.76844181,USD
tmsprod,/subscriptions/6276588a-9234-41ee-a81c-7538ea3a817e/resourcegroups/tmsprod,KioSoft Globalazure  Subscription,6276588a-9234-41ee-a81c-7538ea3a817e,tmsprod-tms03,/subscriptions/6276588a-9234-41ee-a81c-7538ea3a817e/resourcegroups/tmsprod/providers/microsoft.compute/virtualmachines/tmsprod-tms03,Virtual machine,US East,"[""\""environment\"":\""production\"""",""\""publisher\"":\""debian\"""",""\""product\"":\""tms - tms03\""""]",31.79114004,31.79114004,USD
tmsprod,/subscriptions/6276588a-9234-41ee-a81c-7538ea3a817e/resourcegroups/tmsprod,KioSoft Globalazure  Subscription,6276588a-9234-41ee-a81c-7538ea3a817e,tmsprod-tms03_osdisk_1_dc480da34b3045efb56faebc75a4b45b,/subscriptions/6276588a-9234-41ee-a81c-7538ea3a817e/resourcegroups/tmsprod/providers/microsoft.compute/disks/tmsprod-tms03_osdisk_1_dc480da34b3045efb56faebc75a4b45b,Disk,US East,[],20.28541742,20.28541742,USD
tmsprod,/subscriptions/6276588a-9234-41ee-a81c-7538ea3a817e/resourcegroups/tmsprod,KioSoft Globalazure  Subscription,6276588a-9234-41ee-a81c-7538ea3a817e,tmsprod-db01-data01,/subscriptions/6276588a-9234-41ee-a81c-7538ea3a817e/resourcegroups/tmsprod/providers/microsoft.compute/disks/tmsprod-db01-data01,Disk,US East,[],20.13962042,20.13962042,USD
tmsprod,/subscriptions/6276588a-9234-41ee-a81c-7538ea3a817e/resourcegroups/tmsprod,KioSoft Globalazure  Subscription,6276588a-9234-41ee-a81c-7538ea3a817e,tmsprod-web01_osdisk_1_b246404255f7462f937bc8b1702caf83,/subscriptions/6276588a-9234-41ee-a81c-7538ea3a817e/resourcegroups/tmsprod/providers/microsoft.compute/disks/tmsprod-web01_osdisk_1_b246404255f7462f937bc8b1702caf83,Disk,US East,[],20.13962042,20.13962042,USD
tmsprod,/subscriptions/6276588a-9234-41ee-a81c-7538ea3a817e/resourcegroups/tmsprod,KioSoft Globalazure  Subscription,6276588a-9234-41ee-a81c-7538ea3a817e,tmsprod-db01_osdisk_1_d3b9cf26c0954998ac076bedc2e2d669,/subscriptions/6276588a-9234-41ee-a81c-7538ea3a817e/resourcegroups/tmsprod/providers/microsoft.compute/disks/tmsprod-db01_osdisk_1_d3b9cf26c0954998ac076bedc2e2d669,Disk,US East,[],20.11219877,20.11219877,USD
tmsprod,/subscriptions/6276588a-9234-41ee-a81c-7538ea3a817e/resourcegroups/tmsprod,KioSoft Globalazure  Subscription,6276588a-9234-41ee-a81c-7538ea3a817e,tmsprod-web02_osdisk_1_82c6e02223da4c23a3e4e94825526cf9,/subscriptions/6276588a-9234-41ee-a81c-7538ea3a817e/resourcegroups/tmsprod/providers/microsoft.compute/disks/tmsprod-web02_osdisk_1_82c6e02223da4c23a3e4e94825526cf9,Disk,US East,[],20.11219877,20.11219877,USD
tmsprod,/subscriptions/6276588a-9234-41ee-a81c-7538ea3a817e/resourcegroups/tmsprod,KioSoft Globalazure  Subscription,6276588a-9234-41ee-a81c-7538ea3a817e,vm133-prod-csc-tms_osdisk_1_25351b0b638540fa8fd89d4ff582f07e,/subscriptions/6276588a-9234-41ee-a81c-7538ea3a817e/resourcegroups/tmsprod/providers/microsoft.compute/disks/vm133-prod-csc-tms_osdisk_1_25351b0b638540fa8fd89d4ff582f07e,Disk,US East,[],20.11219877,20.11219877,USD
tmsprod,/subscriptions/6276588a-9234-41ee-a81c-7538ea3a817e/resourcegroups/tmsprod,KioSoft Globalazure  Subscription,6276588a-9234-41ee-a81c-7538ea3a817e,tmsprod-web01,/subscriptions/6276588a-9234-41ee-a81c-7538ea3a817e/resourcegroups/tmsprod/providers/microsoft.compute/virtualmachines/tmsprod-web01,Virtual machine,US East,"[""\""environment\"":\""production\"""",""\""publisher\"":\""debian\"""",""\""product\"":\""tms - web01\""""]",17.03623341,17.03623341,USD
tmsprod,/subscriptions/6276588a-9234-41ee-a81c-7538ea3a817e/resourcegroups/tmsprod,KioSoft Globalazure  Subscription,6276588a-9234-41ee-a81c-7538ea3a817e,tmsprod-web02,/subscriptions/6276588a-9234-41ee-a81c-7538ea3a817e/resourcegroups/tmsprod/providers/microsoft.compute/virtualmachines/tmsprod-web02,Virtual machine,US East,"[""\""environment\"":\""production\"""",""\""publisher\"":\""debian\"""",""\""product\"":\""tms - web02\""""]",17.01046278,17.01046278,USD
tmsprod,/subscriptions/6276588a-9234-41ee-a81c-7538ea3a817e/resourcegroups/tmsprod,KioSoft Globalazure  Subscription,6276588a-9234-41ee-a81c-7538ea3a817e,tmsprod-lb01,/subscriptions/6276588a-9234-41ee-a81c-7538ea3a817e/resourcegroups/tmsprod/providers/microsoft.compute/virtualmachines/tmsprod-lb01,Virtual machine,"US East, Intercontinental","[""\""environment\"":\""production\"""",""\""product\"":\""tms - lb01\"""",""\""publisher\"":\""debian\""""]",16.59444993,16.59444993,USD
tmsprod,/subscriptions/6276588a-9234-41ee-a81c-7538ea3a817e/resourcegroups/tmsprod,KioSoft Globalazure  Subscription,6276588a-9234-41ee-a81c-7538ea3a817e,tmsprod-tms01,/subscriptions/6276588a-9234-41ee-a81c-7538ea3a817e/resourcegroups/tmsprod/providers/microsoft.compute/virtualmachines/tmsprod-tms01,Virtual machine,"US East, Intercontinental","[""\""environment\"":\""production\"""",""\""publisher\"":\""debian\"""",""\""product\"":\""tms - tms01\""""]",16.46346078,16.46346078,USD
tmsprod,/subscriptions/6276588a-9234-41ee-a81c-7538ea3a817e/resourcegroups/tmsprod,KioSoft Globalazure  Subscription,6276588a-9234-41ee-a81c-7538ea3a817e,tmsprod-tms02,/subscriptions/6276588a-9234-41ee-a81c-7538ea3a817e/resourcegroups/tmsprod/providers/microsoft.compute/virtualmachines/tmsprod-tms02,Virtual machine,US East,"[""\""environment\"":\""production\"""",""\""publisher\"":\""debian\"""",""\""product\"":\""tms - tms02\""""]",15.91682577,15.91682577,USD
tmsprod,/subscriptions/6276588a-9234-41ee-a81c-7538ea3a817e/resourcegroups/tmsprod,KioSoft Globalazure  Subscription,6276588a-9234-41ee-a81c-7538ea3a817e,vm133-prod-csc-tms,/subscriptions/6276588a-9234-41ee-a81c-7538ea3a817e/resourcegroups/tmsprod/providers/microsoft.compute/virtualmachines/vm133-prod-csc-tms,Virtual machine,"US East, Intercontinental","[""\""environment\"":\""production\"""",""\""product\"":\""prod-csc-tms\"""",""\""publisher\"":\""debian\""""]",15.70030284,15.70030284,USD
tmsprod,/subscriptions/6276588a-9234-41ee-a81c-7538ea3a817e/resourcegroups/tmsprod,KioSoft Globalazure  Subscription,6276588a-9234-41ee-a81c-7538ea3a817e,tmsprod-oldtms1,/subscriptions/6276588a-9234-41ee-a81c-7538ea3a817e/resourcegroups/tmsprod/providers/microsoft.compute/virtualmachines/tmsprod-oldtms1,Virtual machine,US Central,"[""\""environment\"":\""production\"""",""\""publisher\"":\""debian\"""",""\""product\"":\""tms - oldtms1\""""]",14.87643581,14.87643581,USD
tmsprod,/subscriptions/6276588a-9234-41ee-a81c-7538ea3a817e/resourcegroups/tmsprod,KioSoft Globalazure  Subscription,6276588a-9234-41ee-a81c-7538ea3a817e,tmsprod-db01,/subscriptions/6276588a-9234-41ee-a81c-7538ea3a817e/resourcegroups/tmsprod/providers/microsoft.compute/virtualmachines/tmsprod-db01,Virtual machine,US East,"[""\""environment\"":\""production\"""",""\""product\"":\""tms - db01\"""",""\""publisher\"":\""debian\""""]",14.86798964,14.86798964,USD
tmsprod,/subscriptions/6276588a-9234-41ee-a81c-7538ea3a817e/resourcegroups/tmsprod,KioSoft Globalazure  Subscription,6276588a-9234-41ee-a81c-7538ea3a817e,tmsprod-tms02_osdisk_1_fd21183cca6a4e3a9bf1fa8ff86b3974,/subscriptions/6276588a-9234-41ee-a81c-7538ea3a817e/resourcegroups/tmsprod/providers/microsoft.compute/disks/tmsprod-tms02_osdisk_1_fd21183cca6a4e3a9bf1fa8ff86b3974,Disk,US East,[],10.44135868,10.44135868,USD
tmsprod,/subscriptions/6276588a-9234-41ee-a81c-7538ea3a817e/resourcegroups/tmsprod,KioSoft Globalazure  Subscription,6276588a-9234-41ee-a81c-7538ea3a817e,tmsprod-tms01_osdisk_1_864e1344192f412ab26319ff668672d4,/subscriptions/6276588a-9234-41ee-a81c-7538ea3a817e/resourcegroups/tmsprod/providers/microsoft.compute/disks/tmsprod-tms01_osdisk_1_864e1344192f412ab26319ff668672d4,Disk,US East,[],10.42716131,10.42716131,USD
tmsprod,/subscriptions/6276588a-9234-41ee-a81c-7538ea3a817e/resourcegroups/tmsprod,KioSoft Globalazure  Subscription,6276588a-9234-41ee-a81c-7538ea3a817e,tmsprod-lb01_osdisk_1_41aeade537234520b8d6a326e96775c0,/subscriptions/6276588a-9234-41ee-a81c-7538ea3a817e/resourcegroups/tmsprod/providers/microsoft.compute/disks/tmsprod-lb01_osdisk_1_41aeade537234520b8d6a326e96775c0,Disk,US East,[],5.399191388,5.399191388,USD
tmsprod,/subscriptions/6276588a-9234-41ee-a81c-7538ea3a817e/resourcegroups/tmsprod,KioSoft Globalazure  Subscription,6276588a-9234-41ee-a81c-7538ea3a817e,tmsprod-oldtms1_osdisk_1_5a3bb962407e4018a18c5746fe3f700c,/subscriptions/6276588a-9234-41ee-a81c-7538ea3a817e/resourcegroups/tmsprod/providers/microsoft.compute/disks/tmsprod-oldtms1_osdisk_1_5a3bb962407e4018a18c5746fe3f700c,Disk,US Central,[],5.390695697,5.390695697,USD
tmsprod,/subscriptions/6276588a-9234-41ee-a81c-7538ea3a817e/resourcegroups/tmsprod,KioSoft Globalazure  Subscription,6276588a-9234-41ee-a81c-7538ea3a817e,pip165-vm133-prod-csc-tms,/subscriptions/6276588a-9234-41ee-a81c-7538ea3a817e/resourcegroups/tmsprod/providers/microsoft.network/publicipaddresses/pip165-vm133-prod-csc-tms,Public IP address,US East,[],3.720198896,3.720198896,USD
tmsprod,/subscriptions/6276588a-9234-41ee-a81c-7538ea3a817e/resourcegroups/tmsprod,KioSoft Globalazure  Subscription,6276588a-9234-41ee-a81c-7538ea3a817e,tmsproddb01ip166,/subscriptions/6276588a-9234-41ee-a81c-7538ea3a817e/resourcegroups/tmsprod/providers/microsoft.network/publicipaddresses/tmsproddb01ip166,Public IP address,US East,[],3.720198896,3.720198896,USD
tmsprod,/subscriptions/6276588a-9234-41ee-a81c-7538ea3a817e/resourcegroups/tmsprod,KioSoft Globalazure  Subscription,6276588a-9234-41ee-a81c-7538ea3a817e,tmsprodlb01ip334,/subscriptions/6276588a-9234-41ee-a81c-7538ea3a817e/resourcegroups/tmsprod/providers/microsoft.network/publicipaddresses/tmsprodlb01ip334,Public IP address,US East,[],3.720198896,3.720198896,USD
tmsprod,/subscriptions/6276588a-9234-41ee-a81c-7538ea3a817e/resourcegroups/tmsprod,KioSoft Globalazure  Subscription,6276588a-9234-41ee-a81c-7538ea3a817e,tmsprodtms01ip181,/subscriptions/6276588a-9234-41ee-a81c-7538ea3a817e/resourcegroups/tmsprod/providers/microsoft.network/publicipaddresses/tmsprodtms01ip181,Public IP address,US East,[],3.720198896,3.720198896,USD
tmsprod,/subscriptions/6276588a-9234-41ee-a81c-7538ea3a817e/resourcegroups/tmsprod,KioSoft Globalazure  Subscription,6276588a-9234-41ee-a81c-7538ea3a817e,tmsprodtms02ip372,/subscriptions/6276588a-9234-41ee-a81c-7538ea3a817e/resourcegroups/tmsprod/providers/microsoft.network/publicipaddresses/tmsprodtms02ip372,Public IP address,US East,[],3.720198896,3.720198896,USD
tmsprod,/subscriptions/6276588a-9234-41ee-a81c-7538ea3a817e/resourcegroups/tmsprod,KioSoft Globalazure  Subscription,6276588a-9234-41ee-a81c-7538ea3a817e,tmsprodtms03ip741,/subscriptions/6276588a-9234-41ee-a81c-7538ea3a817e/resourcegroups/tmsprod/providers/microsoft.network/publicipaddresses/tmsprodtms03ip741,Public IP address,US East,[],3.720198896,3.720198896,USD
tmsprod,/subscriptions/6276588a-9234-41ee-a81c-7538ea3a817e/resourcegroups/tmsprod,KioSoft Globalazure  Subscription,6276588a-9234-41ee-a81c-7538ea3a817e,tmsprodweb01ip798,/subscriptions/6276588a-9234-41ee-a81c-7538ea3a817e/resourcegroups/tmsprod/providers/microsoft.network/publicipaddresses/tmsprodweb01ip798,Public IP address,US East,[],3.720198896,3.720198896,USD
tmsprod,/subscriptions/6276588a-9234-41ee-a81c-7538ea3a817e/resourcegroups/tmsprod,KioSoft Globalazure  Subscription,6276588a-9234-41ee-a81c-7538ea3a817e,tmsprodweb02ip534,/subscriptions/6276588a-9234-41ee-a81c-7538ea3a817e/resourcegroups/tmsprod/providers/microsoft.network/publicipaddresses/tmsprodweb02ip534,Public IP address,US East,[],3.720198896,3.720198896,USD
tmsprod,/subscriptions/6276588a-9234-41ee-a81c-7538ea3a817e/resourcegroups/tmsprod,KioSoft Globalazure  Subscription,6276588a-9234-41ee-a81c-7538ea3a817e,myreservedip,/subscriptions/6276588a-9234-41ee-a81c-7538ea3a817e/resourcegroups/tmsprod/providers/microsoft.network/publicipaddresses/myreservedip,Public IP address,US Central,[],3.715191862,3.715191862,USD
tmsprod,/subscriptions/6276588a-9234-41ee-a81c-7538ea3a817e/resourcegroups/tmsprod,KioSoft Globalazure  Subscription,6276588a-9234-41ee-a81c-7538ea3a817e,high cpu usage-tmsprod-db01,/subscriptions/6276588a-9234-41ee-a81c-7538ea3a817e/resourcegroups/tmsprod/providers/microsoft.insights/metricalerts/high cpu usage-tmsprod-db01,microsoft.insights/metricalerts,Unknown,[],0.095838135,0.095838135,USD
tmsprod,/subscriptions/6276588a-9234-41ee-a81c-7538ea3a817e/resourcegroups/tmsprod,KioSoft Globalazure  Subscription,6276588a-9234-41ee-a81c-7538ea3a817e,high cpu usage-tmsprod-lb01,/subscriptions/6276588a-9234-41ee-a81c-7538ea3a817e/resourcegroups/tmsprod/providers/microsoft.insights/metricalerts/high cpu usage-tmsprod-lb01,microsoft.insights/metricalerts,Unknown,[],0.095838135,0.095838135,USD
tmsprod,/subscriptions/6276588a-9234-41ee-a81c-7538ea3a817e/resourcegroups/tmsprod,KioSoft Globalazure  Subscription,6276588a-9234-41ee-a81c-7538ea3a817e,high cpu usage-tmsprod-oldtms1,/subscriptions/6276588a-9234-41ee-a81c-7538ea3a817e/resourcegroups/tmsprod/providers/microsoft.insights/metricalerts/high cpu usage-tmsprod-oldtms1,microsoft.insights/metricalerts,Unknown,[],0.095838135,0.095838135,USD
tmsprod,/subscriptions/6276588a-9234-41ee-a81c-7538ea3a817e/resourcegroups/tmsprod,KioSoft Globalazure  Subscription,6276588a-9234-41ee-a81c-7538ea3a817e,high cpu usage-tmsprod-tms01,/subscriptions/6276588a-9234-41ee-a81c-7538ea3a817e/resourcegroups/tmsprod/providers/microsoft.insights/metricalerts/high cpu usage-tmsprod-tms01,microsoft.insights/metricalerts,Unknown,[],0.095838135,0.095838135,USD
tmsprod,/subscriptions/6276588a-9234-41ee-a81c-7538ea3a817e/resourcegroups/tmsprod,KioSoft Globalazure  Subscription,6276588a-9234-41ee-a81c-7538ea3a817e,high cpu usage-tmsprod-tms02,/subscriptions/6276588a-9234-41ee-a81c-7538ea3a817e/resourcegroups/tmsprod/providers/microsoft.insights/metricalerts/high cpu usage-tmsprod-tms02,microsoft.insights/metricalerts,Unknown,[],0.095838135,0.095838135,USD
tmsprod,/subscriptions/6276588a-9234-41ee-a81c-7538ea3a817e/resourcegroups/tmsprod,KioSoft Globalazure  Subscription,6276588a-9234-41ee-a81c-7538ea3a817e,high cpu usage-tmsprod-tms03,/subscriptions/6276588a-9234-41ee-a81c-7538ea3a817e/resourcegroups/tmsprod/providers/microsoft.insights/metricalerts/high cpu usage-tmsprod-tms03,microsoft.insights/metricalerts,Unknown,[],0.095838135,0.095838135,USD
tmsprod,/subscriptions/6276588a-9234-41ee-a81c-7538ea3a817e/resourcegroups/tmsprod,KioSoft Globalazure  Subscription,6276588a-9234-41ee-a81c-7538ea3a817e,high cpu usage-tmsprod-web01,/subscriptions/6276588a-9234-41ee-a81c-7538ea3a817e/resourcegroups/tmsprod/providers/microsoft.insights/metricalerts/high cpu usage-tmsprod-web01,microsoft.insights/metricalerts,Unknown,[],0.095838135,0.095838135,USD
tmsprod,/subscriptions/6276588a-9234-41ee-a81c-7538ea3a817e/resourcegroups/tmsprod,KioSoft Globalazure  Subscription,6276588a-9234-41ee-a81c-7538ea3a817e,high cpu usage-tmsprod-web02,/subscriptions/6276588a-9234-41ee-a81c-7538ea3a817e/resourcegroups/tmsprod/providers/microsoft.insights/metricalerts/high cpu usage-tmsprod-web02,microsoft.insights/metricalerts,Unknown,[],0.095838135,0.095838135,USD
tmsprod,/subscriptions/6276588a-9234-41ee-a81c-7538ea3a817e/resourcegroups/tmsprod,KioSoft Globalazure  Subscription,6276588a-9234-41ee-a81c-7538ea3a817e,high mem usage-tmsprod-db01,/subscriptions/6276588a-9234-41ee-a81c-7538ea3a817e/resourcegroups/tmsprod/providers/microsoft.insights/metricalerts/high mem usage-tmsprod-db01,microsoft.insights/metricalerts,Unknown,[],0.095838135,0.095838135,USD
tmsprod,/subscriptions/6276588a-9234-41ee-a81c-7538ea3a817e/resourcegroups/tmsprod,KioSoft Globalazure  Subscription,6276588a-9234-41ee-a81c-7538ea3a817e,high mem usage-tmsprod-lb01,/subscriptions/6276588a-9234-41ee-a81c-7538ea3a817e/resourcegroups/tmsprod/providers/microsoft.insights/metricalerts/high mem usage-tmsprod-lb01,microsoft.insights/metricalerts,Unknown,[],0.095838135,0.095838135,USD
tmsprod,/subscriptions/6276588a-9234-41ee-a81c-7538ea3a817e/resourcegroups/tmsprod,KioSoft Globalazure  Subscription,6276588a-9234-41ee-a81c-7538ea3a817e,high mem usage-tmsprod-oldtms1,/subscriptions/6276588a-9234-41ee-a81c-7538ea3a817e/resourcegroups/tmsprod/providers/microsoft.insights/metricalerts/high mem usage-tmsprod-oldtms1,microsoft.insights/metricalerts,Unknown,[],0.095838135,0.095838135,USD
tmsprod,/subscriptions/6276588a-9234-41ee-a81c-7538ea3a817e/resourcegroups/tmsprod,KioSoft Globalazure  Subscription,6276588a-9234-41ee-a81c-7538ea3a817e,high mem usage-tmsprod-tms02,/subscriptions/6276588a-9234-41ee-a81c-7538ea3a817e/resourcegroups/tmsprod/providers/microsoft.insights/metricalerts/high mem usage-tmsprod-tms02,microsoft.insights/metricalerts,Unknown,[],0.095838135,0.095838135,USD
tmsprod,/subscriptions/6276588a-9234-41ee-a81c-7538ea3a817e/resourcegroups/tmsprod,KioSoft Globalazure  Subscription,6276588a-9234-41ee-a81c-7538ea3a817e,high mem usage-tmsprod-tms03,/subscriptions/6276588a-9234-41ee-a81c-7538ea3a817e/resourcegroups/tmsprod/providers/microsoft.insights/metricalerts/high mem usage-tmsprod-tms03,microsoft.insights/metricalerts,Unknown,[],0.095838135,0.095838135,USD
tmsprod,/subscriptions/6276588a-9234-41ee-a81c-7538ea3a817e/resourcegroups/tmsprod,KioSoft Globalazure  Subscription,6276588a-9234-41ee-a81c-7538ea3a817e,high mem usage-tmsprod-web01,/subscriptions/6276588a-9234-41ee-a81c-7538ea3a817e/resourcegroups/tmsprod/providers/microsoft.insights/metricalerts/high mem usage-tmsprod-web01,microsoft.insights/metricalerts,Unknown,[],0.095838135,0.095838135,USD
tmsprod,/subscriptions/6276588a-9234-41ee-a81c-7538ea3a817e/resourcegroups/tmsprod,KioSoft Globalazure  Subscription,6276588a-9234-41ee-a81c-7538ea3a817e,high mem usage-tmsprod-web02,/subscriptions/6276588a-9234-41ee-a81c-7538ea3a817e/resourcegroups/tmsprod/providers/microsoft.insights/metricalerts/high mem usage-tmsprod-web02,microsoft.insights/metricalerts,Unknown,[],0.095838135,0.095838135,USD
tmsprod,/subscriptions/6276588a-9234-41ee-a81c-7538ea3a817e/resourcegroups/tmsprod,KioSoft Globalazure  Subscription,6276588a-9234-41ee-a81c-7538ea3a817e,high mem usage-tms01,/subscriptions/6276588a-9234-41ee-a81c-7538ea3a817e/resourcegroups/tmsprod/providers/microsoft.insights/metricalerts/high mem usage-tms01,microsoft.insights/metricalerts,Unknown,[],0.09583721,0.09583721,USD
kiosoft-test,/subscriptions/6276588a-9234-41ee-a81c-7538ea3a817e/resourcegroups/kiosoft-test,KioSoft Globalazure  Subscription,6276588a-9234-41ee-a81c-7538ea3a817e,mysql05-test-retail,/subscriptions/6276588a-9234-41ee-a81c-7538ea3a817e/resourcegroups/kiosoft-test/providers/microsoft.dbformysql/flexibleservers/mysql05-test-retail,Azure Database for MySQL flexible server,US East,"[""\""environment\"":\""test\"""",""\""db-size\"":\""general purpose, d2ads_v5, 2 vcores, 8 gib ram, 1723 gib storage, 3200 iops\"""",""\""db-usage\"":\""retail \"""",""\""db-size\"":\""general purpose, d2ads_v5, 2 vcores, 8 gib ram, 1563 gib storage, 3200 iops\""""]",613.0783544,613.0783544,USD
kiosoft-test,/subscriptions/6276588a-9234-41ee-a81c-7538ea3a817e/resourcegroups/kiosoft-test,KioSoft Globalazure  Subscription,6276588a-9234-41ee-a81c-7538ea3a817e,multiwbdisks351,/subscriptions/6276588a-9234-41ee-a81c-7538ea3a817e/resourcegroups/kiosoft-test/providers/microsoft.storage/storageaccounts/multiwbdisks351,Storage account,US East,"[""\""ms-resource-usage\"":\""azure-cloud-shell\""""]",157.3172825,157.3172825,USD
kiosoft-test,/subscriptions/6276588a-9234-41ee-a81c-7538ea3a817e/resourcegroups/kiosoft-test,KioSoft Globalazure  Subscription,6276588a-9234-41ee-a81c-7538ea3a817e,redis01-test-universal,/subscriptions/6276588a-9234-41ee-a81c-7538ea3a817e/resourcegroups/kiosoft-test/providers/microsoft.cache/redis/redis01-test-universal,Redis cache,US East,[],102.6717538,102.6717538,USD
kiosoft-test,/subscriptions/6276588a-9234-41ee-a81c-7538ea3a817e/resourcegroups/kiosoft-test,KioSoft Globalazure  Subscription,6276588a-9234-41ee-a81c-7538ea3a817e,waftestvm_osdisk_1_ed8e841fc1ad41f4a04deba3d34d2175-eastus,/subscriptions/6276588a-9234-41ee-a81c-7538ea3a817e/resourcegroups/kiosoft-test/providers/microsoft.compute/disks/waftestvm_osdisk_1_ed8e841fc1ad41f4a04deba3d34d2175-eastus,Disk,US East,[],39.5002046,39.5002046,USD
kiosoft-test,/subscriptions/6276588a-9234-41ee-a81c-7538ea3a817e/resourcegroups/kiosoft-test,KioSoft Globalazure  Subscription,6276588a-9234-41ee-a81c-7538ea3a817e,mysqldisk,/subscriptions/6276588a-9234-41ee-a81c-7538ea3a817e/resourcegroups/kiosoft-test/providers/microsoft.compute/disks/mysqldisk,Disk,US East,[],34.99463113,34.99463113,USD
kiosoft-test,/subscriptions/6276588a-9234-41ee-a81c-7538ea3a817e/resourcegroups/kiosoft-test,KioSoft Globalazure  Subscription,6276588a-9234-41ee-a81c-7538ea3a817e,kiosoft-retail_osdisk_1_adc389b617aa4712a7d0b2ec7c2355bb,/subscriptions/6276588a-9234-41ee-a81c-7538ea3a817e/resourcegroups/kiosoft-test/providers/microsoft.compute/disks/kiosoft-retail_osdisk_1_adc389b617aa4712a7d0b2ec7c2355bb,Disk,US East,[],25.32950686,25.32950686,USD
kiosoft-test,/subscriptions/6276588a-9234-41ee-a81c-7538ea3a817e/resourcegroups/kiosoft-test,KioSoft Globalazure  Subscription,6276588a-9234-41ee-a81c-7538ea3a817e,kiosoft-coffee,/subscriptions/6276588a-9234-41ee-a81c-7538ea3a817e/resourcegroups/kiosoft-test/providers/microsoft.compute/virtualmachines/kiosoft-coffee,Virtual machine,"US East, Intercontinental","[""\""environment\"":\""dev/qa/uat/demo\"""",""\""squad\"":\""flash\"""",""\""publisher\"":\""openlogic\"""",""\""product\"":\""test - coffee\""""]",23.23640488,23.23640488,USD
kiosoft-test,/subscriptions/6276588a-9234-41ee-a81c-7538ea3a817e/resourcegroups/kiosoft-test,KioSoft Globalazure  Subscription,6276588a-9234-41ee-a81c-7538ea3a817e,kiosoft-qa,/subscriptions/6276588a-9234-41ee-a81c-7538ea3a817e/resourcegroups/kiosoft-test/providers/microsoft.compute/virtualmachines/kiosoft-qa,Virtual machine,"US East, Intercontinental","[""\""environment\"":\""dev/qa/uat/demo\"""",""\""squad\"":\""phoenix \"""",""\""publisher\"":\""openlogic\"""",""\""product\"":\""test - pheonix - route/central server\""""]",22.9972716,22.9972716,USD
kiosoft-test,/subscriptions/6276588a-9234-41ee-a81c-7538ea3a817e/resourcegroups/kiosoft-test,KioSoft Globalazure  Subscription,6276588a-9234-41ee-a81c-7538ea3a817e,kiosoft-coffee_osdisk_1_94c152ad643f4e68aaa3377d986ab30b,/subscriptions/6276588a-9234-41ee-a81c-7538ea3a817e/resourcegroups/kiosoft-test/providers/microsoft.compute/disks/kiosoft-coffee_osdisk_1_94c152ad643f4e68aaa3377d986ab30b,Disk,US East,[],21.40884171,21.40884171,USD
kiosoft-test,/subscriptions/6276588a-9234-41ee-a81c-7538ea3a817e/resourcegroups/kiosoft-test,KioSoft Globalazure  Subscription,6276588a-9234-41ee-a81c-7538ea3a817e,kiosoft-retail,/subscriptions/6276588a-9234-41ee-a81c-7538ea3a817e/resourcegroups/kiosoft-test/providers/microsoft.compute/virtualmachines/kiosoft-retail,Virtual machine,"US East, Intercontinental","[""\""environment\"":\""dev/qa/uat/demo\"""",""\""product\"":\""test - pheonix - retail\"""",""\""squad\"":\""phoenix \"""",""\""publisher\"":\""openlogic\""""]",21.39268467,21.39268467,USD
kiosoft-test,/subscriptions/6276588a-9234-41ee-a81c-7538ea3a817e/resourcegroups/kiosoft-test,KioSoft Globalazure  Subscription,6276588a-9234-41ee-a81c-7538ea3a817e,kiosoft-qa_osdisk_1_42450e75abf84b01a7d55bfcf9727908,/subscriptions/6276588a-9234-41ee-a81c-7538ea3a817e/resourcegroups/kiosoft-test/providers/microsoft.compute/disks/kiosoft-qa_osdisk_1_42450e75abf84b01a7d55bfcf9727908,Disk,US East,[],21.03028025,21.03028025,USD
kiosoft-test,/subscriptions/6276588a-9234-41ee-a81c-7538ea3a817e/resourcegroups/kiosoft-test,KioSoft Globalazure  Subscription,6276588a-9234-41ee-a81c-7538ea3a817e,dev,/subscriptions/6276588a-9234-41ee-a81c-7538ea3a817e/resourcegroups/kiosoft-test/providers/microsoft.compute/virtualmachines/dev,Virtual machine,"US East, Intercontinental","[""\""environment\"":\""dev/qa/uat/stage\"""",""\""squad\"":\""universal\"""",""\""publisher\"":\""microsoftwindowsserver\"""",""\""product\"":\""test - ims/crm/rma\""""]",20.88348346,20.88348346,USD
kiosoft-test,/subscriptions/6276588a-9234-41ee-a81c-7538ea3a817e/resourcegroups/kiosoft-test,KioSoft Globalazure  Subscription,6276588a-9234-41ee-a81c-7538ea3a817e,dev-osdisk-20221213-085144,/subscriptions/6276588a-9234-41ee-a81c-7538ea3a817e/resourcegroups/kiosoft-test/providers/microsoft.compute/disks/dev-osdisk-20221213-085144,Disk,US East,"[""\""rsvaultbackup\"":\""4b1e4f0e-c561-4619-9da4-ab767d75125f\""""]",20.84703714,20.84703714,USD
kiosoft-test,/subscriptions/6276588a-9234-41ee-a81c-7538ea3a817e/resourcegroups/kiosoft-test,KioSoft Globalazure  Subscription,6276588a-9234-41ee-a81c-7538ea3a817e,wb,/subscriptions/6276588a-9234-41ee-a81c-7538ea3a817e/resourcegroups/kiosoft-test/providers/microsoft.compute/virtualmachines/wb,Virtual machine,"US East, Intercontinental","[""\""environment\"":\""dev/qa/uat/demo/stage\"""",""\""product\"":\""test - dms/international route\"""",""\""squad\"":\""universal\"""",""\""publisher\"":\""microsoftwindowsserver\""""]",20.82876659,20.82876659,USD
kiosoft-test,/subscriptions/6276588a-9234-41ee-a81c-7538ea3a817e/resourcegroups/kiosoft-test,KioSoft Globalazure  Subscription,6276588a-9234-41ee-a81c-7538ea3a817e,kiosoft-international-new_osdisk_1_b2a9c88909b44f0f9457f48e9c508178,/subscriptions/6276588a-9234-41ee-a81c-7538ea3a817e/resourcegroups/kiosoft-test/providers/microsoft.compute/disks/kiosoft-international-new_osdisk_1_b2a9c88909b44f0f9457f48e9c508178,Disk,US East,[],20.63097944,20.63097944,USD
kiosoft-test,/subscriptions/6276588a-9234-41ee-a81c-7538ea3a817e/resourcegroups/kiosoft-test,KioSoft Globalazure  Subscription,6276588a-9234-41ee-a81c-7538ea3a817e,kiosoft-international-new,/subscriptions/6276588a-9234-41ee-a81c-7538ea3a817e/resourcegroups/kiosoft-test/providers/microsoft.compute/virtualmachines/kiosoft-international-new,Virtual machine,"US East, Intercontinental","[""\""environment\"":\""dev/qa/uat/demo\"""",""\""squad\"":\""international\"""",""\""publisher\"":\""cognosys\"""",""\""product\"":\""test - international retail\""""]",14.93252636,14.93252636,USD
kiosoft-test,/subscriptions/6276588a-9234-41ee-a81c-7538ea3a817e/resourcegroups/kiosoft-test,KioSoft Globalazure  Subscription,6276588a-9234-41ee-a81c-7538ea3a817e,dev-ip,/subscriptions/6276588a-9234-41ee-a81c-7538ea3a817e/resourcegroups/kiosoft-test/providers/microsoft.network/publicipaddresses/dev-ip,Public IP address,US East,[],3.720198896,3.720198896,USD
kiosoft-test,/subscriptions/6276588a-9234-41ee-a81c-7538ea3a817e/resourcegroups/kiosoft-test,KioSoft Globalazure  Subscription,6276588a-9234-41ee-a81c-7538ea3a817e,kiosoft-coffee-ip,/subscriptions/6276588a-9234-41ee-a81c-7538ea3a817e/resourcegroups/kiosoft-test/providers/microsoft.network/publicipaddresses/kiosoft-coffee-ip,Public IP address,US East,[],3.720198896,3.720198896,USD
kiosoft-test,/subscriptions/6276588a-9234-41ee-a81c-7538ea3a817e/resourcegroups/kiosoft-test,KioSoft Globalazure  Subscription,6276588a-9234-41ee-a81c-7538ea3a817e,kiosoft-international-new-ip,/subscriptions/6276588a-9234-41ee-a81c-7538ea3a817e/resourcegroups/kiosoft-test/providers/microsoft.network/publicipaddresses/kiosoft-international-new-ip,Public IP address,US East,[],3.720198896,3.720198896,USD
kiosoft-test,/subscriptions/6276588a-9234-41ee-a81c-7538ea3a817e/resourcegroups/kiosoft-test,KioSoft Globalazure  Subscription,6276588a-9234-41ee-a81c-7538ea3a817e,kiosoft-qa-public-ip,/subscriptions/6276588a-9234-41ee-a81c-7538ea3a817e/resourcegroups/kiosoft-test/providers/microsoft.network/publicipaddresses/kiosoft-qa-public-ip,Public IP address,US East,[],3.720198896,3.720198896,USD
kiosoft-test,/subscriptions/6276588a-9234-41ee-a81c-7538ea3a817e/resourcegroups/kiosoft-test,KioSoft Globalazure  Subscription,6276588a-9234-41ee-a81c-7538ea3a817e,kiosoft-retail-ip,/subscriptions/6276588a-9234-41ee-a81c-7538ea3a817e/resourcegroups/kiosoft-test/providers/microsoft.network/publicipaddresses/kiosoft-retail-ip,Public IP address,US East,[],3.720198896,3.720198896,USD
kiosoft-test,/subscriptions/6276588a-9234-41ee-a81c-7538ea3a817e/resourcegroups/kiosoft-test,KioSoft Globalazure  Subscription,6276588a-9234-41ee-a81c-7538ea3a817e,wb-ip,/subscriptions/6276588a-9234-41ee-a81c-7538ea3a817e/resourcegroups/kiosoft-test/providers/microsoft.network/publicipaddresses/wb-ip,Public IP address,US East,[],3.720198896,3.720198896,USD
kiosoft-test,/subscriptions/6276588a-9234-41ee-a81c-7538ea3a817e/resourcegroups/kiosoft-test,KioSoft Globalazure  Subscription,6276588a-9234-41ee-a81c-7538ea3a817e,alert_htest01,/subscriptions/6276588a-9234-41ee-a81c-7538ea3a817e/resourcegroups/kiosoft-test/providers/microsoft.insights/metricalerts/alert_htest01,microsoft.insights/metricalerts,Unknown,[],0.095838135,0.095838135,USD
kiosoft-test,/subscriptions/6276588a-9234-41ee-a81c-7538ea3a817e/resourcegroups/kiosoft-test,KioSoft Globalazure  Subscription,6276588a-9234-41ee-a81c-7538ea3a817e,db-cpu-high,/subscriptions/6276588a-9234-41ee-a81c-7538ea3a817e/resourcegroups/kiosoft-test/providers/microsoft.insights/metricalerts/db-cpu-high,microsoft.insights/metricalerts,Unknown,[],0.095838135,0.095838135,USD
kiosoft-test,/subscriptions/6276588a-9234-41ee-a81c-7538ea3a817e/resourcegroups/kiosoft-test,KioSoft Globalazure  Subscription,6276588a-9234-41ee-a81c-7538ea3a817e,high cpu usage- mysql06-test-retail-slave,/subscriptions/6276588a-9234-41ee-a81c-7538ea3a817e/resourcegroups/kiosoft-test/providers/microsoft.insights/metricalerts/high cpu usage- mysql06-test-retail-slave,microsoft.insights/metricalerts,Unknown,[],0.095838135,0.095838135,USD
kiosoft-test,/subscriptions/6276588a-9234-41ee-a81c-7538ea3a817e/resourcegroups/kiosoft-test,KioSoft Globalazure  Subscription,6276588a-9234-41ee-a81c-7538ea3a817e,high cpu usage-azure-retailstage,/subscriptions/6276588a-9234-41ee-a81c-7538ea3a817e/resourcegroups/kiosoft-test/providers/microsoft.insights/metricalerts/high cpu usage-azure-retailstage,microsoft.insights/metricalerts,Unknown,[],0.095838135,0.095838135,USD
kiosoft-test,/subscriptions/6276588a-9234-41ee-a81c-7538ea3a817e/resourcegroups/kiosoft-test,KioSoft Globalazure  Subscription,6276588a-9234-41ee-a81c-7538ea3a817e,high cpu usage-mysql05-test-retail,/subscriptions/6276588a-9234-41ee-a81c-7538ea3a817e/resourcegroups/kiosoft-test/providers/microsoft.insights/metricalerts/high cpu usage-mysql05-test-retail,microsoft.insights/metricalerts,Unknown,[],0.095838135,0.095838135,USD
kiosoft-test,/subscriptions/6276588a-9234-41ee-a81c-7538ea3a817e/resourcegroups/kiosoft-test,KioSoft Globalazure  Subscription,6276588a-9234-41ee-a81c-7538ea3a817e,high memory usage-azure-retailstage,/subscriptions/6276588a-9234-41ee-a81c-7538ea3a817e/resourcegroups/kiosoft-test/providers/microsoft.insights/metricalerts/high memory usage-azure-retailstage,microsoft.insights/metricalerts,Unknown,[],0.095838135,0.095838135,USD
kiosoft-test,/subscriptions/6276588a-9234-41ee-a81c-7538ea3a817e/resourcegroups/kiosoft-test,KioSoft Globalazure  Subscription,6276588a-9234-41ee-a81c-7538ea3a817e,high memory usage-mysql05-test-retail,/subscriptions/6276588a-9234-41ee-a81c-7538ea3a817e/resourcegroups/kiosoft-test/providers/microsoft.insights/metricalerts/high memory usage-mysql05-test-retail,microsoft.insights/metricalerts,Unknown,[],0.095838135,0.095838135,USD
kiosoft-test,/subscriptions/6276588a-9234-41ee-a81c-7538ea3a817e/resourcegroups/kiosoft-test,KioSoft Globalazure  Subscription,6276588a-9234-41ee-a81c-7538ea3a817e,high memory usage-mysql06-test-retail-slave,/subscriptions/6276588a-9234-41ee-a81c-7538ea3a817e/resourcegroups/kiosoft-test/providers/microsoft.insights/metricalerts/high memory usage-mysql06-test-retail-slave,microsoft.insights/metricalerts,Unknown,[],0.095838135,0.095838135,USD
kiosoft-test,/subscriptions/6276588a-9234-41ee-a81c-7538ea3a817e/resourcegroups/kiosoft-test,KioSoft Globalazure  Subscription,6276588a-9234-41ee-a81c-7538ea3a817e,high storage usage-mysql05-test-retail,/subscriptions/6276588a-9234-41ee-a81c-7538ea3a817e/resourcegroups/kiosoft-test/providers/microsoft.insights/metricalerts/high storage usage-mysql05-test-retail,microsoft.insights/metricalerts,Unknown,[],0.095838135,0.095838135,USD
kiosoft-test,/subscriptions/6276588a-9234-41ee-a81c-7538ea3a817e/resourcegroups/kiosoft-test,KioSoft Globalazure  Subscription,6276588a-9234-41ee-a81c-7538ea3a817e,high storage usage-mysql06-test-retail-slave,/subscriptions/6276588a-9234-41ee-a81c-7538ea3a817e/resourcegroups/kiosoft-test/providers/microsoft.insights/metricalerts/high storage usage-mysql06-test-retail-slave,microsoft.insights/metricalerts,Unknown,[],0.095838135,0.095838135,USD
kiosoft-test,/subscriptions/6276588a-9234-41ee-a81c-7538ea3a817e/resourcegroups/kiosoft-test,KioSoft Globalazure  Subscription,6276588a-9234-41ee-a81c-7538ea3a817e,high storage usage-azure-retailstage,/subscriptions/6276588a-9234-41ee-a81c-7538ea3a817e/resourcegroups/kiosoft-test/providers/microsoft.insights/metricalerts/high storage usage-azure-retailstage,microsoft.insights/metricalerts,Unknown,[],0.09583721,0.09583721,USD
kiosoft-test,/subscriptions/6276588a-9234-41ee-a81c-7538ea3a817e/resourcegroups/kiosoft-test,KioSoft Globalazure  Subscription,6276588a-9234-41ee-a81c-7538ea3a817e,critical-mysql offline-mysql05-test-retail,/subscriptions/6276588a-9234-41ee-a81c-7538ea3a817e/resourcegroups/kiosoft-test/providers/microsoft.insights/metricalerts/critical-mysql offline-mysql05-test-retail,microsoft.insights/metricalerts,Unknown,[],0.089001569,0.089001569,USD
kiosoft-test,/subscriptions/6276588a-9234-41ee-a81c-7538ea3a817e/resourcegroups/kiosoft-test,KioSoft Globalazure  Subscription,6276588a-9234-41ee-a81c-7538ea3a817e,[high storage io percent]-mysql05-test-retail,/subscriptions/6276588a-9234-41ee-a81c-7538ea3a817e/resourcegroups/kiosoft-test/providers/microsoft.insights/metricalerts/[high storage io percent]-mysql05-test-retail,microsoft.insights/metricalerts,Unknown,[],0.08616375,0.08616375,USD
defaultresourcegroup-eus,/subscriptions/6276588a-9234-41ee-a81c-7538ea3a817e/resourcegroups/defaultresourcegroup-eus,KioSoft Globalazure  Subscription,6276588a-9234-41ee-a81c-7538ea3a817e,defaultworkspace-6276588a-9234-41ee-a81c-7538ea3a817e-eus,/subscriptions/6276588a-9234-41ee-a81c-7538ea3a817e/resourcegroups/defaultresourcegroup-eus/providers/microsoft.operationalinsights/workspaces/defaultworkspace-6276588a-9234-41ee-a81c-7538ea3a817e-eus,Log Analytics workspace,US East,[],864.7615238,864.7615238,USD
retail,/subscriptions/6276588a-9234-41ee-a81c-7538ea3a817e/resourcegroups/retail,KioSoft Globalazure  Subscription,6276588a-9234-41ee-a81c-7538ea3a817e,mysql14-prod-market,/subscriptions/6276588a-9234-41ee-a81c-7538ea3a817e/resourcegroups/retail/providers/microsoft.dbformysql/flexibleservers/mysql14-prod-market,Azure Database for MySQL flexible server,US East,"[""\""environment\"":\""production\"""",""\""db-size\"":\""general purpose, d4ads_v5, 4 vcores, 16 gib ram, 122 gib storage, 6400 iops\"""",""\""db-usage\"":\""integration, amusement, coffee\""""]",283.2379595,283.2379595,USD
retail,/subscriptions/6276588a-9234-41ee-a81c-7538ea3a817e/resourcegroups/retail,KioSoft Globalazure  Subscription,6276588a-9234-41ee-a81c-7538ea3a817e,mysql15-prod-market-replica,/subscriptions/6276588a-9234-41ee-a81c-7538ea3a817e/resourcegroups/retail/providers/microsoft.dbformysql/flexibleservers/mysql15-prod-market-replica,Azure Database for MySQL flexible server,US East,"[""\""environment\"":\""production\"""",""\""db-usage\"":\""integration, amusement, coffee\"""",""\""db-size\"":\""general purpose, d2ads_v5, 2 vcores, 8 gib ram, 125 gib storage, 3200 iops\""""]",200.2400875,200.2400875,USD
retail,/subscriptions/6276588a-9234-41ee-a81c-7538ea3a817e/resourcegroups/retail,KioSoft Globalazure  Subscription,6276588a-9234-41ee-a81c-7538ea3a817e,sa29prodlatamcleanstore,/subscriptions/6276588a-9234-41ee-a81c-7538ea3a817e/resourcegroups/retail/providers/microsoft.storage/storageaccounts/sa29prodlatamcleanstore,Storage account,US South Central,[],24.5130846,24.5130846,USD
retail,/subscriptions/6276588a-9234-41ee-a81c-7538ea3a817e/resourcegroups/retail,KioSoft Globalazure  Subscription,6276588a-9234-41ee-a81c-7538ea3a817e,sa35prodintegration,/subscriptions/6276588a-9234-41ee-a81c-7538ea3a817e/resourcegroups/retail/providers/microsoft.storage/storageaccounts/sa35prodintegration,Storage account,US Central,[],23.08293941,23.08293941,USD
retail,/subscriptions/6276588a-9234-41ee-a81c-7538ea3a817e/resourcegroups/retail,KioSoft Globalazure  Subscription,6276588a-9234-41ee-a81c-7538ea3a817e,vm121prodamusementweb01-osdisk-20240103-070935,/subscriptions/6276588a-9234-41ee-a81c-7538ea3a817e/resourcegroups/retail/providers/microsoft.compute/disks/vm121prodamusementweb01-osdisk-20240103-070935,Disk,US East,"[""\""rsvaultbackup\"":\""36388286-b661-48d7-bfe0-29384624ae03\""""]",20.13962042,20.13962042,USD
retail,/subscriptions/6276588a-9234-41ee-a81c-7538ea3a817e/resourcegroups/retail,KioSoft Globalazure  Subscription,6276588a-9234-41ee-a81c-7538ea3a817e,vm121-prod-amusement-web01,/subscriptions/6276588a-9234-41ee-a81c-7538ea3a817e/resourcegroups/retail/providers/microsoft.compute/virtualmachines/vm121-prod-amusement-web01,Virtual machine,"US East, Intercontinental","[""\""environment\"":\""production\"""",""\""product\"":\""market - amusement\"""",""\""publisher\"":\""openlogic\""""]",16.97228394,16.97228394,USD
retail,/subscriptions/6276588a-9234-41ee-a81c-7538ea3a817e/resourcegroups/retail,KioSoft Globalazure  Subscription,6276588a-9234-41ee-a81c-7538ea3a817e,vm122-prod-latamcleanstore-web01_osdisk_1_d1f1c49444f5463496b39846c746cb81-new,/subscriptions/6276588a-9234-41ee-a81c-7538ea3a817e/resourcegroups/retail/providers/microsoft.compute/disks/vm122-prod-latamcleanstore-web01_osdisk_1_d1f1c49444f5463496b39846c746cb81-new,Disk,US South Central,[],16.74531734,16.74531734,USD
retail,/subscriptions/6276588a-9234-41ee-a81c-7538ea3a817e/resourcegroups/retail,KioSoft Globalazure  Subscription,6276588a-9234-41ee-a81c-7538ea3a817e,vm143-prod-latamcleanstore-web03-osdisk,/subscriptions/6276588a-9234-41ee-a81c-7538ea3a817e/resourcegroups/retail/providers/microsoft.compute/disks/vm143-prod-latamcleanstore-web03-osdisk,Disk,US South Central,[],16.74531734,16.74531734,USD
retail,/subscriptions/6276588a-9234-41ee-a81c-7538ea3a817e/resourcegroups/retail,KioSoft Globalazure  Subscription,6276588a-9234-41ee-a81c-7538ea3a817e,vm142-prod-latamcleanstore-web02-osdisk,/subscriptions/6276588a-9234-41ee-a81c-7538ea3a817e/resourcegroups/retail/providers/microsoft.compute/disks/vm142-prod-latamcleanstore-web02-osdisk,Disk,US South Central,[],16.69543905,16.69543905,USD
retail,/subscriptions/6276588a-9234-41ee-a81c-7538ea3a817e/resourcegroups/retail,KioSoft Globalazure  Subscription,6276588a-9234-41ee-a81c-7538ea3a817e,vm143-prod-latamcleanstore-web03,/subscriptions/6276588a-9234-41ee-a81c-7538ea3a817e/resourcegroups/retail/providers/microsoft.compute/virtualmachines/vm143-prod-latamcleanstore-web03,Virtual machine,US South Central,"[""\""environment\"":\""production\"""",""\""product\"":\""market - latamcleanstore\"""",""\""publisher\"":\""openlogic\""""]",15.68010714,15.68010714,USD
retail,/subscriptions/6276588a-9234-41ee-a81c-7538ea3a817e/resourcegroups/retail,KioSoft Globalazure  Subscription,6276588a-9234-41ee-a81c-7538ea3a817e,vm122-prod-latamcleanstore-web01,/subscriptions/6276588a-9234-41ee-a81c-7538ea3a817e/resourcegroups/retail/providers/microsoft.compute/virtualmachines/vm122-prod-latamcleanstore-web01,Virtual machine,US South Central,"[""\""environment\"":\""production\"""",""\""product\"":\""market - latamcleanstore\"""",""\""publisher\"":\""openlogic\""""]",13.2593494,13.2593494,USD
retail,/subscriptions/6276588a-9234-41ee-a81c-7538ea3a817e/resourcegroups/retail,KioSoft Globalazure  Subscription,6276588a-9234-41ee-a81c-7538ea3a817e,vm142-prod-latamcleanstore-web02,/subscriptions/6276588a-9234-41ee-a81c-7538ea3a817e/resourcegroups/retail/providers/microsoft.compute/virtualmachines/vm142-prod-latamcleanstore-web02,Virtual machine,US South Central,"[""\""environment\"":\""production\"""",""\""product\"":\""market - latamcleanstore\"""",""\""publisher\"":\""openlogic\""""]",10.62751264,10.62751264,USD
retail,/subscriptions/6276588a-9234-41ee-a81c-7538ea3a817e/resourcegroups/retail,KioSoft Globalazure  Subscription,6276588a-9234-41ee-a81c-7538ea3a817e,priend02-prod-market-replica,/subscriptions/6276588a-9234-41ee-a81c-7538ea3a817e/resourcegroups/retail/providers/microsoft.network/privateendpoints/priend02-prod-market-replica,Private endpoint,US East,[],7.438110057,7.438110057,USD
retail,/subscriptions/6276588a-9234-41ee-a81c-7538ea3a817e/resourcegroups/retail,KioSoft Globalazure  Subscription,6276588a-9234-41ee-a81c-7538ea3a817e,pe01-sa29-prod-latamcleanstore,/subscriptions/6276588a-9234-41ee-a81c-7538ea3a817e/resourcegroups/retail/providers/microsoft.network/privateendpoints/pe01-sa29-prod-latamcleanstore,Private endpoint,US South Central,[],6.80746257,6.80746257,USD
retail,/subscriptions/6276588a-9234-41ee-a81c-7538ea3a817e/resourcegroups/retail,KioSoft Globalazure  Subscription,6276588a-9234-41ee-a81c-7538ea3a817e,pip166-vm134-prod-amusement-web02,/subscriptions/6276588a-9234-41ee-a81c-7538ea3a817e/resourcegroups/retail/providers/microsoft.network/publicipaddresses/pip166-vm134-prod-amusement-web02,Public IP address,US East,[],3.720198896,3.720198896,USD
retail,/subscriptions/6276588a-9234-41ee-a81c-7538ea3a817e/resourcegroups/retail,KioSoft Globalazure  Subscription,6276588a-9234-41ee-a81c-7538ea3a817e,pip167-vm135-prod-amusement-web03,/subscriptions/6276588a-9234-41ee-a81c-7538ea3a817e/resourcegroups/retail/providers/microsoft.network/publicipaddresses/pip167-vm135-prod-amusement-web03,Public IP address,US East,[],3.720198896,3.720198896,USD
retail,/subscriptions/6276588a-9234-41ee-a81c-7538ea3a817e/resourcegroups/retail,KioSoft Globalazure  Subscription,6276588a-9234-41ee-a81c-7538ea3a817e,prod-amusementserver-ip,/subscriptions/6276588a-9234-41ee-a81c-7538ea3a817e/resourcegroups/retail/providers/microsoft.network/publicipaddresses/prod-amusementserver-ip,Public IP address,US East,[],3.720198896,3.720198896,USD
retail,/subscriptions/6276588a-9234-41ee-a81c-7538ea3a817e/resourcegroups/retail,KioSoft Globalazure  Subscription,6276588a-9234-41ee-a81c-7538ea3a817e,pip171-vm143-prod-latamcleanstore-web03,/subscriptions/6276588a-9234-41ee-a81c-7538ea3a817e/resourcegroups/retail/providers/microsoft.network/publicipaddresses/pip171-vm143-prod-latamcleanstore-web03,Public IP address,US South Central,[],3.389762521,3.389762521,USD
retail,/subscriptions/6276588a-9234-41ee-a81c-7538ea3a817e/resourcegroups/retail,KioSoft Globalazure  Subscription,6276588a-9234-41ee-a81c-7538ea3a817e,pip172-vm142-prod-latamcleanstore-web02,/subscriptions/6276588a-9234-41ee-a81c-7538ea3a817e/resourcegroups/retail/providers/microsoft.network/publicipaddresses/pip172-vm142-prod-latamcleanstore-web02,Public IP address,US South Central,[],3.389762521,3.389762521,USD
retail,/subscriptions/6276588a-9234-41ee-a81c-7538ea3a817e/resourcegroups/retail,KioSoft Globalazure  Subscription,6276588a-9234-41ee-a81c-7538ea3a817e,prod-internationalretail-ip,/subscriptions/6276588a-9234-41ee-a81c-7538ea3a817e/resourcegroups/retail/providers/microsoft.network/publicipaddresses/prod-internationalretail-ip,Public IP address,US South Central,[],3.389762521,3.389762521,USD
retail,/subscriptions/6276588a-9234-41ee-a81c-7538ea3a817e/resourcegroups/retail,KioSoft Globalazure  Subscription,6276588a-9234-41ee-a81c-7538ea3a817e,privatelink.mysql.database.azure.com,/subscriptions/6276588a-9234-41ee-a81c-7538ea3a817e/resourcegroups/retail/providers/microsoft.network/privatednszones/privatelink.mysql.database.azure.com,Private DNS zone,Unknown,[],0.500211546,0.500211546,USD
retail,/subscriptions/6276588a-9234-41ee-a81c-7538ea3a817e/resourcegroups/retail,KioSoft Globalazure  Subscription,6276588a-9234-41ee-a81c-7538ea3a817e,privatelink.file.core.windows.net,/subscriptions/6276588a-9234-41ee-a81c-7538ea3a817e/resourcegroups/retail/providers/microsoft.network/privatednszones/privatelink.file.core.windows.net,Private DNS zone,Unknown,[],0.499539216,0.499539216,USD
retail,/subscriptions/6276588a-9234-41ee-a81c-7538ea3a817e/resourcegroups/retail,KioSoft Globalazure  Subscription,6276588a-9234-41ee-a81c-7538ea3a817e,activeconnectionalert-pros-cleanstore,/subscriptions/6276588a-9234-41ee-a81c-7538ea3a817e/resourcegroups/retail/providers/microsoft.insights/metricalerts/activeconnectionalert-pros-cleanstore,microsoft.insights/metricalerts,Unknown,[],0.095838135,0.095838135,USD
retail,/subscriptions/6276588a-9234-41ee-a81c-7538ea3a817e/resourcegroups/retail,KioSoft Globalazure  Subscription,6276588a-9234-41ee-a81c-7538ea3a817e,ddos attack-amusement,/subscriptions/6276588a-9234-41ee-a81c-7538ea3a817e/resourcegroups/retail/providers/microsoft.insights/metricalerts/ddos attack-amusement,microsoft.insights/metricalerts,Unknown,[],0.095838135,0.095838135,USD
retail,/subscriptions/6276588a-9234-41ee-a81c-7538ea3a817e/resourcegroups/retail,KioSoft Globalazure  Subscription,6276588a-9234-41ee-a81c-7538ea3a817e,ddos attack-international,/subscriptions/6276588a-9234-41ee-a81c-7538ea3a817e/resourcegroups/retail/providers/microsoft.insights/metricalerts/ddos attack-international,microsoft.insights/metricalerts,Unknown,[],0.095838135,0.095838135,USD
retail,/subscriptions/6276588a-9234-41ee-a81c-7538ea3a817e/resourcegroups/retail,KioSoft Globalazure  Subscription,6276588a-9234-41ee-a81c-7538ea3a817e,high cpu usage-amusement-web01,/subscriptions/6276588a-9234-41ee-a81c-7538ea3a817e/resourcegroups/retail/providers/microsoft.insights/metricalerts/high cpu usage-amusement-web01,microsoft.insights/metricalerts,Unknown,[],0.095838135,0.095838135,USD
retail,/subscriptions/6276588a-9234-41ee-a81c-7538ea3a817e/resourcegroups/retail,KioSoft Globalazure  Subscription,6276588a-9234-41ee-a81c-7538ea3a817e,high cpu usage-mysql14-prod-market,/subscriptions/6276588a-9234-41ee-a81c-7538ea3a817e/resourcegroups/retail/providers/microsoft.insights/metricalerts/high cpu usage-mysql14-prod-market,microsoft.insights/metricalerts,Unknown,[],0.095838135,0.095838135,USD
retail,/subscriptions/6276588a-9234-41ee-a81c-7538ea3a817e/resourcegroups/retail,KioSoft Globalazure  Subscription,6276588a-9234-41ee-a81c-7538ea3a817e,high cpu usage-mysql15-prod-market-replica,/subscriptions/6276588a-9234-41ee-a81c-7538ea3a817e/resourcegroups/retail/providers/microsoft.insights/metricalerts/high cpu usage-mysql15-prod-market-replica,microsoft.insights/metricalerts,Unknown,[],0.095838135,0.095838135,USD
retail,/subscriptions/6276588a-9234-41ee-a81c-7538ea3a817e/resourcegroups/retail,KioSoft Globalazure  Subscription,6276588a-9234-41ee-a81c-7538ea3a817e,high cpu usage-mysql16-prod-market-replica,/subscriptions/6276588a-9234-41ee-a81c-7538ea3a817e/resourcegroups/retail/providers/microsoft.insights/metricalerts/high cpu usage-mysql16-prod-market-replica,microsoft.insights/metricalerts,Unknown,[],0.095838135,0.095838135,USD
retail,/subscriptions/6276588a-9234-41ee-a81c-7538ea3a817e/resourcegroups/retail,KioSoft Globalazure  Subscription,6276588a-9234-41ee-a81c-7538ea3a817e,high cpu usage-prod-cleanstore,/subscriptions/6276588a-9234-41ee-a81c-7538ea3a817e/resourcegroups/retail/providers/microsoft.insights/metricalerts/high cpu usage-prod-cleanstore,microsoft.insights/metricalerts,Unknown,[],0.095838135,0.095838135,USD
retail,/subscriptions/6276588a-9234-41ee-a81c-7538ea3a817e/resourcegroups/retail,KioSoft Globalazure  Subscription,6276588a-9234-41ee-a81c-7538ea3a817e,high cpu usage-prod-international,/subscriptions/6276588a-9234-41ee-a81c-7538ea3a817e/resourcegroups/retail/providers/microsoft.insights/metricalerts/high cpu usage-prod-international,microsoft.insights/metricalerts,Unknown,[],0.095838135,0.095838135,USD
retail,/subscriptions/6276588a-9234-41ee-a81c-7538ea3a817e/resourcegroups/retail,KioSoft Globalazure  Subscription,6276588a-9234-41ee-a81c-7538ea3a817e,high mem usage-mysql08-prod-market,/subscriptions/6276588a-9234-41ee-a81c-7538ea3a817e/resourcegroups/retail/providers/microsoft.insights/metricalerts/high mem usage-mysql08-prod-market,microsoft.insights/metricalerts,Unknown,[],0.095838135,0.095838135,USD
retail,/subscriptions/6276588a-9234-41ee-a81c-7538ea3a817e/resourcegroups/retail,KioSoft Globalazure  Subscription,6276588a-9234-41ee-a81c-7538ea3a817e,high mem usage-mysql14-prod-market,/subscriptions/6276588a-9234-41ee-a81c-7538ea3a817e/resourcegroups/retail/providers/microsoft.insights/metricalerts/high mem usage-mysql14-prod-market,microsoft.insights/metricalerts,Unknown,[],0.095838135,0.095838135,USD
retail,/subscriptions/6276588a-9234-41ee-a81c-7538ea3a817e/resourcegroups/retail,KioSoft Globalazure  Subscription,6276588a-9234-41ee-a81c-7538ea3a817e,high mem usage-mysql15-prod-market-replica,/subscriptions/6276588a-9234-41ee-a81c-7538ea3a817e/resourcegroups/retail/providers/microsoft.insights/metricalerts/high mem usage-mysql15-prod-market-replica,microsoft.insights/metricalerts,Unknown,[],0.095838135,0.095838135,USD
retail,/subscriptions/6276588a-9234-41ee-a81c-7538ea3a817e/resourcegroups/retail,KioSoft Globalazure  Subscription,6276588a-9234-41ee-a81c-7538ea3a817e,high mem usage-prod-cleanstore,/subscriptions/6276588a-9234-41ee-a81c-7538ea3a817e/resourcegroups/retail/providers/microsoft.insights/metricalerts/high mem usage-prod-cleanstore,microsoft.insights/metricalerts,Unknown,[],0.095838135,0.095838135,USD
retail,/subscriptions/6276588a-9234-41ee-a81c-7538ea3a817e/resourcegroups/retail,KioSoft Globalazure  Subscription,6276588a-9234-41ee-a81c-7538ea3a817e,high mem usage-prod-international,/subscriptions/6276588a-9234-41ee-a81c-7538ea3a817e/resourcegroups/retail/providers/microsoft.insights/metricalerts/high mem usage-prod-international,microsoft.insights/metricalerts,Unknown,[],0.095838135,0.095838135,USD
retail,/subscriptions/6276588a-9234-41ee-a81c-7538ea3a817e/resourcegroups/retail,KioSoft Globalazure  Subscription,6276588a-9234-41ee-a81c-7538ea3a817e,high storage usage-mysql14-prod-market,/subscriptions/6276588a-9234-41ee-a81c-7538ea3a817e/resourcegroups/retail/providers/microsoft.insights/metricalerts/high storage usage-mysql14-prod-market,microsoft.insights/metricalerts,Unknown,[],0.095838135,0.095838135,USD
retail,/subscriptions/6276588a-9234-41ee-a81c-7538ea3a817e/resourcegroups/retail,KioSoft Globalazure  Subscription,6276588a-9234-41ee-a81c-7538ea3a817e,high storage usage-mysql15-prod-market-replica,/subscriptions/6276588a-9234-41ee-a81c-7538ea3a817e/resourcegroups/retail/providers/microsoft.insights/metricalerts/high storage usage-mysql15-prod-market-replica,microsoft.insights/metricalerts,Unknown,[],0.095838135,0.095838135,USD
retail,/subscriptions/6276588a-9234-41ee-a81c-7538ea3a817e/resourcegroups/retail,KioSoft Globalazure  Subscription,6276588a-9234-41ee-a81c-7538ea3a817e,high storage usage-prod-cleanstore,/subscriptions/6276588a-9234-41ee-a81c-7538ea3a817e/resourcegroups/retail/providers/microsoft.insights/metricalerts/high storage usage-prod-cleanstore,microsoft.insights/metricalerts,Unknown,[],0.095838135,0.095838135,USD
retail,/subscriptions/6276588a-9234-41ee-a81c-7538ea3a817e/resourcegroups/retail,KioSoft Globalazure  Subscription,6276588a-9234-41ee-a81c-7538ea3a817e,high  cpu usage-prod-market,/subscriptions/6276588a-9234-41ee-a81c-7538ea3a817e/resourcegroups/retail/providers/microsoft.insights/metricalerts/high  cpu usage-prod-market,microsoft.insights/metricalerts,Unknown,[],0.09583721,0.09583721,USD
retail,/subscriptions/6276588a-9234-41ee-a81c-7538ea3a817e/resourcegroups/retail,KioSoft Globalazure  Subscription,6276588a-9234-41ee-a81c-7538ea3a817e,high cpu usage-prod-market,/subscriptions/6276588a-9234-41ee-a81c-7538ea3a817e/resourcegroups/retail/providers/microsoft.insights/metricalerts/high cpu usage-prod-market,microsoft.insights/metricalerts,Unknown,[],0.09583721,0.09583721,USD
retail,/subscriptions/6276588a-9234-41ee-a81c-7538ea3a817e/resourcegroups/retail,KioSoft Globalazure  Subscription,6276588a-9234-41ee-a81c-7538ea3a817e,high mem usage-amusement-web01,/subscriptions/6276588a-9234-41ee-a81c-7538ea3a817e/resourcegroups/retail/providers/microsoft.insights/metricalerts/high mem usage-amusement-web01,microsoft.insights/metricalerts,Unknown,[],0.09583721,0.09583721,USD
retail,/subscriptions/6276588a-9234-41ee-a81c-7538ea3a817e/resourcegroups/retail,KioSoft Globalazure  Subscription,6276588a-9234-41ee-a81c-7538ea3a817e,high mem usage-prod-market,/subscriptions/6276588a-9234-41ee-a81c-7538ea3a817e/resourcegroups/retail/providers/microsoft.insights/metricalerts/high mem usage-prod-market,microsoft.insights/metricalerts,Unknown,[],0.095709143,0.095709143,USD
retail,/subscriptions/6276588a-9234-41ee-a81c-7538ea3a817e/resourcegroups/retail,KioSoft Globalazure  Subscription,6276588a-9234-41ee-a81c-7538ea3a817e,[critical mysql offline]-mysql14-prod-market,/subscriptions/6276588a-9234-41ee-a81c-7538ea3a817e/resourcegroups/retail/providers/microsoft.insights/metricalerts/[critical mysql offline]-mysql14-prod-market,microsoft.insights/metricalerts,Unknown,[],0.089001569,0.089001569,USD
retail,/subscriptions/6276588a-9234-41ee-a81c-7538ea3a817e/resourcegroups/retail,KioSoft Globalazure  Subscription,6276588a-9234-41ee-a81c-7538ea3a817e,[critical mysql offline]-mysql15-prod-market-replica,/subscriptions/6276588a-9234-41ee-a81c-7538ea3a817e/resourcegroups/retail/providers/microsoft.insights/metricalerts/[critical mysql offline]-mysql15-prod-market-replica,microsoft.insights/metricalerts,Unknown,[],0.089001569,0.089001569,USD
retail,/subscriptions/6276588a-9234-41ee-a81c-7538ea3a817e/resourcegroups/retail,KioSoft Globalazure  Subscription,6276588a-9234-41ee-a81c-7538ea3a817e,[high replication lag]-mysql15-prod-market-replica,/subscriptions/6276588a-9234-41ee-a81c-7538ea3a817e/resourcegroups/retail/providers/microsoft.insights/metricalerts/[high replication lag]-mysql15-prod-market-replica,microsoft.insights/metricalerts,Unknown,[],0.088227619,0.088227619,USD
retail,/subscriptions/6276588a-9234-41ee-a81c-7538ea3a817e/resourcegroups/retail,KioSoft Globalazure  Subscription,6276588a-9234-41ee-a81c-7538ea3a817e,high cpu usage redis01-prod-universal,/subscriptions/6276588a-9234-41ee-a81c-7538ea3a817e/resourcegroups/retail/providers/microsoft.insights/metricalerts/high cpu usage redis01-prod-universal,microsoft.insights/metricalerts,Unknown,[],0.088101402,0.088101402,USD
retail,/subscriptions/6276588a-9234-41ee-a81c-7538ea3a817e/resourcegroups/retail,KioSoft Globalazure  Subscription,6276588a-9234-41ee-a81c-7538ea3a817e,high cpu usage-latamcleanstore-web01,/subscriptions/6276588a-9234-41ee-a81c-7538ea3a817e/resourcegroups/retail/providers/microsoft.insights/metricalerts/high cpu usage-latamcleanstore-web01,microsoft.insights/metricalerts,Unknown,[],0.088101402,0.088101402,USD
retail,/subscriptions/6276588a-9234-41ee-a81c-7538ea3a817e/resourcegroups/retail,KioSoft Globalazure  Subscription,6276588a-9234-41ee-a81c-7538ea3a817e,high cpu usage-mysql09-prod-latamcleanstore,/subscriptions/6276588a-9234-41ee-a81c-7538ea3a817e/resourcegroups/retail/providers/microsoft.insights/metricalerts/high cpu usage-mysql09-prod-latamcleanstore,microsoft.insights/metricalerts,Unknown,[],0.088101402,0.088101402,USD
retail,/subscriptions/6276588a-9234-41ee-a81c-7538ea3a817e/resourcegroups/retail,KioSoft Globalazure  Subscription,6276588a-9234-41ee-a81c-7538ea3a817e,high mem usage redis01-prod-universal,/subscriptions/6276588a-9234-41ee-a81c-7538ea3a817e/resourcegroups/retail/providers/microsoft.insights/metricalerts/high mem usage redis01-prod-universal,microsoft.insights/metricalerts,Unknown,[],0.088101402,0.088101402,USD
retail,/subscriptions/6276588a-9234-41ee-a81c-7538ea3a817e/resourcegroups/retail,KioSoft Globalazure  Subscription,6276588a-9234-41ee-a81c-7538ea3a817e,high mem usage-latamcleanstore-web01,/subscriptions/6276588a-9234-41ee-a81c-7538ea3a817e/resourcegroups/retail/providers/microsoft.insights/metricalerts/high mem usage-latamcleanstore-web01,microsoft.insights/metricalerts,Unknown,[],0.088101402,0.088101402,USD
retail,/subscriptions/6276588a-9234-41ee-a81c-7538ea3a817e/resourcegroups/retail,KioSoft Globalazure  Subscription,6276588a-9234-41ee-a81c-7538ea3a817e,high mem usage-mysql09-prod-latamcleanstore,/subscriptions/6276588a-9234-41ee-a81c-7538ea3a817e/resourcegroups/retail/providers/microsoft.insights/metricalerts/high mem usage-mysql09-prod-latamcleanstore,microsoft.insights/metricalerts,Unknown,[],0.088101402,0.088101402,USD
retail,/subscriptions/6276588a-9234-41ee-a81c-7538ea3a817e/resourcegroups/retail,KioSoft Globalazure  Subscription,6276588a-9234-41ee-a81c-7538ea3a817e,high mem usage-mysql16-prod-market-replica,/subscriptions/6276588a-9234-41ee-a81c-7538ea3a817e/resourcegroups/retail/providers/microsoft.insights/metricalerts/high mem usage-mysql16-prod-market-replica,microsoft.insights/metricalerts,Unknown,[],0.088101402,0.088101402,USD
retail,/subscriptions/6276588a-9234-41ee-a81c-7538ea3a817e/resourcegroups/retail,KioSoft Globalazure  Subscription,6276588a-9234-41ee-a81c-7538ea3a817e,high server load redis01-prod-universal,/subscriptions/6276588a-9234-41ee-a81c-7538ea3a817e/resourcegroups/retail/providers/microsoft.insights/metricalerts/high server load redis01-prod-universal,microsoft.insights/metricalerts,Unknown,[],0.088101402,0.088101402,USD
retail,/subscriptions/6276588a-9234-41ee-a81c-7538ea3a817e/resourcegroups/retail,KioSoft Globalazure  Subscription,6276588a-9234-41ee-a81c-7538ea3a817e,high storage usage-mariadb07-prod-market,/subscriptions/6276588a-9234-41ee-a81c-7538ea3a817e/resourcegroups/retail/providers/microsoft.insights/metricalerts/high storage usage-mariadb07-prod-market,microsoft.insights/metricalerts,Unknown,[],0.088101402,0.088101402,USD
retail,/subscriptions/6276588a-9234-41ee-a81c-7538ea3a817e/resourcegroups/retail,KioSoft Globalazure  Subscription,6276588a-9234-41ee-a81c-7538ea3a817e,high storage usage-mysql08-prod-market,/subscriptions/6276588a-9234-41ee-a81c-7538ea3a817e/resourcegroups/retail/providers/microsoft.insights/metricalerts/high storage usage-mysql08-prod-market,microsoft.insights/metricalerts,Unknown,[],0.088101402,0.088101402,USD
retail,/subscriptions/6276588a-9234-41ee-a81c-7538ea3a817e/resourcegroups/retail,KioSoft Globalazure  Subscription,6276588a-9234-41ee-a81c-7538ea3a817e,high storage usage-mysql09-prod-latamcleanstore,/subscriptions/6276588a-9234-41ee-a81c-7538ea3a817e/resourcegroups/retail/providers/microsoft.insights/metricalerts/high storage usage-mysql09-prod-latamcleanstore,microsoft.insights/metricalerts,Unknown,[],0.088101402,0.088101402,USD
retail,/subscriptions/6276588a-9234-41ee-a81c-7538ea3a817e/resourcegroups/retail,KioSoft Globalazure  Subscription,6276588a-9234-41ee-a81c-7538ea3a817e,high storage usage-mysql16-prod-market-replica,/subscriptions/6276588a-9234-41ee-a81c-7538ea3a817e/resourcegroups/retail/providers/microsoft.insights/metricalerts/high storage usage-mysql16-prod-market-replica,microsoft.insights/metricalerts,Unknown,[],0.088101402,0.088101402,USD
retail,/subscriptions/6276588a-9234-41ee-a81c-7538ea3a817e/resourcegroups/retail,KioSoft Globalazure  Subscription,6276588a-9234-41ee-a81c-7538ea3a817e,[high storage io percent]-mysql14-prod-market,/subscriptions/6276588a-9234-41ee-a81c-7538ea3a817e/resourcegroups/retail/providers/microsoft.insights/metricalerts/[high storage io percent]-mysql14-prod-market,microsoft.insights/metricalerts,Unknown,[],0.08616375,0.08616375,USD
retail,/subscriptions/6276588a-9234-41ee-a81c-7538ea3a817e/resourcegroups/retail,KioSoft Globalazure  Subscription,6276588a-9234-41ee-a81c-7538ea3a817e,[high storage io percent]-mysql15-prod-market-replica,/subscriptions/6276588a-9234-41ee-a81c-7538ea3a817e/resourcegroups/retail/providers/microsoft.insights/metricalerts/[high storage io percent]-mysql15-prod-market-replica,microsoft.insights/metricalerts,Unknown,[],0.08616375,0.08616375,USD
retail,/subscriptions/6276588a-9234-41ee-a81c-7538ea3a817e/resourcegroups/retail,KioSoft Globalazure  Subscription,6276588a-9234-41ee-a81c-7538ea3a817e,medium cpu usage-mysql14-prod-market,/subscriptions/6276588a-9234-41ee-a81c-7538ea3a817e/resourcegroups/retail/providers/microsoft.insights/metricalerts/medium cpu usage-mysql14-prod-market,microsoft.insights/metricalerts,Unknown,[],0.06113934,0.06113934,USD
retail,/subscriptions/6276588a-9234-41ee-a81c-7538ea3a817e/resourcegroups/retail,KioSoft Globalazure  Subscription,6276588a-9234-41ee-a81c-7538ea3a817e,low cpu usage-mysql14-prod-market,/subscriptions/6276588a-9234-41ee-a81c-7538ea3a817e/resourcegroups/retail/providers/microsoft.insights/metricalerts/low cpu usage-mysql14-prod-market,microsoft.insights/metricalerts,Unknown,[],0.061138415,0.061138415,USD
retail,/subscriptions/6276588a-9234-41ee-a81c-7538ea3a817e/resourcegroups/retail,KioSoft Globalazure  Subscription,6276588a-9234-41ee-a81c-7538ea3a817e,pip20016-prod-latamcleanstore-web01,/subscriptions/6276588a-9234-41ee-a81c-7538ea3a817e/resourcegroups/retail/providers/microsoft.network/publicipaddresses/pip20016-prod-latamcleanstore-web01,Public IP address,US South Central,[],0.015021104,0.015021104,USD
retail,/subscriptions/6276588a-9234-41ee-a81c-7538ea3a817e/resourcegroups/retail,KioSoft Globalazure  Subscription,6276588a-9234-41ee-a81c-7538ea3a817e,pip20017-prod-latamcleanstore-web02,/subscriptions/6276588a-9234-41ee-a81c-7538ea3a817e/resourcegroups/retail/providers/microsoft.network/publicipaddresses/pip20017-prod-latamcleanstore-web02,Public IP address,US South Central,[],0.015021104,0.015021104,USD
retail,/subscriptions/6276588a-9234-41ee-a81c-7538ea3a817e/resourcegroups/retail,KioSoft Globalazure  Subscription,6276588a-9234-41ee-a81c-7538ea3a817e,pip20018-prod-latamcleanstore-web03,/subscriptions/6276588a-9234-41ee-a81c-7538ea3a817e/resourcegroups/retail/providers/microsoft.network/publicipaddresses/pip20018-prod-latamcleanstore-web03,Public IP address,US South Central,[],0.015021104,0.015021104,USD
retail,/subscriptions/6276588a-9234-41ee-a81c-7538ea3a817e/resourcegroups/retail,KioSoft Globalazure  Subscription,6276588a-9234-41ee-a81c-7538ea3a817e,redis03-prod-universal,/subscriptions/6276588a-9234-41ee-a81c-7538ea3a817e/resourcegroups/retail/providers/microsoft.cache/redis/redis03-prod-universal,Redis cache,US East,"[""\""environment\"":\""production\"""",""\""db-size\"":\""1gb\"""",""\""db-usage\"":\""integration, amusement, coffee,cleanstore,universal\""""]",0,0,USD
rg20002-prod-om,/subscriptions/6276588a-9234-41ee-a81c-7538ea3a817e/resourcegroups/rg20002-prod-om,KioSoft Globalazure  Subscription,6276588a-9234-41ee-a81c-7538ea3a817e,disk20011-prod-elk-os,/subscriptions/6276588a-9234-41ee-a81c-7538ea3a817e/resourcegroups/rg20002-prod-om/providers/microsoft.compute/disks/disk20011-prod-elk-os,Disk,US East,"[""\""environment\"":\""production\"""",""\""product\"":\""elk\""""]",264.6250747,264.6250747,USD
rg20002-prod-om,/subscriptions/6276588a-9234-41ee-a81c-7538ea3a817e/resourcegroups/rg20002-prod-om,KioSoft Globalazure  Subscription,6276588a-9234-41ee-a81c-7538ea3a817e,disk20021-prod-elk01-data01,/subscriptions/6276588a-9234-41ee-a81c-7538ea3a817e/resourcegroups/rg20002-prod-om/providers/microsoft.compute/disks/disk20021-prod-elk01-data01,Disk,US East,[],147.7707183,147.7707183,USD
rg20002-prod-om,/subscriptions/6276588a-9234-41ee-a81c-7538ea3a817e/resourcegroups/rg20002-prod-om,KioSoft Globalazure  Subscription,6276588a-9234-41ee-a81c-7538ea3a817e,disk20015-prod-prometheus-os,/subscriptions/6276588a-9234-41ee-a81c-7538ea3a817e/resourcegroups/rg20002-prod-om/providers/microsoft.compute/disks/disk20015-prod-prometheus-os,Disk,US East,"[""\""environment\"":\""production\"""",""\""product\"":\""prometheus\""""]",38.7803571,38.7803571,USD
rg20002-prod-om,/subscriptions/6276588a-9234-41ee-a81c-7538ea3a817e/resourcegroups/rg20002-prod-om,KioSoft Globalazure  Subscription,6276588a-9234-41ee-a81c-7538ea3a817e,disk20009-prod-jumpserver-os,/subscriptions/6276588a-9234-41ee-a81c-7538ea3a817e/resourcegroups/rg20002-prod-om/providers/microsoft.compute/disks/disk20009-prod-jumpserver-os,Disk,US East 2,"[""\""environment\"":\""production\"""",""\""product\"":\""jumpserver\""""]",35.30447399,35.30447399,USD
rg20002-prod-om,/subscriptions/6276588a-9234-41ee-a81c-7538ea3a817e/resourcegroups/rg20002-prod-om,KioSoft Globalazure  Subscription,6276588a-9234-41ee-a81c-7538ea3a817e,vm20011-prod-prometheus,/subscriptions/6276588a-9234-41ee-a81c-7538ea3a817e/resourcegroups/rg20002-prod-om/providers/microsoft.compute/virtualmachines/vm20011-prod-prometheus,Virtual machine,"US East, Intercontinental","[""\""environment\"":\""production\"""",""\""product\"":\""prometheus\""""]",26.04410281,26.04410281,USD
rg20002-prod-om,/subscriptions/6276588a-9234-41ee-a81c-7538ea3a817e/resourcegroups/rg20002-prod-om,KioSoft Globalazure  Subscription,6276588a-9234-41ee-a81c-7538ea3a817e,kiosoft,/subscriptions/6276588a-9234-41ee-a81c-7538ea3a817e/resourcegroups/rg20002-prod-om/providers/microsoft.containerregistry/registries/kiosoft,Container registry,US East,"[""\""environment\"":\""production\""""]",20.66485325,20.66485325,USD
rg20002-prod-om,/subscriptions/6276588a-9234-41ee-a81c-7538ea3a817e/resourcegroups/rg20002-prod-om,KioSoft Globalazure  Subscription,6276588a-9234-41ee-a81c-7538ea3a817e,vm20005-prod-jumpserver,/subscriptions/6276588a-9234-41ee-a81c-7538ea3a817e/resourcegroups/rg20002-prod-om/providers/microsoft.compute/virtualmachines/vm20005-prod-jumpserver,Virtual machine,"US East 2, Intercontinental","[""\""environment\"":\""production\"""",""\""product\"":\""jumpserver\""""]",17.92303726,17.92303726,USD
rg20002-prod-om,/subscriptions/6276588a-9234-41ee-a81c-7538ea3a817e/resourcegroups/rg20002-prod-om,KioSoft Globalazure  Subscription,6276588a-9234-41ee-a81c-7538ea3a817e,disk20020-prod-elk-os,/subscriptions/6276588a-9234-41ee-a81c-7538ea3a817e/resourcegroups/rg20002-prod-om/providers/microsoft.compute/disks/disk20020-prod-elk-os,Disk,US East,"[""\""environment\"":\""production\"""",""\""product\"":\""elk\""""]",17.34898838,17.34898838,USD
rg20002-prod-om,/subscriptions/6276588a-9234-41ee-a81c-7538ea3a817e/resourcegroups/rg20002-prod-om,KioSoft Globalazure  Subscription,6276588a-9234-41ee-a81c-7538ea3a817e,vm20006-prod-backupserver,/subscriptions/6276588a-9234-41ee-a81c-7538ea3a817e/resourcegroups/rg20002-prod-om/providers/microsoft.compute/virtualmachines/vm20006-prod-backupserver,Virtual machine,"US East, Intercontinental","[""\""environment\"":\""production\"""",""\""product\"":\""backupserver\""""]",16.96239777,16.96239777,USD
rg20002-prod-om,/subscriptions/6276588a-9234-41ee-a81c-7538ea3a817e/resourcegroups/rg20002-prod-om,KioSoft Globalazure  Subscription,6276588a-9234-41ee-a81c-7538ea3a817e,vm20017-prod-elk01,/subscriptions/6276588a-9234-41ee-a81c-7538ea3a817e/resourcegroups/rg20002-prod-om/providers/microsoft.compute/virtualmachines/vm20017-prod-elk01,Virtual machine,US East,"[""\""environment\"":\""production\"""",""\""product\"":\""elk\""""]",12.88904496,12.88904496,USD
rg20002-prod-om,/subscriptions/6276588a-9234-41ee-a81c-7538ea3a817e/resourcegroups/rg20002-prod-om,KioSoft Globalazure  Subscription,6276588a-9234-41ee-a81c-7538ea3a817e,vm20007-prod-elk01,/subscriptions/6276588a-9234-41ee-a81c-7538ea3a817e/resourcegroups/rg20002-prod-om/providers/microsoft.compute/virtualmachines/vm20007-prod-elk01,Virtual machine,US East,"[""\""environment\"":\""production\"""",""\""product\"":\""elk\""""]",12.23383385,12.23383385,USD
rg20002-prod-om,/subscriptions/6276588a-9234-41ee-a81c-7538ea3a817e/resourcegroups/rg20002-prod-om,KioSoft Globalazure  Subscription,6276588a-9234-41ee-a81c-7538ea3a817e,disk20010-prod-backupserver-os,/subscriptions/6276588a-9234-41ee-a81c-7538ea3a817e/resourcegroups/rg20002-prod-om/providers/microsoft.compute/disks/disk20010-prod-backupserver-os,Disk,US East,"[""\""environment\"":\""production\"""",""\""product\"":\""backupserver\""""]",5.399191388,5.399191388,USD
rg20002-prod-om,/subscriptions/6276588a-9234-41ee-a81c-7538ea3a817e/resourcegroups/rg20002-prod-om,KioSoft Globalazure  Subscription,6276588a-9234-41ee-a81c-7538ea3a817e,pip20006-prod-backupserver,/subscriptions/6276588a-9234-41ee-a81c-7538ea3a817e/resourcegroups/rg20002-prod-om/providers/microsoft.network/publicipaddresses/pip20006-prod-backupserver,Public IP address,US East,[],3.720198896,3.720198896,USD
rg20002-prod-om,/subscriptions/6276588a-9234-41ee-a81c-7538ea3a817e/resourcegroups/rg20002-prod-om,KioSoft Globalazure  Subscription,6276588a-9234-41ee-a81c-7538ea3a817e,pip20007-prod-elk,/subscriptions/6276588a-9234-41ee-a81c-7538ea3a817e/resourcegroups/rg20002-prod-om/providers/microsoft.network/publicipaddresses/pip20007-prod-elk,Public IP address,US East,[],3.720198896,3.720198896,USD
rg20002-prod-om,/subscriptions/6276588a-9234-41ee-a81c-7538ea3a817e/resourcegroups/rg20002-prod-om,KioSoft Globalazure  Subscription,6276588a-9234-41ee-a81c-7538ea3a817e,ttimetrics-ip,/subscriptions/6276588a-9234-41ee-a81c-7538ea3a817e/resourcegroups/rg20002-prod-om/providers/microsoft.network/publicipaddresses/ttimetrics-ip,Public IP address,US East,[],3.720198896,3.720198896,USD
rg20002-prod-om,/subscriptions/6276588a-9234-41ee-a81c-7538ea3a817e/resourcegroups/rg20002-prod-om,KioSoft Globalazure  Subscription,6276588a-9234-41ee-a81c-7538ea3a817e,accessauditsystem-ip,/subscriptions/6276588a-9234-41ee-a81c-7538ea3a817e/resourcegroups/rg20002-prod-om/providers/microsoft.network/publicipaddresses/accessauditsystem-ip,Public IP address,US East 2,[],3.715191862,3.715191862,USD
rg20002-prod-om,/subscriptions/6276588a-9234-41ee-a81c-7538ea3a817e/resourcegroups/rg20002-prod-om,KioSoft Globalazure  Subscription,6276588a-9234-41ee-a81c-7538ea3a817e,pip20012-prod-elk01,/subscriptions/6276588a-9234-41ee-a81c-7538ea3a817e/resourcegroups/rg20002-prod-om/providers/microsoft.network/publicipaddresses/pip20012-prod-elk01,Public IP address,US East,[],3.196132042,3.196132042,USD
rg20002-prod-om,/subscriptions/6276588a-9234-41ee-a81c-7538ea3a817e/resourcegroups/rg20002-prod-om,KioSoft Globalazure  Subscription,6276588a-9234-41ee-a81c-7538ea3a817e,sa40sharepointbackup,/subscriptions/6276588a-9234-41ee-a81c-7538ea3a817e/resourcegroups/rg20002-prod-om/providers/microsoft.storage/storageaccounts/sa40sharepointbackup,Storage account,US East,[],1.509224972,1.509224972,USD
rg20002-prod-om,/subscriptions/6276588a-9234-41ee-a81c-7538ea3a817e/resourcegroups/rg20002-prod-om,KioSoft Globalazure  Subscription,6276588a-9234-41ee-a81c-7538ea3a817e,vm-germany_osdisk_1_7178b248c1704aac982858764130d989-snapshot,/subscriptions/6276588a-9234-41ee-a81c-7538ea3a817e/resourcegroups/rg20002-prod-om/providers/microsoft.compute/snapshots/vm-germany_osdisk_1_7178b248c1704aac982858764130d989-snapshot,Snapshot,DE West Central,[],0.280001991,0.280001991,USD
rg20002-prod-om,/subscriptions/6276588a-9234-41ee-a81c-7538ea3a817e/resourcegroups/rg20002-prod-om,KioSoft Globalazure  Subscription,6276588a-9234-41ee-a81c-7538ea3a817e,vm-uk_osdisk_1_98f4e2aaa2be478aadf195ece551bb17-snapshot,/subscriptions/6276588a-9234-41ee-a81c-7538ea3a817e/resourcegroups/rg20002-prod-om/providers/microsoft.compute/snapshots/vm-uk_osdisk_1_98f4e2aaa2be478aadf195ece551bb17-snapshot,Snapshot,UK South,[],0.250034635,0.250034635,USD
rg20002-prod-om,/subscriptions/6276588a-9234-41ee-a81c-7538ea3a817e/resourcegroups/rg20002-prod-om,KioSoft Globalazure  Subscription,6276588a-9234-41ee-a81c-7538ea3a817e,vm20017-prod-elk01_cpu-memory-alert,/subscriptions/6276588a-9234-41ee-a81c-7538ea3a817e/resourcegroups/rg20002-prod-om/providers/microsoft.insights/metricalerts/vm20017-prod-elk01_cpu-memory-alert,microsoft.insights/metricalerts,Unknown,[],0.163941182,0.163941182,USD
azurebackuprg_eastus_1,/subscriptions/6276588a-9234-41ee-a81c-7538ea3a817e/resourcegroups/azurebackuprg_eastus_1,KioSoft Globalazure  Subscription,6276588a-9234-41ee-a81c-7538ea3a817e,azurebackup_vm20007-prod-elk01_929623888800552841,/subscriptions/6276588a-9234-41ee-a81c-7538ea3a817e/resourcegroups/azurebackuprg_eastus_1/providers/microsoft.compute/restorepointcollections/azurebackup_vm20007-prod-elk01_929623888800552841,Restore Point Collection,US East,[],88.0410214,88.0410214,USD
azurebackuprg_eastus_1,/subscriptions/6276588a-9234-41ee-a81c-7538ea3a817e/resourcegroups/azurebackuprg_eastus_1,KioSoft Globalazure  Subscription,6276588a-9234-41ee-a81c-7538ea3a817e,azurebackup_vm20016-prod-doris01_929623887154713044,/subscriptions/6276588a-9234-41ee-a81c-7538ea3a817e/resourcegroups/azurebackuprg_eastus_1/providers/microsoft.compute/restorepointcollections/azurebackup_vm20016-prod-doris01_929623887154713044,Restore Point Collection,US East,[],87.69996233,87.69996233,USD
azurebackuprg_eastus_1,/subscriptions/6276588a-9234-41ee-a81c-7538ea3a817e/resourcegroups/azurebackuprg_eastus_1,KioSoft Globalazure  Subscription,6276588a-9234-41ee-a81c-7538ea3a817e,azurebackup_vm20008-prod-csc-elk01_929623888257432526,/subscriptions/6276588a-9234-41ee-a81c-7538ea3a817e/resourcegroups/azurebackuprg_eastus_1/providers/microsoft.compute/restorepointcollections/azurebackup_vm20008-prod-csc-elk01_929623888257432526,Restore Point Collection,US East,[],49.0218355,49.0218355,USD
azurebackuprg_eastus_1,/subscriptions/6276588a-9234-41ee-a81c-7538ea3a817e/resourcegroups/azurebackuprg_eastus_1,KioSoft Globalazure  Subscription,6276588a-9234-41ee-a81c-7538ea3a817e,azurebackup_vm20003-prod-seatunnel01_929623887342248016,/subscriptions/6276588a-9234-41ee-a81c-7538ea3a817e/resourcegroups/azurebackuprg_eastus_1/providers/microsoft.compute/restorepointcollections/azurebackup_vm20003-prod-seatunnel01_929623887342248016,Restore Point Collection,US East,[],29.45940522,29.45940522,USD
azurebackuprg_eastus_1,/subscriptions/6276588a-9234-41ee-a81c-7538ea3a817e/resourcegroups/azurebackuprg_eastus_1,KioSoft Globalazure  Subscription,6276588a-9234-41ee-a81c-7538ea3a817e,azurebackup_vm10003-test-elk01_929623888568447995,/subscriptions/6276588a-9234-41ee-a81c-7538ea3a817e/resourcegroups/azurebackuprg_eastus_1/providers/microsoft.compute/restorepointcollections/azurebackup_vm10003-test-elk01_929623888568447995,Restore Point Collection,US East,[],24.69521256,24.69521256,USD
azurebackuprg_eastus_1,/subscriptions/6276588a-9234-41ee-a81c-7538ea3a817e/resourcegroups/azurebackuprg_eastus_1,KioSoft Globalazure  Subscription,6276588a-9234-41ee-a81c-7538ea3a817e,azurebackup_prod-sage-db01_929623887289847007,/subscriptions/6276588a-9234-41ee-a81c-7538ea3a817e/resourcegroups/azurebackuprg_eastus_1/providers/microsoft.compute/restorepointcollections/azurebackup_prod-sage-db01_929623887289847007,Restore Point Collection,US East,[],18.16020899,18.16020899,USD
azurebackuprg_eastus_1,/subscriptions/6276588a-9234-41ee-a81c-7538ea3a817e/resourcegroups/azurebackuprg_eastus_1,KioSoft Globalazure  Subscription,6276588a-9234-41ee-a81c-7538ea3a817e,azurebackup_vm20004-prod-jenkins01_929623888926113461,/subscriptions/6276588a-9234-41ee-a81c-7538ea3a817e/resourcegroups/azurebackuprg_eastus_1/providers/microsoft.compute/restorepointcollections/azurebackup_vm20004-prod-jenkins01_929623888926113461,Restore Point Collection,US East,[],15.29584289,15.29584289,USD
azurebackuprg_eastus_1,/subscriptions/6276588a-9234-41ee-a81c-7538ea3a817e/resourcegroups/azurebackuprg_eastus_1,KioSoft Globalazure  Subscription,6276588a-9234-41ee-a81c-7538ea3a817e,azurebackup_prod-universal-db01_929623887786635939,/subscriptions/6276588a-9234-41ee-a81c-7538ea3a817e/resourcegroups/azurebackuprg_eastus_1/providers/microsoft.compute/restorepointcollections/azurebackup_prod-universal-db01_929623887786635939,Restore Point Collection,US East,[],14.04937092,14.04937092,USD
azurebackuprg_eastus_1,/subscriptions/6276588a-9234-41ee-a81c-7538ea3a817e/resourcegroups/azurebackuprg_eastus_1,KioSoft Globalazure  Subscription,6276588a-9234-41ee-a81c-7538ea3a817e,azurebackup_vm20017-prod-elk01_929623888271918898,/subscriptions/6276588a-9234-41ee-a81c-7538ea3a817e/resourcegroups/azurebackuprg_eastus_1/providers/microsoft.compute/restorepointcollections/azurebackup_vm20017-prod-elk01_929623888271918898,Restore Point Collection,US East,[],11.93313051,11.93313051,USD
azurebackuprg_eastus_1,/subscriptions/6276588a-9234-41ee-a81c-7538ea3a817e/resourcegroups/azurebackuprg_eastus_1,KioSoft Globalazure  Subscription,6276588a-9234-41ee-a81c-7538ea3a817e,azurebackup_vm73-prod-modem_929623888755050499,/subscriptions/6276588a-9234-41ee-a81c-7538ea3a817e/resourcegroups/azurebackuprg_eastus_1/providers/microsoft.compute/restorepointcollections/azurebackup_vm73-prod-modem_929623888755050499,Restore Point Collection,US East,[],11.91042596,11.91042596,USD
azurebackuprg_eastus_1,/subscriptions/6276588a-9234-41ee-a81c-7538ea3a817e/resourcegroups/azurebackuprg_eastus_1,KioSoft Globalazure  Subscription,6276588a-9234-41ee-a81c-7538ea3a817e,azurebackup_vm120-prod-cleanstore-web08_929623888924411714,/subscriptions/6276588a-9234-41ee-a81c-7538ea3a817e/resourcegroups/azurebackuprg_eastus_1/providers/microsoft.compute/restorepointcollections/azurebackup_vm120-prod-cleanstore-web08_929623888924411714,Restore Point Collection,US East,[],10.81506159,10.81506159,USD
azurebackuprg_eastus_1,/subscriptions/6276588a-9234-41ee-a81c-7538ea3a817e/resourcegroups/azurebackuprg_eastus_1,KioSoft Globalazure  Subscription,6276588a-9234-41ee-a81c-7538ea3a817e,azurebackup_vm123-prod-cleanstore-web09_929623887529406073,/subscriptions/6276588a-9234-41ee-a81c-7538ea3a817e/resourcegroups/azurebackuprg_eastus_1/providers/microsoft.compute/restorepointcollections/azurebackup_vm123-prod-cleanstore-web09_929623887529406073,Restore Point Collection,US East,[],10.29425546,10.29425546,USD
azurebackuprg_eastus_1,/subscriptions/6276588a-9234-41ee-a81c-7538ea3a817e/resourcegroups/azurebackuprg_eastus_1,KioSoft Globalazure  Subscription,6276588a-9234-41ee-a81c-7538ea3a817e,azurebackup_vm138-prod-cleanstore-web10_929623887690656174,/subscriptions/6276588a-9234-41ee-a81c-7538ea3a817e/resourcegroups/azurebackuprg_eastus_1/providers/microsoft.compute/restorepointcollections/azurebackup_vm138-prod-cleanstore-web10_929623887690656174,Restore Point Collection,US East,[],10.17060743,10.17060743,USD
azurebackuprg_eastus_1,/subscriptions/6276588a-9234-41ee-a81c-7538ea3a817e/resourcegroups/azurebackuprg_eastus_1,KioSoft Globalazure  Subscription,6276588a-9234-41ee-a81c-7538ea3a817e,azurebackup_prod-universal-web01-new_929623888367181460,/subscriptions/6276588a-9234-41ee-a81c-7538ea3a817e/resourcegroups/azurebackuprg_eastus_1/providers/microsoft.compute/restorepointcollections/azurebackup_prod-universal-web01-new_929623888367181460,Restore Point Collection,US East,[],9.375809682,9.375809682,USD
azurebackuprg_eastus_1,/subscriptions/6276588a-9234-41ee-a81c-7538ea3a817e/resourcegroups/azurebackuprg_eastus_1,KioSoft Globalazure  Subscription,6276588a-9234-41ee-a81c-7538ea3a817e,azurebackup_vm102-prod-csc-retail-web01_929623888246176115,/subscriptions/6276588a-9234-41ee-a81c-7538ea3a817e/resourcegroups/azurebackuprg_eastus_1/providers/microsoft.compute/restorepointcollections/azurebackup_vm102-prod-csc-retail-web01_929623888246176115,Restore Point Collection,US East,[],9.102293265,9.102293265,USD
azurebackuprg_eastus_1,/subscriptions/6276588a-9234-41ee-a81c-7538ea3a817e/resourcegroups/azurebackuprg_eastus_1,KioSoft Globalazure  Subscription,6276588a-9234-41ee-a81c-7538ea3a817e,azurebackup_vm105-prod-csc-retail-web04_929623888639561588,/subscriptions/6276588a-9234-41ee-a81c-7538ea3a817e/resourcegroups/azurebackuprg_eastus_1/providers/microsoft.compute/restorepointcollections/azurebackup_vm105-prod-csc-retail-web04_929623888639561588,Restore Point Collection,US East,[],9.095710264,9.095710264,USD
azurebackuprg_eastus_1,/subscriptions/6276588a-9234-41ee-a81c-7538ea3a817e/resourcegroups/azurebackuprg_eastus_1,KioSoft Globalazure  Subscription,6276588a-9234-41ee-a81c-7538ea3a817e,azurebackup_vm103-prod-csc-retail-web02_929623888633314838,/subscriptions/6276588a-9234-41ee-a81c-7538ea3a817e/resourcegroups/azurebackuprg_eastus_1/providers/microsoft.compute/restorepointcollections/azurebackup_vm103-prod-csc-retail-web02_929623888633314838,Restore Point Collection,US East,[],9.075782524,9.075782524,USD
azurebackuprg_eastus_1,/subscriptions/6276588a-9234-41ee-a81c-7538ea3a817e/resourcegroups/azurebackuprg_eastus_1,KioSoft Globalazure  Subscription,6276588a-9234-41ee-a81c-7538ea3a817e,azurebackup_vm104-prod-csc-retail-web03_929623889200107741,/subscriptions/6276588a-9234-41ee-a81c-7538ea3a817e/resourcegroups/azurebackuprg_eastus_1/providers/microsoft.compute/restorepointcollections/azurebackup_vm104-prod-csc-retail-web03_929623889200107741,Restore Point Collection,US East,[],9.049682353,9.049682353,USD
azurebackuprg_eastus_1,/subscriptions/6276588a-9234-41ee-a81c-7538ea3a817e/resourcegroups/azurebackuprg_eastus_1,KioSoft Globalazure  Subscription,6276588a-9234-41ee-a81c-7538ea3a817e,azurebackup_prod-universal-web02-new_929623887727239512,/subscriptions/6276588a-9234-41ee-a81c-7538ea3a817e/resourcegroups/azurebackuprg_eastus_1/providers/microsoft.compute/restorepointcollections/azurebackup_prod-universal-web02-new_929623887727239512,Restore Point Collection,US East,[],9.038647476,9.038647476,USD
azurebackuprg_eastus_1,/subscriptions/6276588a-9234-41ee-a81c-7538ea3a817e/resourcegroups/azurebackuprg_eastus_1,KioSoft Globalazure  Subscription,6276588a-9234-41ee-a81c-7538ea3a817e,azurebackup_vm139-prod-universal-web03_929623889213854684,/subscriptions/6276588a-9234-41ee-a81c-7538ea3a817e/resourcegroups/azurebackuprg_eastus_1/providers/microsoft.compute/restorepointcollections/azurebackup_vm139-prod-universal-web03_929623889213854684,Restore Point Collection,US East,[],8.90798758,8.90798758,USD
azurebackuprg_eastus_1,/subscriptions/6276588a-9234-41ee-a81c-7538ea3a817e/resourcegroups/azurebackuprg_eastus_1,KioSoft Globalazure  Subscription,6276588a-9234-41ee-a81c-7538ea3a817e,azurebackup_vm121-prod-amusement-web01_929623888173040079,/subscriptions/6276588a-9234-41ee-a81c-7538ea3a817e/resourcegroups/azurebackuprg_eastus_1/providers/microsoft.compute/restorepointcollections/azurebackup_vm121-prod-amusement-web01_929623888173040079,Restore Point Collection,US East,[],7.36946297,7.36946297,USD
azurebackuprg_eastus_1,/subscriptions/6276588a-9234-41ee-a81c-7538ea3a817e/resourcegroups/azurebackuprg_eastus_1,KioSoft Globalazure  Subscription,6276588a-9234-41ee-a81c-7538ea3a817e,azurebackup_tmsprod-db01_929623887247557873,/subscriptions/6276588a-9234-41ee-a81c-7538ea3a817e/resourcegroups/azurebackuprg_eastus_1/providers/microsoft.compute/restorepointcollections/azurebackup_tmsprod-db01_929623887247557873,Restore Point Collection,US East,[],7.355483276,7.355483276,USD
azurebackuprg_eastus_1,/subscriptions/6276588a-9234-41ee-a81c-7538ea3a817e/resourcegroups/azurebackuprg_eastus_1,KioSoft Globalazure  Subscription,6276588a-9234-41ee-a81c-7538ea3a817e,azurebackup_cmk_929623887782337582,/subscriptions/6276588a-9234-41ee-a81c-7538ea3a817e/resourcegroups/azurebackuprg_eastus_1/providers/microsoft.compute/restorepointcollections/azurebackup_cmk_929623887782337582,Restore Point Collection,US East,[],7.23995672,7.23995672,USD
azurebackuprg_eastus_1,/subscriptions/6276588a-9234-41ee-a81c-7538ea3a817e/resourcegroups/azurebackuprg_eastus_1,KioSoft Globalazure  Subscription,6276588a-9234-41ee-a81c-7538ea3a817e,azurebackup_vm98-prod-csc-universal-web02_929623888600091599,/subscriptions/6276588a-9234-41ee-a81c-7538ea3a817e/resourcegroups/azurebackuprg_eastus_1/providers/microsoft.compute/restorepointcollections/azurebackup_vm98-prod-csc-universal-web02_929623888600091599,Restore Point Collection,US East,[],7.051904454,7.051904454,USD
azurebackuprg_eastus_1,/subscriptions/6276588a-9234-41ee-a81c-7538ea3a817e/resourcegroups/azurebackuprg_eastus_1,KioSoft Globalazure  Subscription,6276588a-9234-41ee-a81c-7538ea3a817e,azurebackup_vm97-prod-csc-universal-web01_929623888750657210,/subscriptions/6276588a-9234-41ee-a81c-7538ea3a817e/resourcegroups/azurebackuprg_eastus_1/providers/microsoft.compute/restorepointcollections/azurebackup_vm97-prod-csc-universal-web01_929623888750657210,Restore Point Collection,US East,[],7.042181987,7.042181987,USD
azurebackuprg_eastus_1,/subscriptions/6276588a-9234-41ee-a81c-7538ea3a817e/resourcegroups/azurebackuprg_eastus_1,KioSoft Globalazure  Subscription,6276588a-9234-41ee-a81c-7538ea3a817e,azurebackup_vm106-prod-csc-retail-reportserver01_929623888529284737,/subscriptions/6276588a-9234-41ee-a81c-7538ea3a817e/resourcegroups/azurebackuprg_eastus_1/providers/microsoft.compute/restorepointcollections/azurebackup_vm106-prod-csc-retail-reportserver01_929623888529284737,Restore Point Collection,US East,[],6.975822627,6.975822627,USD
azurebackuprg_eastus_1,/subscriptions/6276588a-9234-41ee-a81c-7538ea3a817e/resourcegroups/azurebackuprg_eastus_1,KioSoft Globalazure  Subscription,6276588a-9234-41ee-a81c-7538ea3a817e,azurebackup_vm128-prod-csc-retail-reportserver05_929623889277042919,/subscriptions/6276588a-9234-41ee-a81c-7538ea3a817e/resourcegroups/azurebackuprg_eastus_1/providers/microsoft.compute/restorepointcollections/azurebackup_vm128-prod-csc-retail-reportserver05_929623889277042919,Restore Point Collection,US East,[],6.965233721,6.965233721,USD
azurebackuprg_eastus_1,/subscriptions/6276588a-9234-41ee-a81c-7538ea3a817e/resourcegroups/azurebackuprg_eastus_1,KioSoft Globalazure  Subscription,6276588a-9234-41ee-a81c-7538ea3a817e,azurebackup_vm129-prod-csc-retail-reportserver06_929623887199236512,/subscriptions/6276588a-9234-41ee-a81c-7538ea3a817e/resourcegroups/azurebackuprg_eastus_1/providers/microsoft.compute/restorepointcollections/azurebackup_vm129-prod-csc-retail-reportserver06_929623887199236512,Restore Point Collection,US East,[],6.95807462,6.95807462,USD
azurebackuprg_eastus_1,/subscriptions/6276588a-9234-41ee-a81c-7538ea3a817e/resourcegroups/azurebackuprg_eastus_1,KioSoft Globalazure  Subscription,6276588a-9234-41ee-a81c-7538ea3a817e,azurebackup_vm108-prod-csc-retail-reportserver03_929623889063692052,/subscriptions/6276588a-9234-41ee-a81c-7538ea3a817e/resourcegroups/azurebackuprg_eastus_1/providers/microsoft.compute/restorepointcollections/azurebackup_vm108-prod-csc-retail-reportserver03_929623889063692052,Restore Point Collection,US East,[],6.931053935,6.931053935,USD
azurebackuprg_eastus_1,/subscriptions/6276588a-9234-41ee-a81c-7538ea3a817e/resourcegroups/azurebackuprg_eastus_1,KioSoft Globalazure  Subscription,6276588a-9234-41ee-a81c-7538ea3a817e,azurebackup_vm99-prod-csc-universal-web03_929623888409280534,/subscriptions/6276588a-9234-41ee-a81c-7538ea3a817e/resourcegroups/azurebackuprg_eastus_1/providers/microsoft.compute/restorepointcollections/azurebackup_vm99-prod-csc-universal-web03_929623888409280534,Restore Point Collection,US East,[],6.877672362,6.877672362,USD
azurebackuprg_eastus_1,/subscriptions/6276588a-9234-41ee-a81c-7538ea3a817e/resourcegroups/azurebackuprg_eastus_1,KioSoft Globalazure  Subscription,6276588a-9234-41ee-a81c-7538ea3a817e,azurebackup_vm135-prod-amusement-web03_929623888410428142,/subscriptions/6276588a-9234-41ee-a81c-7538ea3a817e/resourcegroups/azurebackuprg_eastus_1/providers/microsoft.compute/restorepointcollections/azurebackup_vm135-prod-amusement-web03_929623888410428142,Restore Point Collection,US East,[],6.857864676,6.857864676,USD
azurebackuprg_eastus_1,/subscriptions/6276588a-9234-41ee-a81c-7538ea3a817e/resourcegroups/azurebackuprg_eastus_1,KioSoft Globalazure  Subscription,6276588a-9234-41ee-a81c-7538ea3a817e,azurebackup_vm107-prod-csc-retail-reportserver02_929623888805026017,/subscriptions/6276588a-9234-41ee-a81c-7538ea3a817e/resourcegroups/azurebackuprg_eastus_1/providers/microsoft.compute/restorepointcollections/azurebackup_vm107-prod-csc-retail-reportserver02_929623888805026017,Restore Point Collection,US East,[],6.844859611,6.844859611,USD
azurebackuprg_eastus_1,/subscriptions/6276588a-9234-41ee-a81c-7538ea3a817e/resourcegroups/azurebackuprg_eastus_1,KioSoft Globalazure  Subscription,6276588a-9234-41ee-a81c-7538ea3a817e,azurebackup_vm134-prod-amusement-web02_929623887426034662,/subscriptions/6276588a-9234-41ee-a81c-7538ea3a817e/resourcegroups/azurebackuprg_eastus_1/providers/microsoft.compute/restorepointcollections/azurebackup_vm134-prod-amusement-web02_929623887426034662,Restore Point Collection,US East,[],6.842294292,6.842294292,USD
azurebackuprg_eastus_1,/subscriptions/6276588a-9234-41ee-a81c-7538ea3a817e/resourcegroups/azurebackuprg_eastus_1,KioSoft Globalazure  Subscription,6276588a-9234-41ee-a81c-7538ea3a817e,azurebackup_vm100-prod-csc-universal-web04_929623888133131047,/subscriptions/6276588a-9234-41ee-a81c-7538ea3a817e/resourcegroups/azurebackuprg_eastus_1/providers/microsoft.compute/restorepointcollections/azurebackup_vm100-prod-csc-universal-web04_929623888133131047,Restore Point Collection,US East,[],6.831286427,6.831286427,USD
azurebackuprg_eastus_1,/subscriptions/6276588a-9234-41ee-a81c-7538ea3a817e/resourcegroups/azurebackuprg_eastus_1,KioSoft Globalazure  Subscription,6276588a-9234-41ee-a81c-7538ea3a817e,azurebackup_vm131-prod-csc-retail-reportserver08_929623887602792145,/subscriptions/6276588a-9234-41ee-a81c-7538ea3a817e/resourcegroups/azurebackuprg_eastus_1/providers/microsoft.compute/restorepointcollections/azurebackup_vm131-prod-csc-retail-reportserver08_929623887602792145,Restore Point Collection,US East,[],6.813117079,6.813117079,USD
azurebackuprg_eastus_1,/subscriptions/6276588a-9234-41ee-a81c-7538ea3a817e/resourcegroups/azurebackuprg_eastus_1,KioSoft Globalazure  Subscription,6276588a-9234-41ee-a81c-7538ea3a817e,azurebackup_vm130-prod-csc-retail-reportserver07_929623888124425786,/subscriptions/6276588a-9234-41ee-a81c-7538ea3a817e/resourcegroups/azurebackuprg_eastus_1/providers/microsoft.compute/restorepointcollections/azurebackup_vm130-prod-csc-retail-reportserver07_929623888124425786,Restore Point Collection,US East,[],6.712096614,6.712096614,USD
azurebackuprg_eastus_1,/subscriptions/6276588a-9234-41ee-a81c-7538ea3a817e/resourcegroups/azurebackuprg_eastus_1,KioSoft Globalazure  Subscription,6276588a-9234-41ee-a81c-7538ea3a817e,azurebackup_vm109-prod-csc-retail-reportserver04_929623888800437795,/subscriptions/6276588a-9234-41ee-a81c-7538ea3a817e/resourcegroups/azurebackuprg_eastus_1/providers/microsoft.compute/restorepointcollections/azurebackup_vm109-prod-csc-retail-reportserver04_929623888800437795,Restore Point Collection,US East,[],6.6190554,6.6190554,USD
azurebackuprg_eastus_1,/subscriptions/6276588a-9234-41ee-a81c-7538ea3a817e/resourcegroups/azurebackuprg_eastus_1,KioSoft Globalazure  Subscription,6276588a-9234-41ee-a81c-7538ea3a817e,azurebackup_vm20011-prod-prometheus_929623887370555182,/subscriptions/6276588a-9234-41ee-a81c-7538ea3a817e/resourcegroups/azurebackuprg_eastus_1/providers/microsoft.compute/restorepointcollections/azurebackup_vm20011-prod-prometheus_929623887370555182,Restore Point Collection,US East,[],6.150709312,6.150709312,USD
azurebackuprg_eastus_1,/subscriptions/6276588a-9234-41ee-a81c-7538ea3a817e/resourcegroups/azurebackuprg_eastus_1,KioSoft Globalazure  Subscription,6276588a-9234-41ee-a81c-7538ea3a817e,azurebackup_vm127-prod-tcn_929623888721242357,/subscriptions/6276588a-9234-41ee-a81c-7538ea3a817e/resourcegroups/azurebackuprg_eastus_1/providers/microsoft.compute/restorepointcollections/azurebackup_vm127-prod-tcn_929623888721242357,Restore Point Collection,US East,[],6.065099011,6.065099011,USD
azurebackuprg_eastus_1,/subscriptions/6276588a-9234-41ee-a81c-7538ea3a817e/resourcegroups/azurebackuprg_eastus_1,KioSoft Globalazure  Subscription,6276588a-9234-41ee-a81c-7538ea3a817e,azurebackup_vm20015-prod-doris01_929623888390188024,/subscriptions/6276588a-9234-41ee-a81c-7538ea3a817e/resourcegroups/azurebackuprg_eastus_1/providers/microsoft.compute/restorepointcollections/azurebackup_vm20015-prod-doris01_929623888390188024,Restore Point Collection,US East,[],5.329044816,5.329044816,USD
azurebackuprg_eastus_1,/subscriptions/6276588a-9234-41ee-a81c-7538ea3a817e/resourcegroups/azurebackuprg_eastus_1,KioSoft Globalazure  Subscription,6276588a-9234-41ee-a81c-7538ea3a817e,azurebackup_vm20001-prod-doris02_929623887656452901,/subscriptions/6276588a-9234-41ee-a81c-7538ea3a817e/resourcegroups/azurebackuprg_eastus_1/providers/microsoft.compute/restorepointcollections/azurebackup_vm20001-prod-doris02_929623887656452901,Restore Point Collection,US East,[],5.086159526,5.086159526,USD
azurebackuprg_eastus_1,/subscriptions/6276588a-9234-41ee-a81c-7538ea3a817e/resourcegroups/azurebackuprg_eastus_1,KioSoft Globalazure  Subscription,6276588a-9234-41ee-a81c-7538ea3a817e,azurebackup_vm20002-prod-doris03_929623887202446712,/subscriptions/6276588a-9234-41ee-a81c-7538ea3a817e/resourcegroups/azurebackuprg_eastus_1/providers/microsoft.compute/restorepointcollections/azurebackup_vm20002-prod-doris03_929623887202446712,Restore Point Collection,US East,[],5.084459484,5.084459484,USD
azurebackuprg_eastus_1,/subscriptions/6276588a-9234-41ee-a81c-7538ea3a817e/resourcegroups/azurebackuprg_eastus_1,KioSoft Globalazure  Subscription,6276588a-9234-41ee-a81c-7538ea3a817e,azurebackup_vm20011-prod-pometheus-backup_929623887343452660,/subscriptions/6276588a-9234-41ee-a81c-7538ea3a817e/resourcegroups/azurebackuprg_eastus_1/providers/microsoft.compute/restorepointcollections/azurebackup_vm20011-prod-pometheus-backup_929623887343452660,Restore Point Collection,US East,[],4.188322937,4.188322937,USD
azurebackuprg_eastus_1,/subscriptions/6276588a-9234-41ee-a81c-7538ea3a817e/resourcegroups/azurebackuprg_eastus_1,KioSoft Globalazure  Subscription,6276588a-9234-41ee-a81c-7538ea3a817e,azurebackup_ttideployment_929623889030321900,/subscriptions/6276588a-9234-41ee-a81c-7538ea3a817e/resourcegroups/azurebackuprg_eastus_1/providers/microsoft.compute/restorepointcollections/azurebackup_ttideployment_929623889030321900,Restore Point Collection,US East,[],3.950606393,3.950606393,USD
azurebackuprg_eastus_1,/subscriptions/6276588a-9234-41ee-a81c-7538ea3a817e/resourcegroups/azurebackuprg_eastus_1,KioSoft Globalazure  Subscription,6276588a-9234-41ee-a81c-7538ea3a817e,azurebackup_vm126-automated-testing-platform_929623889014949279,/subscriptions/6276588a-9234-41ee-a81c-7538ea3a817e/resourcegroups/azurebackuprg_eastus_1/providers/microsoft.compute/restorepointcollections/azurebackup_vm126-automated-testing-platform_929623889014949279,Restore Point Collection,US East,[],3.848250904,3.848250904,USD
azurebackuprg_eastus_1,/subscriptions/6276588a-9234-41ee-a81c-7538ea3a817e/resourcegroups/azurebackuprg_eastus_1,KioSoft Globalazure  Subscription,6276588a-9234-41ee-a81c-7538ea3a817e,azurebackup_tmsprod-tms03_929623889091889079,/subscriptions/6276588a-9234-41ee-a81c-7538ea3a817e/resourcegroups/azurebackuprg_eastus_1/providers/microsoft.compute/restorepointcollections/azurebackup_tmsprod-tms03_929623889091889079,Restore Point Collection,US East,[],3.628391829,3.628391829,USD
azurebackuprg_eastus_1,/subscriptions/6276588a-9234-41ee-a81c-7538ea3a817e/resourcegroups/azurebackuprg_eastus_1,KioSoft Globalazure  Subscription,6276588a-9234-41ee-a81c-7538ea3a817e,azurebackup_vm156-prod-operationcenter_929623887286655021,/subscriptions/6276588a-9234-41ee-a81c-7538ea3a817e/resourcegroups/azurebackuprg_eastus_1/providers/microsoft.compute/restorepointcollections/azurebackup_vm156-prod-operationcenter_929623887286655021,Restore Point Collection,US East,[],2.276928901,2.276928901,USD
azurebackuprg_eastus_1,/subscriptions/6276588a-9234-41ee-a81c-7538ea3a817e/resourcegroups/azurebackuprg_eastus_1,KioSoft Globalazure  Subscription,6276588a-9234-41ee-a81c-7538ea3a817e,azurebackup_vm20010-prod-internal-web02_929623888179221498,/subscriptions/6276588a-9234-41ee-a81c-7538ea3a817e/resourcegroups/azurebackuprg_eastus_1/providers/microsoft.compute/restorepointcollections/azurebackup_vm20010-prod-internal-web02_929623888179221498,Restore Point Collection,US East,[],2.230655408,2.230655408,USD
azurebackuprg_eastus_1,/subscriptions/6276588a-9234-41ee-a81c-7538ea3a817e/resourcegroups/azurebackuprg_eastus_1,KioSoft Globalazure  Subscription,6276588a-9234-41ee-a81c-7538ea3a817e,azurebackup_vm20009-prod-internal-web01_929623888850019341,/subscriptions/6276588a-9234-41ee-a81c-7538ea3a817e/resourcegroups/azurebackuprg_eastus_1/providers/microsoft.compute/restorepointcollections/azurebackup_vm20009-prod-internal-web01_929623888850019341,Restore Point Collection,US East,[],2.228454292,2.228454292,USD
azurebackuprg_eastus_1,/subscriptions/6276588a-9234-41ee-a81c-7538ea3a817e/resourcegroups/azurebackuprg_eastus_1,KioSoft Globalazure  Subscription,6276588a-9234-41ee-a81c-7538ea3a817e,azurebackup_vm90-prod-powerbi_929623888027641471,/subscriptions/6276588a-9234-41ee-a81c-7538ea3a817e/resourcegroups/azurebackuprg_eastus_1/providers/microsoft.compute/restorepointcollections/azurebackup_vm90-prod-powerbi_929623888027641471,Restore Point Collection,US East,[],2.109917084,2.109917084,USD
azurebackuprg_eastus_1,/subscriptions/6276588a-9234-41ee-a81c-7538ea3a817e/resourcegroups/azurebackuprg_eastus_1,KioSoft Globalazure  Subscription,6276588a-9234-41ee-a81c-7538ea3a817e,azurebackup_snipe-it_246291976234172,/subscriptions/6276588a-9234-41ee-a81c-7538ea3a817e/resourcegroups/azurebackuprg_eastus_1/providers/microsoft.compute/restorepointcollections/azurebackup_snipe-it_246291976234172,Restore Point Collection,US East,[],1.885034906,1.885034906,USD
azurebackuprg_eastus_1,/subscriptions/6276588a-9234-41ee-a81c-7538ea3a817e/resourcegroups/azurebackuprg_eastus_1,KioSoft Globalazure  Subscription,6276588a-9234-41ee-a81c-7538ea3a817e,azurebackup_tmsprod-web02_929623889231908371,/subscriptions/6276588a-9234-41ee-a81c-7538ea3a817e/resourcegroups/azurebackuprg_eastus_1/providers/microsoft.compute/restorepointcollections/azurebackup_tmsprod-web02_929623889231908371,Restore Point Collection,US East,[],1.818418999,1.818418999,USD
azurebackuprg_eastus_1,/subscriptions/6276588a-9234-41ee-a81c-7538ea3a817e/resourcegroups/azurebackuprg_eastus_1,KioSoft Globalazure  Subscription,6276588a-9234-41ee-a81c-7538ea3a817e,azurebackup_tmsprod-web01_929623887909667835,/subscriptions/6276588a-9234-41ee-a81c-7538ea3a817e/resourcegroups/azurebackuprg_eastus_1/providers/microsoft.compute/restorepointcollections/azurebackup_tmsprod-web01_929623887909667835,Restore Point Collection,US East,[],1.781716476,1.781716476,USD
azurebackuprg_eastus_1,/subscriptions/6276588a-9234-41ee-a81c-7538ea3a817e/resourcegroups/azurebackuprg_eastus_1,KioSoft Globalazure  Subscription,6276588a-9234-41ee-a81c-7538ea3a817e,azurebackup_vm20012-prod-kiopos-web01_929623887747725848,/subscriptions/6276588a-9234-41ee-a81c-7538ea3a817e/resourcegroups/azurebackuprg_eastus_1/providers/microsoft.compute/restorepointcollections/azurebackup_vm20012-prod-kiopos-web01_929623887747725848,Restore Point Collection,US East,[],1.777027274,1.777027274,USD
azurebackuprg_eastus_1,/subscriptions/6276588a-9234-41ee-a81c-7538ea3a817e/resourcegroups/azurebackuprg_eastus_1,KioSoft Globalazure  Subscription,6276588a-9234-41ee-a81c-7538ea3a817e,azurebackup_vm140-prod-devops-ai_929623887696801515,/subscriptions/6276588a-9234-41ee-a81c-7538ea3a817e/resourcegroups/azurebackuprg_eastus_1/providers/microsoft.compute/restorepointcollections/azurebackup_vm140-prod-devops-ai_929623887696801515,Restore Point Collection,US East,[],1.675645933,1.675645933,USD
azurebackuprg_eastus_1,/subscriptions/6276588a-9234-41ee-a81c-7538ea3a817e/resourcegroups/azurebackuprg_eastus_1,KioSoft Globalazure  Subscription,6276588a-9234-41ee-a81c-7538ea3a817e,azurebackup_vm157-prod-operation-management_929623887344118525,/subscriptions/6276588a-9234-41ee-a81c-7538ea3a817e/resourcegroups/azurebackuprg_eastus_1/providers/microsoft.compute/restorepointcollections/azurebackup_vm157-prod-operation-management_929623887344118525,Restore Point Collection,US East,[],1.606536177,1.606536177,USD
azurebackuprg_eastus_1,/subscriptions/6276588a-9234-41ee-a81c-7538ea3a817e/resourcegroups/azurebackuprg_eastus_1,KioSoft Globalazure  Subscription,6276588a-9234-41ee-a81c-7538ea3a817e,azurebackup_vm20013-prod-kiopos-soft01_929623887472167545,/subscriptions/6276588a-9234-41ee-a81c-7538ea3a817e/resourcegroups/azurebackuprg_eastus_1/providers/microsoft.compute/restorepointcollections/azurebackup_vm20013-prod-kiopos-soft01_929623887472167545,Restore Point Collection,US East,[],1.405035731,1.405035731,USD
azurebackuprg_eastus_1,/subscriptions/6276588a-9234-41ee-a81c-7538ea3a817e/resourcegroups/azurebackuprg_eastus_1,KioSoft Globalazure  Subscription,6276588a-9234-41ee-a81c-7538ea3a817e,azurebackup_vm101-prod-csc-universal-soft01_929623889079237157,/subscriptions/6276588a-9234-41ee-a81c-7538ea3a817e/resourcegroups/azurebackuprg_eastus_1/providers/microsoft.compute/restorepointcollections/azurebackup_vm101-prod-csc-universal-soft01_929623889079237157,Restore Point Collection,US East,[],1.348724047,1.348724047,USD
azurebackuprg_eastus_1,/subscriptions/6276588a-9234-41ee-a81c-7538ea3a817e/resourcegroups/azurebackuprg_eastus_1,KioSoft Globalazure  Subscription,6276588a-9234-41ee-a81c-7538ea3a817e,azurebackup_vm147-prod-kiocentral-tool_929623887329958306,/subscriptions/6276588a-9234-41ee-a81c-7538ea3a817e/resourcegroups/azurebackuprg_eastus_1/providers/microsoft.compute/restorepointcollections/azurebackup_vm147-prod-kiocentral-tool_929623887329958306,Restore Point Collection,US East,[],1.22024803,1.22024803,USD
azurebackuprg_eastus_1,/subscriptions/6276588a-9234-41ee-a81c-7538ea3a817e/resourcegroups/azurebackuprg_eastus_1,KioSoft Globalazure  Subscription,6276588a-9234-41ee-a81c-7538ea3a817e,azurebackup_vm133-prod-csc-tms_929623888589302131,/subscriptions/6276588a-9234-41ee-a81c-7538ea3a817e/resourcegroups/azurebackuprg_eastus_1/providers/microsoft.compute/restorepointcollections/azurebackup_vm133-prod-csc-tms_929623888589302131,Restore Point Collection,US East,[],1.177559539,1.177559539,USD
azurebackuprg_eastus_1,/subscriptions/6276588a-9234-41ee-a81c-7538ea3a817e/resourcegroups/azurebackuprg_eastus_1,KioSoft Globalazure  Subscription,6276588a-9234-41ee-a81c-7538ea3a817e,azurebackup_prod-mqtt-coffee_929623888628586878,/subscriptions/6276588a-9234-41ee-a81c-7538ea3a817e/resourcegroups/azurebackuprg_eastus_1/providers/microsoft.compute/restorepointcollections/azurebackup_prod-mqtt-coffee_929623888628586878,Restore Point Collection,US East,[],1.111415163,1.111415163,USD
azurebackuprg_eastus_1,/subscriptions/6276588a-9234-41ee-a81c-7538ea3a817e/resourcegroups/azurebackuprg_eastus_1,KioSoft Globalazure  Subscription,6276588a-9234-41ee-a81c-7538ea3a817e,azurebackup_tmsprod-tms02_929623887726593831,/subscriptions/6276588a-9234-41ee-a81c-7538ea3a817e/resourcegroups/azurebackuprg_eastus_1/providers/microsoft.compute/restorepointcollections/azurebackup_tmsprod-tms02_929623887726593831,Restore Point Collection,US East,[],0.915528043,0.915528043,USD
azurebackuprg_eastus_1,/subscriptions/6276588a-9234-41ee-a81c-7538ea3a817e/resourcegroups/azurebackuprg_eastus_1,KioSoft Globalazure  Subscription,6276588a-9234-41ee-a81c-7538ea3a817e,azurebackup_vm20006-prod-backupserver_929623888652037688,/subscriptions/6276588a-9234-41ee-a81c-7538ea3a817e/resourcegroups/azurebackuprg_eastus_1/providers/microsoft.compute/restorepointcollections/azurebackup_vm20006-prod-backupserver_929623888652037688,Restore Point Collection,US East,[],0.904769448,0.904769448,USD
azurebackuprg_eastus_1,/subscriptions/6276588a-9234-41ee-a81c-7538ea3a817e/resourcegroups/azurebackuprg_eastus_1,KioSoft Globalazure  Subscription,6276588a-9234-41ee-a81c-7538ea3a817e,azurebackup_tmsprod-tms01_929623888630237019,/subscriptions/6276588a-9234-41ee-a81c-7538ea3a817e/resourcegroups/azurebackuprg_eastus_1/providers/microsoft.compute/restorepointcollections/azurebackup_tmsprod-tms01_929623888630237019,Restore Point Collection,US East,[],0.681287651,0.681287651,USD
azurebackuprg_eastus_1,/subscriptions/6276588a-9234-41ee-a81c-7538ea3a817e/resourcegroups/azurebackuprg_eastus_1,KioSoft Globalazure  Subscription,6276588a-9234-41ee-a81c-7538ea3a817e,azurebackup_vm136-prod-wazan-web01_929623887255601481,/subscriptions/6276588a-9234-41ee-a81c-7538ea3a817e/resourcegroups/azurebackuprg_eastus_1/providers/microsoft.compute/restorepointcollections/azurebackup_vm136-prod-wazan-web01_929623887255601481,Restore Point Collection,US East,[],0.602490657,0.602490657,USD
azurebackuprg_eastus_1,/subscriptions/6276588a-9234-41ee-a81c-7538ea3a817e/resourcegroups/azurebackuprg_eastus_1,KioSoft Globalazure  Subscription,6276588a-9234-41ee-a81c-7538ea3a817e,azurebackup_tmsprod-lb01_929623888688307930,/subscriptions/6276588a-9234-41ee-a81c-7538ea3a817e/resourcegroups/azurebackuprg_eastus_1/providers/microsoft.compute/restorepointcollections/azurebackup_tmsprod-lb01_929623888688307930,Restore Point Collection,US East,[],0.314697126,0.314697126,USD
rg50-prod-modem,/subscriptions/6276588a-9234-41ee-a81c-7538ea3a817e/resourcegroups/rg50-prod-modem,KioSoft Globalazure  Subscription,6276588a-9234-41ee-a81c-7538ea3a817e,mysql24-prod-modem,/subscriptions/6276588a-9234-41ee-a81c-7538ea3a817e/resourcegroups/rg50-prod-modem/providers/microsoft.dbformysql/flexibleservers/mysql24-prod-modem,Azure Database for MySQL flexible server,US East,"[""\""environment\"":\""production\"""",""\""db-usage\"":\""modem\"""",""\""db-size\"":\""general purpose, d2ads_v5, 2 vcores, 8 gib ram, 100 gib storage, 3200 iops\""""]",135.933063,135.933063,USD
rg50-prod-modem,/subscriptions/6276588a-9234-41ee-a81c-7538ea3a817e/resourcegroups/rg50-prod-modem,KioSoft Globalazure  Subscription,6276588a-9234-41ee-a81c-7538ea3a817e,vm73-prod-modem,/subscriptions/6276588a-9234-41ee-a81c-7538ea3a817e/resourcegroups/rg50-prod-modem/providers/microsoft.compute/virtualmachines/vm73-prod-modem,Virtual machine,"US East, Intercontinental","[""\""environment\"":\""production\"""",""\""product\"":\""internal - modem\"""",""\""publisher\"":\""microsoftwindowsserver\""""]",83.54946892,83.54946892,USD
rg50-prod-modem,/subscriptions/6276588a-9234-41ee-a81c-7538ea3a817e/resourcegroups/rg50-prod-modem,KioSoft Globalazure  Subscription,6276588a-9234-41ee-a81c-7538ea3a817e,mysql03-prod-modem-dbrestore04,/subscriptions/6276588a-9234-41ee-a81c-7538ea3a817e/resourcegroups/rg50-prod-modem/providers/microsoft.dbformysql/flexibleservers/mysql03-prod-modem-dbrestore04,Azure Database for MySQL flexible server,US East,"[""\""environment\"":\""production\"""",""\""db-usage\"":\""modem\"""",""\""db-size\"":\""general purpose, d2ads_v5, 2 vcores, 8 gib ram, 524 gib storage, 3200 iops\""""]",82.45098057,82.45098057,USD
rg50-prod-modem,/subscriptions/6276588a-9234-41ee-a81c-7538ea3a817e/resourcegroups/rg50-prod-modem,KioSoft Globalazure  Subscription,6276588a-9234-41ee-a81c-7538ea3a817e,vm73-prod-modem_osdisk_1_237266ce8eac4256b70c15497445e36c,/subscriptions/6276588a-9234-41ee-a81c-7538ea3a817e/resourcegroups/rg50-prod-modem/providers/microsoft.compute/disks/vm73-prod-modem_osdisk_1_237266ce8eac4256b70c15497445e36c,Disk,US East,[],74.79566507,74.79566507,USD
rg50-prod-modem,/subscriptions/6276588a-9234-41ee-a81c-7538ea3a817e/resourcegroups/rg50-prod-modem,KioSoft Globalazure  Subscription,6276588a-9234-41ee-a81c-7538ea3a817e,mysql03-prod-modem,/subscriptions/6276588a-9234-41ee-a81c-7538ea3a817e/resourcegroups/rg50-prod-modem/providers/microsoft.dbformysql/flexibleservers/mysql03-prod-modem,Azure Database for MySQL flexible server,US East,"[""\""environment\"":\""production\"""",""\""db-size\"":\""general purpose, d2ads_v5, 2 vcores, 8 gib ram, 524 gib storage, 3200 iops\"""",""\""db-usage\"":\""modem\""""]",61.6914166,61.6914166,USD
rg50-prod-modem,/subscriptions/6276588a-9234-41ee-a81c-7538ea3a817e/resourcegroups/rg50-prod-modem,KioSoft Globalazure  Subscription,6276588a-9234-41ee-a81c-7538ea3a817e,restore-mysql03-prod-modem-latest-0816,/subscriptions/6276588a-9234-41ee-a81c-7538ea3a817e/resourcegroups/rg50-prod-modem/providers/microsoft.dbformysql/flexibleservers/restore-mysql03-prod-modem-latest-0816,Azure Database for MySQL flexible server,US East,"[""\""environment\"":\""production\"""",""\""db-size\"":\""general purpose, d2ads_v5, 2 vcores, 8 gib ram, 524 gib storage, 3200 iops\"""",""\""db-usage\"":\""modem\""""]",32.5062179,32.5062179,USD
rg50-prod-modem,/subscriptions/6276588a-9234-41ee-a81c-7538ea3a817e/resourcegroups/rg50-prod-modem,KioSoft Globalazure  Subscription,6276588a-9234-41ee-a81c-7538ea3a817e,restore-mysql03-prod-modem-latest,/subscriptions/6276588a-9234-41ee-a81c-7538ea3a817e/resourcegroups/rg50-prod-modem/providers/microsoft.dbformysql/flexibleservers/restore-mysql03-prod-modem-latest,Azure Database for MySQL flexible server,US East,"[""\""environment\"":\""production\"""",""\""db-size\"":\""general purpose, d2ads_v5, 2 vcores, 8 gib ram, 524 gib storage, 3200 iops\"""",""\""db-usage\"":\""modem\""""]",28.37249437,28.37249437,USD
rg50-prod-modem,/subscriptions/6276588a-9234-41ee-a81c-7538ea3a817e/resourcegroups/rg50-prod-modem,KioSoft Globalazure  Subscription,6276588a-9234-41ee-a81c-7538ea3a817e,mysql03-prod-modem-dbrestore02,/subscriptions/6276588a-9234-41ee-a81c-7538ea3a817e/resourcegroups/rg50-prod-modem/providers/microsoft.dbformysql/flexibleservers/mysql03-prod-modem-dbrestore02,Azure Database for MySQL flexible server,US East,"[""\""environment\"":\""production\"""",""\""db-size\"":\""general purpose, d2ads_v5, 2 vcores, 8 gib ram, 524 gib storage, 3200 iops\"""",""\""db-usage\"":\""modem\""""]",28.03000332,28.03000332,USD
rg50-prod-modem,/subscriptions/6276588a-9234-41ee-a81c-7538ea3a817e/resourcegroups/rg50-prod-modem,KioSoft Globalazure  Subscription,6276588a-9234-41ee-a81c-7538ea3a817e,mysql03-prod-modem-dbrestore03,/subscriptions/6276588a-9234-41ee-a81c-7538ea3a817e/resourcegroups/rg50-prod-modem/providers/microsoft.dbformysql/flexibleservers/mysql03-prod-modem-dbrestore03,Azure Database for MySQL flexible server,US East,"[""\""environment\"":\""production\"""",""\""db-size\"":\""general purpose, d2ads_v5, 2 vcores, 8 gib ram, 524 gib storage, 3200 iops\"""",""\""db-usage\"":\""modem\""""]",28.03000332,28.03000332,USD
rg50-prod-modem,/subscriptions/6276588a-9234-41ee-a81c-7538ea3a817e/resourcegroups/rg50-prod-modem,KioSoft Globalazure  Subscription,6276588a-9234-41ee-a81c-7538ea3a817e,mysql03-prod-modem-dbrestore04-replica01,/subscriptions/6276588a-9234-41ee-a81c-7538ea3a817e/resourcegroups/rg50-prod-modem/providers/microsoft.dbformysql/flexibleservers/mysql03-prod-modem-dbrestore04-replica01,Azure Database for MySQL flexible server,US East,"[""\""environment\"":\""production\"""",""\""db-size\"":\""general purpose, d2ads_v5, 2 vcores, 8 gib ram, 524 gib storage, 3200 iops\"""",""\""db-usage\"":\""modem\""""]",16.2497582,16.2497582,USD
rg50-prod-modem,/subscriptions/6276588a-9234-41ee-a81c-7538ea3a817e/resourcegroups/rg50-prod-modem,KioSoft Globalazure  Subscription,6276588a-9234-41ee-a81c-7538ea3a817e,pip108-prod-modem,/subscriptions/6276588a-9234-41ee-a81c-7538ea3a817e/resourcegroups/rg50-prod-modem/providers/microsoft.network/publicipaddresses/pip108-prod-modem,Public IP address,US East,[],3.720198896,3.720198896,USD
rg50-prod-modem,/subscriptions/6276588a-9234-41ee-a81c-7538ea3a817e/resourcegroups/rg50-prod-modem,KioSoft Globalazure  Subscription,6276588a-9234-41ee-a81c-7538ea3a817e,restore-mysql03-prod-modem-latest-0816-replica01,/subscriptions/6276588a-9234-41ee-a81c-7538ea3a817e/resourcegroups/rg50-prod-modem/providers/microsoft.dbformysql/flexibleservers/restore-mysql03-prod-modem-latest-0816-replica01,Azure Database for MySQL flexible server,US East,"[""\""environment\"":\""production\"""",""\""db-size\"":\""general purpose, d2ads_v5, 2 vcores, 8 gib ram, 524 gib storage, 3200 iops\"""",""\""db-usage\"":\""modem\""""]",2.052151766,2.052151766,USD
rg50-prod-modem,/subscriptions/6276588a-9234-41ee-a81c-7538ea3a817e/resourcegroups/rg50-prod-modem,KioSoft Globalazure  Subscription,6276588a-9234-41ee-a81c-7538ea3a817e,high cpu usage-mysql03-prod-modem,/subscriptions/6276588a-9234-41ee-a81c-7538ea3a817e/resourcegroups/rg50-prod-modem/providers/microsoft.insights/metricalerts/high cpu usage-mysql03-prod-modem,microsoft.insights/metricalerts,Unknown,[],0.095838135,0.095838135,USD
rg50-prod-modem,/subscriptions/6276588a-9234-41ee-a81c-7538ea3a817e/resourcegroups/rg50-prod-modem,KioSoft Globalazure  Subscription,6276588a-9234-41ee-a81c-7538ea3a817e,high memory usage-mysql03-prod-modem,/subscriptions/6276588a-9234-41ee-a81c-7538ea3a817e/resourcegroups/rg50-prod-modem/providers/microsoft.insights/metricalerts/high memory usage-mysql03-prod-modem,microsoft.insights/metricalerts,Unknown,[],0.095838135,0.095838135,USD
rg50-prod-modem,/subscriptions/6276588a-9234-41ee-a81c-7538ea3a817e/resourcegroups/rg50-prod-modem,KioSoft Globalazure  Subscription,6276588a-9234-41ee-a81c-7538ea3a817e,high storage usage-mysql03-prod-modem,/subscriptions/6276588a-9234-41ee-a81c-7538ea3a817e/resourcegroups/rg50-prod-modem/providers/microsoft.insights/metricalerts/high storage usage-mysql03-prod-modem,microsoft.insights/metricalerts,Unknown,[],0.095838135,0.095838135,USD
rg50-prod-modem,/subscriptions/6276588a-9234-41ee-a81c-7538ea3a817e/resourcegroups/rg50-prod-modem,KioSoft Globalazure  Subscription,6276588a-9234-41ee-a81c-7538ea3a817e,high cpu usage-mysql24-prod-modem,/subscriptions/6276588a-9234-41ee-a81c-7538ea3a817e/resourcegroups/rg50-prod-modem/providers/microsoft.insights/metricalerts/high cpu usage-mysql24-prod-modem,microsoft.insights/metricalerts,Unknown,[],0.092355356,0.092355356,USD
rg50-prod-modem,/subscriptions/6276588a-9234-41ee-a81c-7538ea3a817e/resourcegroups/rg50-prod-modem,KioSoft Globalazure  Subscription,6276588a-9234-41ee-a81c-7538ea3a817e,high mem usage-mysql24-prod-modem,/subscriptions/6276588a-9234-41ee-a81c-7538ea3a817e/resourcegroups/rg50-prod-modem/providers/microsoft.insights/metricalerts/high mem usage-mysql24-prod-modem,microsoft.insights/metricalerts,Unknown,[],0.092097373,0.092097373,USD
rg50-prod-modem,/subscriptions/6276588a-9234-41ee-a81c-7538ea3a817e/resourcegroups/rg50-prod-modem,KioSoft Globalazure  Subscription,6276588a-9234-41ee-a81c-7538ea3a817e,high storage usage-mysql24-prod-modem,/subscriptions/6276588a-9234-41ee-a81c-7538ea3a817e/resourcegroups/rg50-prod-modem/providers/microsoft.insights/metricalerts/high storage usage-mysql24-prod-modem,microsoft.insights/metricalerts,Unknown,[],0.092097373,0.092097373,USD
rg50-prod-modem,/subscriptions/6276588a-9234-41ee-a81c-7538ea3a817e/resourcegroups/rg50-prod-modem,KioSoft Globalazure  Subscription,6276588a-9234-41ee-a81c-7538ea3a817e,high cpu usage-mysql03-prod-modem-dbrestore04,/subscriptions/6276588a-9234-41ee-a81c-7538ea3a817e/resourcegroups/rg50-prod-modem/providers/microsoft.insights/metricalerts/high cpu usage-mysql03-prod-modem-dbrestore04,microsoft.insights/metricalerts,Unknown,[],0.091710397,0.091710397,USD
rg50-prod-modem,/subscriptions/6276588a-9234-41ee-a81c-7538ea3a817e/resourcegroups/rg50-prod-modem,KioSoft Globalazure  Subscription,6276588a-9234-41ee-a81c-7538ea3a817e,high mem usage-mysql03-prod-modem-dbrestore04,/subscriptions/6276588a-9234-41ee-a81c-7538ea3a817e/resourcegroups/rg50-prod-modem/providers/microsoft.insights/metricalerts/high mem usage-mysql03-prod-modem-dbrestore04,microsoft.insights/metricalerts,Unknown,[],0.091710397,0.091710397,USD
rg50-prod-modem,/subscriptions/6276588a-9234-41ee-a81c-7538ea3a817e/resourcegroups/rg50-prod-modem,KioSoft Globalazure  Subscription,6276588a-9234-41ee-a81c-7538ea3a817e,high storage usage-mysql03-prod-modem-dbrestore04,/subscriptions/6276588a-9234-41ee-a81c-7538ea3a817e/resourcegroups/rg50-prod-modem/providers/microsoft.insights/metricalerts/high storage usage-mysql03-prod-modem-dbrestore04,microsoft.insights/metricalerts,Unknown,[],0.091710397,0.091710397,USD
rg50-prod-modem,/subscriptions/6276588a-9234-41ee-a81c-7538ea3a817e/resourcegroups/rg50-prod-modem,KioSoft Globalazure  Subscription,6276588a-9234-41ee-a81c-7538ea3a817e,[critical mysql offline]-mysql24-prod-modem,/subscriptions/6276588a-9234-41ee-a81c-7538ea3a817e/resourcegroups/rg50-prod-modem/providers/microsoft.insights/metricalerts/[critical mysql offline]-mysql24-prod-modem,microsoft.insights/metricalerts,Unknown,[],0.088743586,0.088743586,USD
rg50-prod-modem,/subscriptions/6276588a-9234-41ee-a81c-7538ea3a817e/resourcegroups/rg50-prod-modem,KioSoft Globalazure  Subscription,6276588a-9234-41ee-a81c-7538ea3a817e,[critical mysql offline]-mysql03-prod-modem-dbrestore04,/subscriptions/6276588a-9234-41ee-a81c-7538ea3a817e/resourcegroups/rg50-prod-modem/providers/microsoft.insights/metricalerts/[critical mysql offline]-mysql03-prod-modem-dbrestore04,microsoft.insights/metricalerts,Unknown,[],0.08616375,0.08616375,USD
rg50-prod-modem,/subscriptions/6276588a-9234-41ee-a81c-7538ea3a817e/resourcegroups/rg50-prod-modem,KioSoft Globalazure  Subscription,6276588a-9234-41ee-a81c-7538ea3a817e,[high storage io percent]-mysql24-prod-modem,/subscriptions/6276588a-9234-41ee-a81c-7538ea3a817e/resourcegroups/rg50-prod-modem/providers/microsoft.insights/metricalerts/[high storage io percent]-mysql24-prod-modem,microsoft.insights/metricalerts,Unknown,[],0.086162825,0.086162825,USD
rg50-prod-modem,/subscriptions/6276588a-9234-41ee-a81c-7538ea3a817e/resourcegroups/rg50-prod-modem,KioSoft Globalazure  Subscription,6276588a-9234-41ee-a81c-7538ea3a817e,[high storage io percent]-mysql03-prod-modem-dbrestore04,/subscriptions/6276588a-9234-41ee-a81c-7538ea3a817e/resourcegroups/rg50-prod-modem/providers/microsoft.insights/metricalerts/[high storage io percent]-mysql03-prod-modem-dbrestore04,microsoft.insights/metricalerts,Unknown,[],0.079327184,0.079327184,USD
sut,/subscriptions/6276588a-9234-41ee-a81c-7538ea3a817e/resourcegroups/sut,KioSoft Globalazure  Subscription,6276588a-9234-41ee-a81c-7538ea3a817e,ks-fgt,/subscriptions/6276588a-9234-41ee-a81c-7538ea3a817e/resourcegroups/sut/providers/microsoft.compute/virtualmachines/ks-fgt,Virtual machine,US East 2,"[""\""provider\"":\""6eb3b02f-50e5-4a3e-8cb8-2e12925831vm\"""",""\""product\"":\""fortinet\""""]",287.2810043,287.2810043,USD
sut,/subscriptions/6276588a-9234-41ee-a81c-7538ea3a817e/resourcegroups/sut,KioSoft Globalazure  Subscription,6276588a-9234-41ee-a81c-7538ea3a817e,sut_vnetgateway,/subscriptions/6276588a-9234-41ee-a81c-7538ea3a817e/resourcegroups/sut/providers/microsoft.network/virtualnetworkgateways/sut_vnetgateway,Virtual network gateway,US East 2,[],141.3592328,141.3592328,USD
sut,/subscriptions/6276588a-9234-41ee-a81c-7538ea3a817e/resourcegroups/sut,KioSoft Globalazure  Subscription,6276588a-9234-41ee-a81c-7538ea3a817e,sutserver01,/subscriptions/6276588a-9234-41ee-a81c-7538ea3a817e/resourcegroups/sut/providers/microsoft.compute/virtualmachines/sutserver01,Virtual machine,"US East 2, Intercontinental","[""\""environment\"":\""production\"""",""\""product\"":\""internal - tti server/crm/rma\"""",""\""publisher\"":\""microsoftwindowsserver\""""]",83.34532761,83.34532761,USD
sut,/subscriptions/6276588a-9234-41ee-a81c-7538ea3a817e/resourcegroups/sut,KioSoft Globalazure  Subscription,6276588a-9234-41ee-a81c-7538ea3a817e,sutserver01-new_osdisk_1_a06c711facad49a48f8208abbaca4778,/subscriptions/6276588a-9234-41ee-a81c-7538ea3a817e/resourcegroups/sut/providers/microsoft.compute/disks/sutserver01-new_osdisk_1_a06c711facad49a48f8208abbaca4778,Disk,US East 2,[],18.30222453,18.30222453,USD
sut,/subscriptions/6276588a-9234-41ee-a81c-7538ea3a817e/resourcegroups/sut,KioSoft Globalazure  Subscription,6276588a-9234-41ee-a81c-7538ea3a817e,sutserver02,/subscriptions/6276588a-9234-41ee-a81c-7538ea3a817e/resourcegroups/sut/providers/microsoft.compute/virtualmachines/sutserver02,Virtual machine,US East 2,"[""\""environment\"":\""production\"""",""\""publisher\"":\""canonical\"""",""\""product\"":\""internal - sut vpn \""""]",14.89292989,14.89292989,USD
sut,/subscriptions/6276588a-9234-41ee-a81c-7538ea3a817e/resourcegroups/sut,KioSoft Globalazure  Subscription,6276588a-9234-41ee-a81c-7538ea3a817e,ks-fgt_disk2_38c86f7ae9ed4a9681c35ca89d1c0156,/subscriptions/6276588a-9234-41ee-a81c-7538ea3a817e/resourcegroups/sut/providers/microsoft.compute/disks/ks-fgt_disk2_38c86f7ae9ed4a9681c35ca89d1c0156,Disk,US East 2,"[""\""provider\"":\""6eb3b02f-50e5-4a3e-8cb8-2e12925831vm\"""",""\""product\"":\""fortinet\""""]",4.915434783,4.915434783,USD
sut,/subscriptions/6276588a-9234-41ee-a81c-7538ea3a817e/resourcegroups/sut,KioSoft Globalazure  Subscription,6276588a-9234-41ee-a81c-7538ea3a817e,sutserver02_disk1_2d3f6d24be204a268f3cae7fe4263767,/subscriptions/6276588a-9234-41ee-a81c-7538ea3a817e/resourcegroups/sut/providers/microsoft.compute/disks/sutserver02_disk1_2d3f6d24be204a268f3cae7fe4263767,Disk,US East 2,[],4.90561724,4.90561724,USD
sut,/subscriptions/6276588a-9234-41ee-a81c-7538ea3a817e/resourcegroups/sut,KioSoft Globalazure  Subscription,6276588a-9234-41ee-a81c-7538ea3a817e,sutserver01-ip,/subscriptions/6276588a-9234-41ee-a81c-7538ea3a817e/resourcegroups/sut/providers/microsoft.network/publicipaddresses/sutserver01-ip,Public IP address,US East 2,[],3.715198841,3.715198841,USD
sut,/subscriptions/6276588a-9234-41ee-a81c-7538ea3a817e/resourcegroups/sut,KioSoft Globalazure  Subscription,6276588a-9234-41ee-a81c-7538ea3a817e,sutserver02ip184,/subscriptions/6276588a-9234-41ee-a81c-7538ea3a817e/resourcegroups/sut/providers/microsoft.network/publicipaddresses/sutserver02ip184,Public IP address,US East 2,[],3.715191862,3.715191862,USD
sut,/subscriptions/6276588a-9234-41ee-a81c-7538ea3a817e/resourcegroups/sut,KioSoft Globalazure  Subscription,6276588a-9234-41ee-a81c-7538ea3a817e,sut_vnetgateway1_publicip1,/subscriptions/6276588a-9234-41ee-a81c-7538ea3a817e/resourcegroups/sut/providers/microsoft.network/publicipaddresses/sut_vnetgateway1_publicip1,Public IP address,US East 2,[],2.975956931,2.975956931,USD
sut,/subscriptions/6276588a-9234-41ee-a81c-7538ea3a817e/resourcegroups/sut,KioSoft Globalazure  Subscription,6276588a-9234-41ee-a81c-7538ea3a817e,ks-fgt-pip,/subscriptions/6276588a-9234-41ee-a81c-7538ea3a817e/resourcegroups/sut/providers/microsoft.network/publicipaddresses/ks-fgt-pip,Public IP address,US East 2,"[""\""provider\"":\""6eb3b02f-50e5-4a3e-8cb8-2e12925831vm\"""",""\""product\"":\""fortinet\""""]",2.67994145,2.67994145,USD
sut,/subscriptions/6276588a-9234-41ee-a81c-7538ea3a817e/resourcegroups/sut,KioSoft Globalazure  Subscription,6276588a-9234-41ee-a81c-7538ea3a817e,ks-fgt_osdisk_1_9f02230dd01446fdbc896a9e669fa7a6,/subscriptions/6276588a-9234-41ee-a81c-7538ea3a817e/resourcegroups/sut/providers/microsoft.compute/disks/ks-fgt_osdisk_1_9f02230dd01446fdbc896a9e669fa7a6,Disk,US East 2,"[""\""provider\"":\""6eb3b02f-50e5-4a3e-8cb8-2e12925831vm\"""",""\""product\"":\""fortinet\""""]",0.610282015,0.610282015,USD
sut,/subscriptions/6276588a-9234-41ee-a81c-7538ea3a817e/resourcegroups/sut,KioSoft Globalazure  Subscription,6276588a-9234-41ee-a81c-7538ea3a817e,hosttohost-nuvolinq_datacenter1,/subscriptions/6276588a-9234-41ee-a81c-7538ea3a817e/resourcegroups/sut/providers/microsoft.network/connections/hosttohost-nuvolinq_datacenter1,Connection,US East 2,[],0.115195342,0.115195342,USD
sut,/subscriptions/6276588a-9234-41ee-a81c-7538ea3a817e/resourcegroups/sut,KioSoft Globalazure  Subscription,6276588a-9234-41ee-a81c-7538ea3a817e,high cpu usage-sutserver02,/subscriptions/6276588a-9234-41ee-a81c-7538ea3a817e/resourcegroups/sut/providers/microsoft.insights/metricalerts/high cpu usage-sutserver02,microsoft.insights/metricalerts,Unknown,[],0.095838135,0.095838135,USD
sut,/subscriptions/6276588a-9234-41ee-a81c-7538ea3a817e/resourcegroups/sut,KioSoft Globalazure  Subscription,6276588a-9234-41ee-a81c-7538ea3a817e,high mem usage-sutserver02,/subscriptions/6276588a-9234-41ee-a81c-7538ea3a817e/resourcegroups/sut/providers/microsoft.insights/metricalerts/high mem usage-sutserver02,microsoft.insights/metricalerts,Unknown,[],0.095838135,0.095838135,USD
sut,/subscriptions/6276588a-9234-41ee-a81c-7538ea3a817e/resourcegroups/sut,KioSoft Globalazure  Subscription,6276588a-9234-41ee-a81c-7538ea3a817e,percentage cpu - ks-fgt,/subscriptions/6276588a-9234-41ee-a81c-7538ea3a817e/resourcegroups/sut/providers/microsoft.insights/metricalerts/percentage cpu - ks-fgt,microsoft.insights/metricalerts,Unknown,"[""\""product\"":\""fortinet\""""]",0.09583721,0.09583721,USD
sut,/subscriptions/6276588a-9234-41ee-a81c-7538ea3a817e/resourcegroups/sut,KioSoft Globalazure  Subscription,6276588a-9234-41ee-a81c-7538ea3a817e,vm availability - ks-fgt,/subscriptions/6276588a-9234-41ee-a81c-7538ea3a817e/resourcegroups/sut/providers/microsoft.insights/metricalerts/vm availability - ks-fgt,microsoft.insights/metricalerts,Unknown,"[""\""product\"":\""fortinet\""""]",0.09583721,0.09583721,USD
cmk,/subscriptions/6276588a-9234-41ee-a81c-7538ea3a817e/resourcegroups/cmk,KioSoft Globalazure  Subscription,6276588a-9234-41ee-a81c-7538ea3a817e,mysql10-prod-universal,/subscriptions/6276588a-9234-41ee-a81c-7538ea3a817e/resourcegroups/cmk/providers/microsoft.dbformysql/flexibleservers/mysql10-prod-universal,Azure Database for MySQL flexible server,US East,"[""\""environment\"":\""production\"""",""\""db-size\"":\""general purpose, d2ads_v5, 2 vcores, 8 gib ram, 100 gib storage, 3200 iops\"""",""\""db-usage\"":\""universal\""""]",92.93366798,92.93366798,USD
cmk,/subscriptions/6276588a-9234-41ee-a81c-7538ea3a817e/resourcegroups/cmk,KioSoft Globalazure  Subscription,6276588a-9234-41ee-a81c-7538ea3a817e,prod-universal-db01,/subscriptions/6276588a-9234-41ee-a81c-7538ea3a817e/resourcegroups/cmk/providers/microsoft.compute/virtualmachines/prod-universal-db01,Virtual machine,"US East, Intercontinental","[""\""environment\"":\""production\"""",""\""product\"":\""universal - db01\"""",""\""publisher\"":\""openlogic\""""]",50.75202228,50.75202228,USD
cmk,/subscriptions/6276588a-9234-41ee-a81c-7538ea3a817e/resourcegroups/cmk,KioSoft Globalazure  Subscription,6276588a-9234-41ee-a81c-7538ea3a817e,prod-universal-web01-new,/subscriptions/6276588a-9234-41ee-a81c-7538ea3a817e/resourcegroups/cmk/providers/microsoft.compute/virtualmachines/prod-universal-web01-new,Virtual machine,"US East, Intercontinental","[""\""environment\"":\""production\"""",""\""product\"":\""universal - web01\"""",""\""publisher\"":\""openlogic\""""]",43.54816894,43.54816894,USD
cmk,/subscriptions/6276588a-9234-41ee-a81c-7538ea3a817e/resourcegroups/cmk,KioSoft Globalazure  Subscription,6276588a-9234-41ee-a81c-7538ea3a817e,prod-universal-web02-new,/subscriptions/6276588a-9234-41ee-a81c-7538ea3a817e/resourcegroups/cmk/providers/microsoft.compute/virtualmachines/prod-universal-web02-new,Virtual machine,US East,"[""\""environment\"":\""production\"""",""\""product\"":\""universal - web02\"""",""\""publisher\"":\""openlogic\""""]",43.28465373,43.28465373,USD
cmk,/subscriptions/6276588a-9234-41ee-a81c-7538ea3a817e/resourcegroups/cmk,KioSoft Globalazure  Subscription,6276588a-9234-41ee-a81c-7538ea3a817e,vm139-prod-universal-web03,/subscriptions/6276588a-9234-41ee-a81c-7538ea3a817e/resourcegroups/cmk/providers/microsoft.compute/virtualmachines/vm139-prod-universal-web03,Virtual machine,"US East, Intercontinental","[""\""environment\"":\""production\"""",""\""product\"":\""universal - web03\"""",""\""publisher\"":\""openlogic\""""]",41.98941085,41.98941085,USD
cmk,/subscriptions/6276588a-9234-41ee-a81c-7538ea3a817e/resourcegroups/cmk,KioSoft Globalazure  Subscription,6276588a-9234-41ee-a81c-7538ea3a817e,new-prod-universal_osdisk_1_b6073e6ffc6149e3889bf087c5f7da76-202209061431,/subscriptions/6276588a-9234-41ee-a81c-7538ea3a817e/resourcegroups/cmk/providers/microsoft.compute/disks/new-prod-universal_osdisk_1_b6073e6ffc6149e3889bf087c5f7da76-202209061431,Disk,US East,[],38.83323151,38.83323151,USD
cmk,/subscriptions/6276588a-9234-41ee-a81c-7538ea3a817e/resourcegroups/cmk,KioSoft Globalazure  Subscription,6276588a-9234-41ee-a81c-7538ea3a817e,sa37produniversal,/subscriptions/6276588a-9234-41ee-a81c-7538ea3a817e/resourcegroups/cmk/providers/microsoft.storage/storageaccounts/sa37produniversal,Storage account,US East,[],20.50778485,20.50778485,USD
cmk,/subscriptions/6276588a-9234-41ee-a81c-7538ea3a817e/resourcegroups/cmk,KioSoft Globalazure  Subscription,6276588a-9234-41ee-a81c-7538ea3a817e,new-prod-universal-web02_osdisk_1_1460efb8ec6a46988cfb86a06bcefadc-20220909,/subscriptions/6276588a-9234-41ee-a81c-7538ea3a817e/resourcegroups/cmk/providers/microsoft.compute/disks/new-prod-universal-web02_osdisk_1_1460efb8ec6a46988cfb86a06bcefadc-20220909,Disk,US East,[],20.16704208,20.16704208,USD
cmk,/subscriptions/6276588a-9234-41ee-a81c-7538ea3a817e/resourcegroups/cmk,KioSoft Globalazure  Subscription,6276588a-9234-41ee-a81c-7538ea3a817e,cmk_osdisk_1_877fdd916a1c4a98abf230e509521e82,/subscriptions/6276588a-9234-41ee-a81c-7538ea3a817e/resourcegroups/cmk/providers/microsoft.compute/disks/cmk_osdisk_1_877fdd916a1c4a98abf230e509521e82,Disk,US East,[],20.13962042,20.13962042,USD
cmk,/subscriptions/6276588a-9234-41ee-a81c-7538ea3a817e/resourcegroups/cmk,KioSoft Globalazure  Subscription,6276588a-9234-41ee-a81c-7538ea3a817e,vm139produniversalweb03-osdisk-20241105-054648,/subscriptions/6276588a-9234-41ee-a81c-7538ea3a817e/resourcegroups/cmk/providers/microsoft.compute/disks/vm139produniversalweb03-osdisk-20241105-054648,Disk,US East,"[""\""rsvaultbackup\"":\""50af4d03-99bd-4d0f-add9-9c0bdcc8a491\""""]",20.13962042,20.13962042,USD
cmk,/subscriptions/6276588a-9234-41ee-a81c-7538ea3a817e/resourcegroups/cmk,KioSoft Globalazure  Subscription,6276588a-9234-41ee-a81c-7538ea3a817e,new-prod-universal-web01_osdisk_1_d9bed20442044741973316466ba092d5-202209071420,/subscriptions/6276588a-9234-41ee-a81c-7538ea3a817e/resourcegroups/cmk/providers/microsoft.compute/disks/new-prod-universal-web01_osdisk_1_d9bed20442044741973316466ba092d5-202209071420,Disk,US East,[],20.11219877,20.11219877,USD
cmk,/subscriptions/6276588a-9234-41ee-a81c-7538ea3a817e/resourcegroups/cmk,KioSoft Globalazure  Subscription,6276588a-9234-41ee-a81c-7538ea3a817e,cmk,/subscriptions/6276588a-9234-41ee-a81c-7538ea3a817e/resourcegroups/cmk/providers/microsoft.compute/virtualmachines/cmk,Virtual machine,"US East, Intercontinental","[""\""environment\"":\""production\"""",""\""publisher\"":\""openlogic\"""",""\""product\"":\""market - coffee\""""]",19.17178491,19.17178491,USD
cmk,/subscriptions/6276588a-9234-41ee-a81c-7538ea3a817e/resourcegroups/cmk,KioSoft Globalazure  Subscription,6276588a-9234-41ee-a81c-7538ea3a817e,universal-loadbalance-prod,/subscriptions/6276588a-9234-41ee-a81c-7538ea3a817e/resourcegroups/cmk/providers/microsoft.network/loadbalancers/universal-loadbalance-prod,Load balancer,US East,[],18.60204205,18.60204205,USD
cmk,/subscriptions/6276588a-9234-41ee-a81c-7538ea3a817e/resourcegroups/cmk,KioSoft Globalazure  Subscription,6276588a-9234-41ee-a81c-7538ea3a817e,vm147-prod-kiocentral-tool,/subscriptions/6276588a-9234-41ee-a81c-7538ea3a817e/resourcegroups/cmk/providers/microsoft.compute/virtualmachines/vm147-prod-kiocentral-tool,Virtual machine,US East,"[""\""environment\"":\""production\"""",""\""publisher\"":\""openlogic\"""",""\""product\"":\""kiocentral-tool\""""]",14.87161719,14.87161719,USD
cmk,/subscriptions/6276588a-9234-41ee-a81c-7538ea3a817e/resourcegroups/cmk,KioSoft Globalazure  Subscription,6276588a-9234-41ee-a81c-7538ea3a817e,vm147-prod-kiocentral-tool_osdisk_1_c57e1084985d4cbebfc1f45ef076c3e1,/subscriptions/6276588a-9234-41ee-a81c-7538ea3a817e/resourcegroups/cmk/providers/microsoft.compute/disks/vm147-prod-kiocentral-tool_osdisk_1_c57e1084985d4cbebfc1f45ef076c3e1,Disk,US East,[],10.42716131,10.42716131,USD
cmk,/subscriptions/6276588a-9234-41ee-a81c-7538ea3a817e/resourcegroups/cmk,KioSoft Globalazure  Subscription,6276588a-9234-41ee-a81c-7538ea3a817e,priend03-prod-universal,/subscriptions/6276588a-9234-41ee-a81c-7538ea3a817e/resourcegroups/cmk/providers/microsoft.network/privateendpoints/priend03-prod-universal,Private endpoint,US East,[],7.438121032,7.438121032,USD
cmk,/subscriptions/6276588a-9234-41ee-a81c-7538ea3a817e/resourcegroups/cmk,KioSoft Globalazure  Subscription,6276588a-9234-41ee-a81c-7538ea3a817e,cmk-ip,/subscriptions/6276588a-9234-41ee-a81c-7538ea3a817e/resourcegroups/cmk/providers/microsoft.network/publicipaddresses/cmk-ip,Public IP address,US East,[],3.720198896,3.720198896,USD
cmk,/subscriptions/6276588a-9234-41ee-a81c-7538ea3a817e/resourcegroups/cmk,KioSoft Globalazure  Subscription,6276588a-9234-41ee-a81c-7538ea3a817e,pip169-vm139-prod-universal-web03,/subscriptions/6276588a-9234-41ee-a81c-7538ea3a817e/resourcegroups/cmk/providers/microsoft.network/publicipaddresses/pip169-vm139-prod-universal-web03,Public IP address,US East,[],3.720198896,3.720198896,USD
cmk,/subscriptions/6276588a-9234-41ee-a81c-7538ea3a817e/resourcegroups/cmk,KioSoft Globalazure  Subscription,6276588a-9234-41ee-a81c-7538ea3a817e,pip176-vm147-prod-kiocentral-tool,/subscriptions/6276588a-9234-41ee-a81c-7538ea3a817e/resourcegroups/cmk/providers/microsoft.network/publicipaddresses/pip176-vm147-prod-kiocentral-tool,Public IP address,US East,[],3.720198896,3.720198896,USD
cmk,/subscriptions/6276588a-9234-41ee-a81c-7538ea3a817e/resourcegroups/cmk,KioSoft Globalazure  Subscription,6276588a-9234-41ee-a81c-7538ea3a817e,prod-universal-ip,/subscriptions/6276588a-9234-41ee-a81c-7538ea3a817e/resourcegroups/cmk/providers/microsoft.network/publicipaddresses/prod-universal-ip,Public IP address,US East,[],3.720198896,3.720198896,USD
cmk,/subscriptions/6276588a-9234-41ee-a81c-7538ea3a817e/resourcegroups/cmk,KioSoft Globalazure  Subscription,6276588a-9234-41ee-a81c-7538ea3a817e,prod-universal-lb01-ip,/subscriptions/6276588a-9234-41ee-a81c-7538ea3a817e/resourcegroups/cmk/providers/microsoft.network/publicipaddresses/prod-universal-lb01-ip,Public IP address,US East,[],3.720198896,3.720198896,USD
cmk,/subscriptions/6276588a-9234-41ee-a81c-7538ea3a817e/resourcegroups/cmk,KioSoft Globalazure  Subscription,6276588a-9234-41ee-a81c-7538ea3a817e,prod-universal-web01-ip,/subscriptions/6276588a-9234-41ee-a81c-7538ea3a817e/resourcegroups/cmk/providers/microsoft.network/publicipaddresses/prod-universal-web01-ip,Public IP address,US East,[],3.720198896,3.720198896,USD
cmk,/subscriptions/6276588a-9234-41ee-a81c-7538ea3a817e/resourcegroups/cmk,KioSoft Globalazure  Subscription,6276588a-9234-41ee-a81c-7538ea3a817e,prod-universal-web02-ip,/subscriptions/6276588a-9234-41ee-a81c-7538ea3a817e/resourcegroups/cmk/providers/microsoft.network/publicipaddresses/prod-universal-web02-ip,Public IP address,US East,[],3.720198896,3.720198896,USD
cmk,/subscriptions/6276588a-9234-41ee-a81c-7538ea3a817e/resourcegroups/cmk,KioSoft Globalazure  Subscription,6276588a-9234-41ee-a81c-7538ea3a817e,privatelink.file.core.windows.net,/subscriptions/6276588a-9234-41ee-a81c-7538ea3a817e/resourcegroups/cmk/providers/microsoft.network/privatednszones/privatelink.file.core.windows.net,Private DNS zone,Unknown,[],0.499539216,0.499539216,USD
cmk,/subscriptions/6276588a-9234-41ee-a81c-7538ea3a817e/resourcegroups/cmk,KioSoft Globalazure  Subscription,6276588a-9234-41ee-a81c-7538ea3a817e,privatelink.mysql.database.azure.com,/subscriptions/6276588a-9234-41ee-a81c-7538ea3a817e/resourcegroups/cmk/providers/microsoft.network/privatednszones/privatelink.mysql.database.azure.com,Private DNS zone,Unknown,[],0.499539216,0.499539216,USD
cmk,/subscriptions/6276588a-9234-41ee-a81c-7538ea3a817e/resourcegroups/cmk,KioSoft Globalazure  Subscription,6276588a-9234-41ee-a81c-7538ea3a817e,restore-mysql10-prod-universal,/subscriptions/6276588a-9234-41ee-a81c-7538ea3a817e/resourcegroups/cmk/providers/microsoft.dbformysql/flexibleservers/restore-mysql10-prod-universal,Azure Database for MySQL flexible server,US East,"[""\""environment\"":\""production\"""",""\""db-size\"":\""general purpose, d2ads_v5, 2 vcores, 8 gib ram, 100 gib storage, 3200 iops\"""",""\""db-usage\"":\""universal\""""]",0.351916972,0.351916972,USD
cmk,/subscriptions/6276588a-9234-41ee-a81c-7538ea3a817e/resourcegroups/cmk,KioSoft Globalazure  Subscription,6276588a-9234-41ee-a81c-7538ea3a817e,high cpu usage-coffee,/subscriptions/6276588a-9234-41ee-a81c-7538ea3a817e/resourcegroups/cmk/providers/microsoft.insights/metricalerts/high cpu usage-coffee,microsoft.insights/metricalerts,Unknown,[],0.095838135,0.095838135,USD
cmk,/subscriptions/6276588a-9234-41ee-a81c-7538ea3a817e/resourcegroups/cmk,KioSoft Globalazure  Subscription,6276588a-9234-41ee-a81c-7538ea3a817e,high cpu usage-universal-db01,/subscriptions/6276588a-9234-41ee-a81c-7538ea3a817e/resourcegroups/cmk/providers/microsoft.insights/metricalerts/high cpu usage-universal-db01,microsoft.insights/metricalerts,Unknown,[],0.095838135,0.095838135,USD
cmk,/subscriptions/6276588a-9234-41ee-a81c-7538ea3a817e/resourcegroups/cmk,KioSoft Globalazure  Subscription,6276588a-9234-41ee-a81c-7538ea3a817e,high cpu usage-universal-web01,/subscriptions/6276588a-9234-41ee-a81c-7538ea3a817e/resourcegroups/cmk/providers/microsoft.insights/metricalerts/high cpu usage-universal-web01,microsoft.insights/metricalerts,Unknown,[],0.095838135,0.095838135,USD
cmk,/subscriptions/6276588a-9234-41ee-a81c-7538ea3a817e/resourcegroups/cmk,KioSoft Globalazure  Subscription,6276588a-9234-41ee-a81c-7538ea3a817e,high cpu usage-universal-web02,/subscriptions/6276588a-9234-41ee-a81c-7538ea3a817e/resourcegroups/cmk/providers/microsoft.insights/metricalerts/high cpu usage-universal-web02,microsoft.insights/metricalerts,Unknown,[],0.095838135,0.095838135,USD
cmk,/subscriptions/6276588a-9234-41ee-a81c-7538ea3a817e/resourcegroups/cmk,KioSoft Globalazure  Subscription,6276588a-9234-41ee-a81c-7538ea3a817e,high mem usage-coffee,/subscriptions/6276588a-9234-41ee-a81c-7538ea3a817e/resourcegroups/cmk/providers/microsoft.insights/metricalerts/high mem usage-coffee,microsoft.insights/metricalerts,Unknown,[],0.095838135,0.095838135,USD
cmk,/subscriptions/6276588a-9234-41ee-a81c-7538ea3a817e/resourcegroups/cmk,KioSoft Globalazure  Subscription,6276588a-9234-41ee-a81c-7538ea3a817e,high mem usage-mysql10-prod-universal,/subscriptions/6276588a-9234-41ee-a81c-7538ea3a817e/resourcegroups/cmk/providers/microsoft.insights/metricalerts/high mem usage-mysql10-prod-universal,microsoft.insights/metricalerts,Unknown,[],0.095838135,0.095838135,USD
cmk,/subscriptions/6276588a-9234-41ee-a81c-7538ea3a817e/resourcegroups/cmk,KioSoft Globalazure  Subscription,6276588a-9234-41ee-a81c-7538ea3a817e,high mem usage-universal-db01,/subscriptions/6276588a-9234-41ee-a81c-7538ea3a817e/resourcegroups/cmk/providers/microsoft.insights/metricalerts/high mem usage-universal-db01,microsoft.insights/metricalerts,Unknown,[],0.095838135,0.095838135,USD
cmk,/subscriptions/6276588a-9234-41ee-a81c-7538ea3a817e/resourcegroups/cmk,KioSoft Globalazure  Subscription,6276588a-9234-41ee-a81c-7538ea3a817e,high mem usage-universal-web01,/subscriptions/6276588a-9234-41ee-a81c-7538ea3a817e/resourcegroups/cmk/providers/microsoft.insights/metricalerts/high mem usage-universal-web01,microsoft.insights/metricalerts,Unknown,[],0.095838135,0.095838135,USD
cmk,/subscriptions/6276588a-9234-41ee-a81c-7538ea3a817e/resourcegroups/cmk,KioSoft Globalazure  Subscription,6276588a-9234-41ee-a81c-7538ea3a817e,high mem usage-universal-web02,/subscriptions/6276588a-9234-41ee-a81c-7538ea3a817e/resourcegroups/cmk/providers/microsoft.insights/metricalerts/high mem usage-universal-web02,microsoft.insights/metricalerts,Unknown,[],0.095838135,0.095838135,USD
cmk,/subscriptions/6276588a-9234-41ee-a81c-7538ea3a817e/resourcegroups/cmk,KioSoft Globalazure  Subscription,6276588a-9234-41ee-a81c-7538ea3a817e,high memory usage-prod-universal,/subscriptions/6276588a-9234-41ee-a81c-7538ea3a817e/resourcegroups/cmk/providers/microsoft.insights/metricalerts/high memory usage-prod-universal,microsoft.insights/metricalerts,Unknown,[],0.095838135,0.095838135,USD
cmk,/subscriptions/6276588a-9234-41ee-a81c-7538ea3a817e/resourcegroups/cmk,KioSoft Globalazure  Subscription,6276588a-9234-41ee-a81c-7538ea3a817e,high network in universal-db01,/subscriptions/6276588a-9234-41ee-a81c-7538ea3a817e/resourcegroups/cmk/providers/microsoft.insights/metricalerts/high network in universal-db01,microsoft.insights/metricalerts,Unknown,[],0.095838135,0.095838135,USD
cmk,/subscriptions/6276588a-9234-41ee-a81c-7538ea3a817e/resourcegroups/cmk,KioSoft Globalazure  Subscription,6276588a-9234-41ee-a81c-7538ea3a817e,high storage usage-mariadb04-prod-universal,/subscriptions/6276588a-9234-41ee-a81c-7538ea3a817e/resourcegroups/cmk/providers/microsoft.insights/metricalerts/high storage usage-mariadb04-prod-universal,microsoft.insights/metricalerts,Unknown,[],0.095838135,0.095838135,USD
cmk,/subscriptions/6276588a-9234-41ee-a81c-7538ea3a817e/resourcegroups/cmk,KioSoft Globalazure  Subscription,6276588a-9234-41ee-a81c-7538ea3a817e,high cpu usage-mysql10-prod-universal,/subscriptions/6276588a-9234-41ee-a81c-7538ea3a817e/resourcegroups/cmk/providers/microsoft.insights/metricalerts/high cpu usage-mysql10-prod-universal,microsoft.insights/metricalerts,Unknown,[],0.09583721,0.09583721,USD
cmk,/subscriptions/6276588a-9234-41ee-a81c-7538ea3a817e/resourcegroups/cmk,KioSoft Globalazure  Subscription,6276588a-9234-41ee-a81c-7538ea3a817e,high cpu usage-prod-universal,/subscriptions/6276588a-9234-41ee-a81c-7538ea3a817e/resourcegroups/cmk/providers/microsoft.insights/metricalerts/high cpu usage-prod-universal,microsoft.insights/metricalerts,Unknown,[],0.09583721,0.09583721,USD
cmk,/subscriptions/6276588a-9234-41ee-a81c-7538ea3a817e/resourcegroups/cmk,KioSoft Globalazure  Subscription,6276588a-9234-41ee-a81c-7538ea3a817e,ddos attack-universal,/subscriptions/6276588a-9234-41ee-a81c-7538ea3a817e/resourcegroups/cmk/providers/microsoft.insights/metricalerts/ddos attack-universal,microsoft.insights/metricalerts,Unknown,[],0.095709143,0.095709143,USD
cmk,/subscriptions/6276588a-9234-41ee-a81c-7538ea3a817e/resourcegroups/cmk,KioSoft Globalazure  Subscription,6276588a-9234-41ee-a81c-7538ea3a817e,high storage usage-mysql10-prod-universal,/subscriptions/6276588a-9234-41ee-a81c-7538ea3a817e/resourcegroups/cmk/providers/microsoft.insights/metricalerts/high storage usage-mysql10-prod-universal,microsoft.insights/metricalerts,Unknown,[],0.095709143,0.095709143,USD
cmk,/subscriptions/6276588a-9234-41ee-a81c-7538ea3a817e/resourcegroups/cmk,KioSoft Globalazure  Subscription,6276588a-9234-41ee-a81c-7538ea3a817e,[high storage io percent]-mysql10-prod-universal,/subscriptions/6276588a-9234-41ee-a81c-7538ea3a817e/resourcegroups/cmk/providers/microsoft.insights/metricalerts/[high storage io percent]-mysql10-prod-universal,microsoft.insights/metricalerts,Unknown,[],0.08616375,0.08616375,USD
cmk,/subscriptions/6276588a-9234-41ee-a81c-7538ea3a817e/resourcegroups/cmk,KioSoft Globalazure  Subscription,6276588a-9234-41ee-a81c-7538ea3a817e,[critical mysql offline]-mysql10-prod-universal,/subscriptions/6276588a-9234-41ee-a81c-7538ea3a817e/resourcegroups/cmk/providers/microsoft.insights/metricalerts/[critical mysql offline]-mysql10-prod-universal,microsoft.insights/metricalerts,Unknown,[],0.06113934,0.06113934,USD
cmk,/subscriptions/6276588a-9234-41ee-a81c-7538ea3a817e/resourcegroups/cmk,KioSoft Globalazure  Subscription,6276588a-9234-41ee-a81c-7538ea3a817e,low cpu usage-mysql10-prod-universal,/subscriptions/6276588a-9234-41ee-a81c-7538ea3a817e/resourcegroups/cmk/providers/microsoft.insights/metricalerts/low cpu usage-mysql10-prod-universal,microsoft.insights/metricalerts,Unknown,[],0.06113934,0.06113934,USD
cmk,/subscriptions/6276588a-9234-41ee-a81c-7538ea3a817e/resourcegroups/cmk,KioSoft Globalazure  Subscription,6276588a-9234-41ee-a81c-7538ea3a817e,medium cpu usage-mysql10-prod-universal,/subscriptions/6276588a-9234-41ee-a81c-7538ea3a817e/resourcegroups/cmk/providers/microsoft.insights/metricalerts/medium cpu usage-mysql10-prod-universal,microsoft.insights/metricalerts,Unknown,[],0.06113934,0.06113934,USD
cmk,/subscriptions/6276588a-9234-41ee-a81c-7538ea3a817e/resourcegroups/cmk,KioSoft Globalazure  Subscription,6276588a-9234-41ee-a81c-7538ea3a817e,critical-mysql offline-mysql10-prod-universal,/subscriptions/6276588a-9234-41ee-a81c-7538ea3a817e/resourcegroups/cmk/providers/microsoft.insights/metricalerts/critical-mysql offline-mysql10-prod-universal,microsoft.insights/metricalerts,Unknown,[],0.028249205,0.028249205,USD
dbmonitor,/subscriptions/6276588a-9234-41ee-a81c-7538ea3a817e/resourcegroups/dbmonitor,KioSoft Globalazure  Subscription,6276588a-9234-41ee-a81c-7538ea3a817e,kiosoft-es_osdisk_1_ab5bfb0ab1fb445abcd8754025a9e037,/subscriptions/6276588a-9234-41ee-a81c-7538ea3a817e/resourcegroups/dbmonitor/providers/microsoft.compute/disks/kiosoft-es_osdisk_1_ab5bfb0ab1fb445abcd8754025a9e037,Disk,US East,[],76.21182875,76.21182875,USD
dbmonitor,/subscriptions/6276588a-9234-41ee-a81c-7538ea3a817e/resourcegroups/dbmonitor,KioSoft Globalazure  Subscription,6276588a-9234-41ee-a81c-7538ea3a817e,universal-loadbalance-stage,/subscriptions/6276588a-9234-41ee-a81c-7538ea3a817e/resourcegroups/dbmonitor/providers/microsoft.network/loadbalancers/universal-loadbalance-stage,Load balancer,US East,[],48.36956625,48.36956625,USD
dbmonitor,/subscriptions/6276588a-9234-41ee-a81c-7538ea3a817e/resourcegroups/dbmonitor,KioSoft Globalazure  Subscription,6276588a-9234-41ee-a81c-7538ea3a817e,dbmonitor-osdisk-20241018-133820,/subscriptions/6276588a-9234-41ee-a81c-7538ea3a817e/resourcegroups/dbmonitor/providers/microsoft.compute/disks/dbmonitor-osdisk-20241018-133820,Disk,US East,"[""\""rsvaultbackup\"":\""0d1f30aa-99ae-4d52-9f10-0dbdfea0c7e7\""""]",42.05849316,42.05849316,USD
dbmonitor,/subscriptions/6276588a-9234-41ee-a81c-7538ea3a817e/resourcegroups/dbmonitor,KioSoft Globalazure  Subscription,6276588a-9234-41ee-a81c-7538ea3a817e,new-uniersalstress-db01_osdisk_1_178423fc8d5d4d9fa93bb09aae7cc966-20220905,/subscriptions/6276588a-9234-41ee-a81c-7538ea3a817e/resourcegroups/dbmonitor/providers/microsoft.compute/disks/new-uniersalstress-db01_osdisk_1_178423fc8d5d4d9fa93bb09aae7cc966-20220905,Disk,US East,[],21.00513284,21.00513284,USD
dbmonitor,/subscriptions/6276588a-9234-41ee-a81c-7538ea3a817e/resourcegroups/dbmonitor,KioSoft Globalazure  Subscription,6276588a-9234-41ee-a81c-7538ea3a817e,kiosoft-publicddd_osdisk_1_692455c3841c4b2db68f8741ad3d72db,/subscriptions/6276588a-9234-41ee-a81c-7538ea3a817e/resourcegroups/dbmonitor/providers/microsoft.compute/disks/kiosoft-publicddd_osdisk_1_692455c3841c4b2db68f8741ad3d72db,Disk,US East,[],20.90528755,20.90528755,USD
dbmonitor,/subscriptions/6276588a-9234-41ee-a81c-7538ea3a817e/resourcegroups/dbmonitor,KioSoft Globalazure  Subscription,6276588a-9234-41ee-a81c-7538ea3a817e,universaldev_osdisk_1_f84f34c352104cdfaf579e18cee76d65,/subscriptions/6276588a-9234-41ee-a81c-7538ea3a817e/resourcegroups/dbmonitor/providers/microsoft.compute/disks/universaldev_osdisk_1_f84f34c352104cdfaf579e18cee76d65,Disk,US East,[],20.70958717,20.70958717,USD
dbmonitor,/subscriptions/6276588a-9234-41ee-a81c-7538ea3a817e/resourcegroups/dbmonitor,KioSoft Globalazure  Subscription,6276588a-9234-41ee-a81c-7538ea3a817e,new-kiosoft-universaluat_osdisk-202406051807,/subscriptions/6276588a-9234-41ee-a81c-7538ea3a817e/resourcegroups/dbmonitor/providers/microsoft.compute/disks/new-kiosoft-universaluat_osdisk-202406051807,Disk,US East,[],20.50897529,20.50897529,USD
dbmonitor,/subscriptions/6276588a-9234-41ee-a81c-7538ea3a817e/resourcegroups/dbmonitor,KioSoft Globalazure  Subscription,6276588a-9234-41ee-a81c-7538ea3a817e,dbmonitor,/subscriptions/6276588a-9234-41ee-a81c-7538ea3a817e/resourcegroups/dbmonitor/providers/microsoft.compute/virtualmachines/dbmonitor,Virtual machine,"US East, Intercontinental","[""\""environment\"":\""qa\"""",""\""product\"":\""test - universal - universal/retail/coffee\"""",""\""squad\"":\""universal\"""",""\""publisher\"":\""openlogic\""""]",16.24030429,16.24030429,USD
dbmonitor,/subscriptions/6276588a-9234-41ee-a81c-7538ea3a817e/resourcegroups/dbmonitor,KioSoft Globalazure  Subscription,6276588a-9234-41ee-a81c-7538ea3a817e,kiosoft-publicddd,/subscriptions/6276588a-9234-41ee-a81c-7538ea3a817e/resourcegroups/dbmonitor/providers/microsoft.compute/virtualmachines/kiosoft-publicddd,Virtual machine,US East,"[""\""environment\"":\""stable\"""",""\""squad\"":\""universal\"""",""\""publisher\"":\""cognosys\"""",""\""product\"":\""test - universal - stable\""""]",15.49500449,15.49500449,USD
dbmonitor,/subscriptions/6276588a-9234-41ee-a81c-7538ea3a817e/resourcegroups/dbmonitor,KioSoft Globalazure  Subscription,6276588a-9234-41ee-a81c-7538ea3a817e,stage-universal-db01,/subscriptions/6276588a-9234-41ee-a81c-7538ea3a817e/resourcegroups/dbmonitor/providers/microsoft.compute/virtualmachines/stage-universal-db01,Virtual machine,US East,"[""\""environment\"":\""stage\"""",""\""squad\"":\""o&m\"""",""\""publisher\"":\""openlogic\"""",""\""product\"":\""test - om - universal db01\""""]",15.23865384,15.23865384,USD
dbmonitor,/subscriptions/6276588a-9234-41ee-a81c-7538ea3a817e/resourcegroups/dbmonitor,KioSoft Globalazure  Subscription,6276588a-9234-41ee-a81c-7538ea3a817e,stage-universal-web02,/subscriptions/6276588a-9234-41ee-a81c-7538ea3a817e/resourcegroups/dbmonitor/providers/microsoft.compute/virtualmachines/stage-universal-web02,Virtual machine,"US East, Intercontinental","[""\""environment\"":\""stage\"""",""\""squad\"":\""o&m\"""",""\""publisher\"":\""openlogic\"""",""\""product\"":\""test - om - universal web02\""""]",15.03845094,15.03845094,USD
dbmonitor,/subscriptions/6276588a-9234-41ee-a81c-7538ea3a817e/resourcegroups/dbmonitor,KioSoft Globalazure  Subscription,6276588a-9234-41ee-a81c-7538ea3a817e,stage-universal-web01,/subscriptions/6276588a-9234-41ee-a81c-7538ea3a817e/resourcegroups/dbmonitor/providers/microsoft.compute/virtualmachines/stage-universal-web01,Virtual machine,"US East, Intercontinental","[""\""environment\"":\""stage\"""",""\""squad\"":\""o&m\"""",""\""publisher\"":\""openlogic\"""",""\""product\"":\""test - om - universal web01\""""]",15.0222599,15.0222599,USD
dbmonitor,/subscriptions/6276588a-9234-41ee-a81c-7538ea3a817e/resourcegroups/dbmonitor,KioSoft Globalazure  Subscription,6276588a-9234-41ee-a81c-7538ea3a817e,kiosoft-es,/subscriptions/6276588a-9234-41ee-a81c-7538ea3a817e/resourcegroups/dbmonitor/providers/microsoft.compute/virtualmachines/kiosoft-es,Virtual machine,US East,"[""\""environment\"":\""dev/qa/uat\"""",""\""product\"":\""test - universal - software\"""",""\""squad\"":\""universal\"""",""\""publisher\"":\""cognosys\""""]",14.93334211,14.93334211,USD
dbmonitor,/subscriptions/6276588a-9234-41ee-a81c-7538ea3a817e/resourcegroups/dbmonitor,KioSoft Globalazure  Subscription,6276588a-9234-41ee-a81c-7538ea3a817e,kiosoft-universaldev,/subscriptions/6276588a-9234-41ee-a81c-7538ea3a817e/resourcegroups/dbmonitor/providers/microsoft.compute/virtualmachines/kiosoft-universaldev,Virtual machine,"US East, Intercontinental","[""\""environment\"":\""dev\"""",""\""squad\"":\""universal\"""",""\""publisher\"":\""openlogic\"""",""\""product\"":\""test - universal - universal/retail/coffee\""""]",14.90615388,14.90615388,USD
dbmonitor,/subscriptions/6276588a-9234-41ee-a81c-7538ea3a817e/resourcegroups/dbmonitor,KioSoft Globalazure  Subscription,6276588a-9234-41ee-a81c-7538ea3a817e,kiosoft-universaluat,/subscriptions/6276588a-9234-41ee-a81c-7538ea3a817e/resourcegroups/dbmonitor/providers/microsoft.compute/virtualmachines/kiosoft-universaluat,Virtual machine,US East,"[""\""environment\"":\""uat\"""",""\""squad\"":\""universal\"""",""\""publisher\"":\""cognosys\"""",""\""product\"":\""test - universal - universal/retail/coffee\""""]",14.84009623,14.84009623,USD
dbmonitor,/subscriptions/6276588a-9234-41ee-a81c-7538ea3a817e/resourcegroups/dbmonitor,KioSoft Globalazure  Subscription,6276588a-9234-41ee-a81c-7538ea3a817e,bak-202412291941-capser,/subscriptions/6276588a-9234-41ee-a81c-7538ea3a817e/resourcegroups/dbmonitor/providers/microsoft.compute/disks/bak-202412291941-capser,Disk,US East,[],11.3379605,11.3379605,USD
dbmonitor,/subscriptions/6276588a-9234-41ee-a81c-7538ea3a817e/resourcegroups/dbmonitor,KioSoft Globalazure  Subscription,6276588a-9234-41ee-a81c-7538ea3a817e,new-kiosoft-unistress-web02_osdisk_1_eebfb9cb0cac41138cdd8c2b8db34027-20220905,/subscriptions/6276588a-9234-41ee-a81c-7538ea3a817e/resourcegroups/dbmonitor/providers/microsoft.compute/disks/new-kiosoft-unistress-web02_osdisk_1_eebfb9cb0cac41138cdd8c2b8db34027-20220905,Disk,US East,[],11.30217191,11.30217191,USD
dbmonitor,/subscriptions/6276588a-9234-41ee-a81c-7538ea3a817e/resourcegroups/dbmonitor,KioSoft Globalazure  Subscription,6276588a-9234-41ee-a81c-7538ea3a817e,sa23stagedryrun,/subscriptions/6276588a-9234-41ee-a81c-7538ea3a817e/resourcegroups/dbmonitor/providers/microsoft.storage/storageaccounts/sa23stagedryrun,Storage account,US East,[],6.038719227,6.038719227,USD
dbmonitor,/subscriptions/6276588a-9234-41ee-a81c-7538ea3a817e/resourcegroups/dbmonitor,KioSoft Globalazure  Subscription,6276588a-9234-41ee-a81c-7538ea3a817e,dbmonitor-ip,/subscriptions/6276588a-9234-41ee-a81c-7538ea3a817e/resourcegroups/dbmonitor/providers/microsoft.network/publicipaddresses/dbmonitor-ip,Public IP address,US East,[],3.720198896,3.720198896,USD
dbmonitor,/subscriptions/6276588a-9234-41ee-a81c-7538ea3a817e/resourcegroups/dbmonitor,KioSoft Globalazure  Subscription,6276588a-9234-41ee-a81c-7538ea3a817e,kiosoft-es-ip,/subscriptions/6276588a-9234-41ee-a81c-7538ea3a817e/resourcegroups/dbmonitor/providers/microsoft.network/publicipaddresses/kiosoft-es-ip,Public IP address,US East,[],3.720198896,3.720198896,USD
dbmonitor,/subscriptions/6276588a-9234-41ee-a81c-7538ea3a817e/resourcegroups/dbmonitor,KioSoft Globalazure  Subscription,6276588a-9234-41ee-a81c-7538ea3a817e,kiosoft-publicddd-ip,/subscriptions/6276588a-9234-41ee-a81c-7538ea3a817e/resourcegroups/dbmonitor/providers/microsoft.network/publicipaddresses/kiosoft-publicddd-ip,Public IP address,US East,[],3.720198896,3.720198896,USD
dbmonitor,/subscriptions/6276588a-9234-41ee-a81c-7538ea3a817e/resourcegroups/dbmonitor,KioSoft Globalazure  Subscription,6276588a-9234-41ee-a81c-7538ea3a817e,kiosoft-unistress-lb01-ip,/subscriptions/6276588a-9234-41ee-a81c-7538ea3a817e/resourcegroups/dbmonitor/providers/microsoft.network/publicipaddresses/kiosoft-unistress-lb01-ip,Public IP address,US East,[],3.720198896,3.720198896,USD
dbmonitor,/subscriptions/6276588a-9234-41ee-a81c-7538ea3a817e/resourcegroups/dbmonitor,KioSoft Globalazure  Subscription,6276588a-9234-41ee-a81c-7538ea3a817e,kiosoft-unistress-web01-ip,/subscriptions/6276588a-9234-41ee-a81c-7538ea3a817e/resourcegroups/dbmonitor/providers/microsoft.network/publicipaddresses/kiosoft-unistress-web01-ip,Public IP address,US East,[],3.720198896,3.720198896,USD
dbmonitor,/subscriptions/6276588a-9234-41ee-a81c-7538ea3a817e/resourcegroups/dbmonitor,KioSoft Globalazure  Subscription,6276588a-9234-41ee-a81c-7538ea3a817e,kiosoft-unistress-web02-ip,/subscriptions/6276588a-9234-41ee-a81c-7538ea3a817e/resourcegroups/dbmonitor/providers/microsoft.network/publicipaddresses/kiosoft-unistress-web02-ip,Public IP address,US East,[],3.720198896,3.720198896,USD
dbmonitor,/subscriptions/6276588a-9234-41ee-a81c-7538ea3a817e/resourcegroups/dbmonitor,KioSoft Globalazure  Subscription,6276588a-9234-41ee-a81c-7538ea3a817e,kiosoft-universaldev-ip,/subscriptions/6276588a-9234-41ee-a81c-7538ea3a817e/resourcegroups/dbmonitor/providers/microsoft.network/publicipaddresses/kiosoft-universaldev-ip,Public IP address,US East,[],3.720198896,3.720198896,USD
dbmonitor,/subscriptions/6276588a-9234-41ee-a81c-7538ea3a817e/resourcegroups/dbmonitor,KioSoft Globalazure  Subscription,6276588a-9234-41ee-a81c-7538ea3a817e,kiosoft-universaluat-ip,/subscriptions/6276588a-9234-41ee-a81c-7538ea3a817e/resourcegroups/dbmonitor/providers/microsoft.network/publicipaddresses/kiosoft-universaluat-ip,Public IP address,US East,[],3.720198896,3.720198896,USD
dbmonitor,/subscriptions/6276588a-9234-41ee-a81c-7538ea3a817e/resourcegroups/dbmonitor,KioSoft Globalazure  Subscription,6276588a-9234-41ee-a81c-7538ea3a817e,uniersalstress-db01-ip,/subscriptions/6276588a-9234-41ee-a81c-7538ea3a817e/resourcegroups/dbmonitor/providers/microsoft.network/publicipaddresses/uniersalstress-db01-ip,Public IP address,US East,[],3.720198896,3.720198896,USD
dbmonitor,/subscriptions/6276588a-9234-41ee-a81c-7538ea3a817e/resourcegroups/dbmonitor,KioSoft Globalazure  Subscription,6276588a-9234-41ee-a81c-7538ea3a817e,dbmonitor-nsg,/subscriptions/6276588a-9234-41ee-a81c-7538ea3a817e/resourcegroups/dbmonitor/providers/microsoft.network/networksecuritygroups/dbmonitor-nsg,Network security group,US East,[],3.551305175,3.551305175,USD
dbmonitor,/subscriptions/6276588a-9234-41ee-a81c-7538ea3a817e/resourcegroups/dbmonitor,KioSoft Globalazure  Subscription,6276588a-9234-41ee-a81c-7538ea3a817e,privatelink.file.core.windows.net,/subscriptions/6276588a-9234-41ee-a81c-7538ea3a817e/resourcegroups/dbmonitor/providers/microsoft.network/privatednszones/privatelink.file.core.windows.net,Private DNS zone,Unknown,[],0.499539216,0.499539216,USD
rg20000-prod-olap,/subscriptions/6276588a-9234-41ee-a81c-7538ea3a817e/resourcegroups/rg20000-prod-olap,KioSoft Globalazure  Subscription,6276588a-9234-41ee-a81c-7538ea3a817e,mysql25-prod-olap,/subscriptions/6276588a-9234-41ee-a81c-7538ea3a817e/resourcegroups/rg20000-prod-olap/providers/microsoft.dbformysql/flexibleservers/mysql25-prod-olap,Azure Database for MySQL flexible server,US East,"[""\""environment\"":\""production\"""",""\""db-usage\"":\""oalp\"""",""\""db-size\"":\""general purpose, d2ads_v5, 2 vcores, 8 gib ram, 100 gib storage, 3200 iops\"""",""\""db-usage\"":\""olap\""""]",105.0323297,105.0323297,USD
rg20000-prod-olap,/subscriptions/6276588a-9234-41ee-a81c-7538ea3a817e/resourcegroups/rg20000-prod-olap,KioSoft Globalazure  Subscription,6276588a-9234-41ee-a81c-7538ea3a817e,disk20019-prod-doris01-data01,/subscriptions/6276588a-9234-41ee-a81c-7538ea3a817e/resourcegroups/rg20000-prod-olap/providers/microsoft.compute/disks/disk20019-prod-doris01-data01,Disk,US East,[],104.523007,104.523007,USD
rg20000-prod-olap,/subscriptions/6276588a-9234-41ee-a81c-7538ea3a817e/resourcegroups/rg20000-prod-olap,KioSoft Globalazure  Subscription,6276588a-9234-41ee-a81c-7538ea3a817e,disk20003-prod-seatunnel01,/subscriptions/6276588a-9234-41ee-a81c-7538ea3a817e/resourcegroups/rg20000-prod-olap/providers/microsoft.compute/disks/disk20003-prod-seatunnel01,Disk,US East,"[""\""environment\"":\""prod\"""",""\""product\"":\""seatunnel\""""]",74.79566507,74.79566507,USD
rg20000-prod-olap,/subscriptions/6276588a-9234-41ee-a81c-7538ea3a817e/resourcegroups/rg20000-prod-olap,KioSoft Globalazure  Subscription,6276588a-9234-41ee-a81c-7538ea3a817e,vm20003-prod-seatunnel01,/subscriptions/6276588a-9234-41ee-a81c-7538ea3a817e/resourcegroups/rg20000-prod-olap/providers/microsoft.compute/virtualmachines/vm20003-prod-seatunnel01,Virtual machine,US East,"[""\""environment\"":\""prod\"""",""\""product\"":\""seatunnel\""""]",68.68101714,68.68101714,USD
rg20000-prod-olap,/subscriptions/6276588a-9234-41ee-a81c-7538ea3a817e/resourcegroups/rg20000-prod-olap,KioSoft Globalazure  Subscription,6276588a-9234-41ee-a81c-7538ea3a817e,vm20016-prod-doris01_osdisk_1_4619dc83df1b4a9dbb22047b32692d87,/subscriptions/6276588a-9234-41ee-a81c-7538ea3a817e/resourcegroups/rg20000-prod-olap/providers/microsoft.compute/disks/vm20016-prod-doris01_osdisk_1_4619dc83df1b4a9dbb22047b32692d87,Disk,US East,[],20.13962042,20.13962042,USD
rg20000-prod-olap,/subscriptions/6276588a-9234-41ee-a81c-7538ea3a817e/resourcegroups/rg20000-prod-olap,KioSoft Globalazure  Subscription,6276588a-9234-41ee-a81c-7538ea3a817e,disk20018-prod-seatunnel01-data01,/subscriptions/6276588a-9234-41ee-a81c-7538ea3a817e/resourcegroups/rg20000-prod-olap/providers/microsoft.compute/disks/disk20018-prod-seatunnel01-data01,Disk,US East,[],19.12084829,19.12084829,USD
rg20000-prod-olap,/subscriptions/6276588a-9234-41ee-a81c-7538ea3a817e/resourcegroups/rg20000-prod-olap,KioSoft Globalazure  Subscription,6276588a-9234-41ee-a81c-7538ea3a817e,vm20016-prod-doris01,/subscriptions/6276588a-9234-41ee-a81c-7538ea3a817e/resourcegroups/rg20000-prod-olap/providers/microsoft.compute/virtualmachines/vm20016-prod-doris01,Virtual machine,US East,"[""\""product\"":\""doris\""""]",14.87599356,14.87599356,USD
rg20000-prod-olap,/subscriptions/6276588a-9234-41ee-a81c-7538ea3a817e/resourcegroups/rg20000-prod-olap,KioSoft Globalazure  Subscription,6276588a-9234-41ee-a81c-7538ea3a817e,pip20000-prod-doris01,/subscriptions/6276588a-9234-41ee-a81c-7538ea3a817e/resourcegroups/rg20000-prod-olap/providers/microsoft.network/publicipaddresses/pip20000-prod-doris01,Public IP address,US East,[],3.720198896,3.720198896,USD
rg20000-prod-olap,/subscriptions/6276588a-9234-41ee-a81c-7538ea3a817e/resourcegroups/rg20000-prod-olap,KioSoft Globalazure  Subscription,6276588a-9234-41ee-a81c-7538ea3a817e,pip20003-prod-seatunnel01,/subscriptions/6276588a-9234-41ee-a81c-7538ea3a817e/resourcegroups/rg20000-prod-olap/providers/microsoft.network/publicipaddresses/pip20003-prod-seatunnel01,Public IP address,US East,[],3.720198896,3.720198896,USD
rg20000-prod-olap,/subscriptions/6276588a-9234-41ee-a81c-7538ea3a817e/resourcegroups/rg20000-prod-olap,KioSoft Globalazure  Subscription,6276588a-9234-41ee-a81c-7538ea3a817e,pip20003-prod-doris,/subscriptions/6276588a-9234-41ee-a81c-7538ea3a817e/resourcegroups/rg20000-prod-olap/providers/microsoft.network/publicipaddresses/pip20003-prod-doris,Public IP address,US East,[],0.625879343,0.625879343,USD
rg20000-prod-olap,/subscriptions/6276588a-9234-41ee-a81c-7538ea3a817e/resourcegroups/rg20000-prod-olap,KioSoft Globalazure  Subscription,6276588a-9234-41ee-a81c-7538ea3a817e,high cpu usage-mysql25-prod-olap,/subscriptions/6276588a-9234-41ee-a81c-7538ea3a817e/resourcegroups/rg20000-prod-olap/providers/microsoft.insights/metricalerts/high cpu usage-mysql25-prod-olap,microsoft.insights/metricalerts,Unknown,[],0.092097373,0.092097373,USD
rg20000-prod-olap,/subscriptions/6276588a-9234-41ee-a81c-7538ea3a817e/resourcegroups/rg20000-prod-olap,KioSoft Globalazure  Subscription,6276588a-9234-41ee-a81c-7538ea3a817e,high mem usage-mysql25-prod-olap,/subscriptions/6276588a-9234-41ee-a81c-7538ea3a817e/resourcegroups/rg20000-prod-olap/providers/microsoft.insights/metricalerts/high mem usage-mysql25-prod-olap,microsoft.insights/metricalerts,Unknown,[],0.092097373,0.092097373,USD
rg20000-prod-olap,/subscriptions/6276588a-9234-41ee-a81c-7538ea3a817e/resourcegroups/rg20000-prod-olap,KioSoft Globalazure  Subscription,6276588a-9234-41ee-a81c-7538ea3a817e,high storage usage-mysql25-prod-olap,/subscriptions/6276588a-9234-41ee-a81c-7538ea3a817e/resourcegroups/rg20000-prod-olap/providers/microsoft.insights/metricalerts/high storage usage-mysql25-prod-olap,microsoft.insights/metricalerts,Unknown,[],0.092097373,0.092097373,USD
rg20000-prod-olap,/subscriptions/6276588a-9234-41ee-a81c-7538ea3a817e/resourcegroups/rg20000-prod-olap,KioSoft Globalazure  Subscription,6276588a-9234-41ee-a81c-7538ea3a817e,[critical mysql offline]-mysql25-prod-olap,/subscriptions/6276588a-9234-41ee-a81c-7538ea3a817e/resourcegroups/rg20000-prod-olap/providers/microsoft.insights/metricalerts/[critical mysql offline]-mysql25-prod-olap,microsoft.insights/metricalerts,Unknown,[],0.088743586,0.088743586,USD
rg20000-prod-olap,/subscriptions/6276588a-9234-41ee-a81c-7538ea3a817e/resourcegroups/rg20000-prod-olap,KioSoft Globalazure  Subscription,6276588a-9234-41ee-a81c-7538ea3a817e,[high storage io percent]-mysql25-prod-olap,/subscriptions/6276588a-9234-41ee-a81c-7538ea3a817e/resourcegroups/rg20000-prod-olap/providers/microsoft.insights/metricalerts/[high storage io percent]-mysql25-prod-olap,microsoft.insights/metricalerts,Unknown,[],0.08616375,0.08616375,USD
rg20000-prod-olap,/subscriptions/6276588a-9234-41ee-a81c-7538ea3a817e/resourcegroups/rg20000-prod-olap,KioSoft Globalazure  Subscription,6276588a-9234-41ee-a81c-7538ea3a817e,low cpu usage-mysql25-prod-olap,/subscriptions/6276588a-9234-41ee-a81c-7538ea3a817e/resourcegroups/rg20000-prod-olap/providers/microsoft.insights/metricalerts/low cpu usage-mysql25-prod-olap,microsoft.insights/metricalerts,Unknown,[],0.06113934,0.06113934,USD
rg20000-prod-olap,/subscriptions/6276588a-9234-41ee-a81c-7538ea3a817e/resourcegroups/rg20000-prod-olap,KioSoft Globalazure  Subscription,6276588a-9234-41ee-a81c-7538ea3a817e,medium cpu usage-mysql25-prod-olap,/subscriptions/6276588a-9234-41ee-a81c-7538ea3a817e/resourcegroups/rg20000-prod-olap/providers/microsoft.insights/metricalerts/medium cpu usage-mysql25-prod-olap,microsoft.insights/metricalerts,Unknown,[],0.06113934,0.06113934,USD
rg20000-prod-olap,/subscriptions/6276588a-9234-41ee-a81c-7538ea3a817e/resourcegroups/rg20000-prod-olap,KioSoft Globalazure  Subscription,6276588a-9234-41ee-a81c-7538ea3a817e,sa41prodcommandcenter,/subscriptions/6276588a-9234-41ee-a81c-7538ea3a817e/resourcegroups/rg20000-prod-olap/providers/microsoft.storage/storageaccounts/sa41prodcommandcenter,Storage account,US East,[],0.001201027,0.001201027,USD
rg51-test-csc,/subscriptions/6276588a-9234-41ee-a81c-7538ea3a817e/resourcegroups/rg51-test-csc,KioSoft Globalazure  Subscription,6276588a-9234-41ee-a81c-7538ea3a817e,mysql11-test-csc,/subscriptions/6276588a-9234-41ee-a81c-7538ea3a817e/resourcegroups/rg51-test-csc/providers/microsoft.dbformysql/flexibleservers/mysql11-test-csc,Azure Database for MySQL flexible server,US East,"[""\""environment\"":\""test\"""",""\""db-usage\"":\""csc-test\"""",""\""db-size\"":\""general purpose, d2ads_v5, 2 vcores, 8 gib ram, 100 gib storage, 3200 iops\""""]",163.8633591,163.8633591,USD
rg51-test-csc,/subscriptions/6276588a-9234-41ee-a81c-7538ea3a817e/resourcegroups/rg51-test-csc,KioSoft Globalazure  Subscription,6276588a-9234-41ee-a81c-7538ea3a817e,redis04-test-csc,/subscriptions/6276588a-9234-41ee-a81c-7538ea3a817e/resourcegroups/rg51-test-csc/providers/microsoft.cache/redis/redis04-test-csc,Redis cache,US East,[],102.6717538,102.6717538,USD
rg51-test-csc,/subscriptions/6276588a-9234-41ee-a81c-7538ea3a817e/resourcegroups/rg51-test-csc,KioSoft Globalazure  Subscription,6276588a-9234-41ee-a81c-7538ea3a817e,vm124testretail-osdisk-20240104-025010,/subscriptions/6276588a-9234-41ee-a81c-7538ea3a817e/resourcegroups/rg51-test-csc/providers/microsoft.compute/disks/vm124testretail-osdisk-20240104-025010,Disk,US East,"[""\""rsvaultbackup\"":\""d8fbfd6c-a176-4b7a-91f9-5ee7ebb5c0a5\""""]",20.60863001,20.60863001,USD
rg51-test-csc,/subscriptions/6276588a-9234-41ee-a81c-7538ea3a817e/resourcegroups/rg51-test-csc,KioSoft Globalazure  Subscription,6276588a-9234-41ee-a81c-7538ea3a817e,vm74-test-universal_osdisk_1_4531eb6b58ea47c18d98719556a5a6ea,/subscriptions/6276588a-9234-41ee-a81c-7538ea3a817e/resourcegroups/rg51-test-csc/providers/microsoft.compute/disks/vm74-test-universal_osdisk_1_4531eb6b58ea47c18d98719556a5a6ea,Disk,US East,[],20.5892986,20.5892986,USD
rg51-test-csc,/subscriptions/6276588a-9234-41ee-a81c-7538ea3a817e/resourcegroups/rg51-test-csc,KioSoft Globalazure  Subscription,6276588a-9234-41ee-a81c-7538ea3a817e,loadbalance08-test-csc-web,/subscriptions/6276588a-9234-41ee-a81c-7538ea3a817e/resourcegroups/rg51-test-csc/providers/microsoft.network/loadbalancers/loadbalance08-test-csc-web,Load balancer,US East,[],18.60204494,18.60204494,USD
rg51-test-csc,/subscriptions/6276588a-9234-41ee-a81c-7538ea3a817e/resourcegroups/rg51-test-csc,KioSoft Globalazure  Subscription,6276588a-9234-41ee-a81c-7538ea3a817e,vm124-test-retail,/subscriptions/6276588a-9234-41ee-a81c-7538ea3a817e/resourcegroups/rg51-test-csc/providers/microsoft.compute/virtualmachines/vm124-test-retail,Virtual machine,"US East, Intercontinental","[""\""environment\"":\""test\"""",""\""squad\"":\""o&m\"""",""\""publisher\"":\""openlogic\"""",""\""product\"":\""test - csc - universal\""""]",15.12581067,15.12581067,USD
rg51-test-csc,/subscriptions/6276588a-9234-41ee-a81c-7538ea3a817e/resourcegroups/rg51-test-csc,KioSoft Globalazure  Subscription,6276588a-9234-41ee-a81c-7538ea3a817e,vm74-test-universal,/subscriptions/6276588a-9234-41ee-a81c-7538ea3a817e/resourcegroups/rg51-test-csc/providers/microsoft.compute/virtualmachines/vm74-test-universal,Virtual machine,"US East, Intercontinental","[""\""environment\"":\""test\"""",""\""squad\"":\""o&m\"""",""\""publisher\"":\""openlogic\"""",""\""product\"":\""test - csc - universal\""""]",14.89370655,14.89370655,USD
rg51-test-csc,/subscriptions/6276588a-9234-41ee-a81c-7538ea3a817e/resourcegroups/rg51-test-csc,KioSoft Globalazure  Subscription,6276588a-9234-41ee-a81c-7538ea3a817e,pip109-test-universal,/subscriptions/6276588a-9234-41ee-a81c-7538ea3a817e/resourcegroups/rg51-test-csc/providers/microsoft.network/publicipaddresses/pip109-test-universal,Public IP address,US East,[],3.720198896,3.720198896,USD
rg51-test-csc,/subscriptions/6276588a-9234-41ee-a81c-7538ea3a817e/resourcegroups/rg51-test-csc,KioSoft Globalazure  Subscription,6276588a-9234-41ee-a81c-7538ea3a817e,pip110-test-retail,/subscriptions/6276588a-9234-41ee-a81c-7538ea3a817e/resourcegroups/rg51-test-csc/providers/microsoft.network/publicipaddresses/pip110-test-retail,Public IP address,US East,[],3.720198896,3.720198896,USD
rg51-test-csc,/subscriptions/6276588a-9234-41ee-a81c-7538ea3a817e/resourcegroups/rg51-test-csc,KioSoft Globalazure  Subscription,6276588a-9234-41ee-a81c-7538ea3a817e,pip164-loadbalance08-test-csc-web,/subscriptions/6276588a-9234-41ee-a81c-7538ea3a817e/resourcegroups/rg51-test-csc/providers/microsoft.network/publicipaddresses/pip164-loadbalance08-test-csc-web,Public IP address,US East,[],3.720198896,3.720198896,USD
rg51-test-csc,/subscriptions/6276588a-9234-41ee-a81c-7538ea3a817e/resourcegroups/rg51-test-csc,KioSoft Globalazure  Subscription,6276588a-9234-41ee-a81c-7538ea3a817e,high cpu usage-mysql11-test-csc,/subscriptions/6276588a-9234-41ee-a81c-7538ea3a817e/resourcegroups/rg51-test-csc/providers/microsoft.insights/metricalerts/high cpu usage-mysql11-test-csc,microsoft.insights/metricalerts,Unknown,[],0.09622511,0.09622511,USD
rg51-test-csc,/subscriptions/6276588a-9234-41ee-a81c-7538ea3a817e/resourcegroups/rg51-test-csc,KioSoft Globalazure  Subscription,6276588a-9234-41ee-a81c-7538ea3a817e,high mem usage-mysql11-test-csc,/subscriptions/6276588a-9234-41ee-a81c-7538ea3a817e/resourcegroups/rg51-test-csc/providers/microsoft.insights/metricalerts/high mem usage-mysql11-test-csc,microsoft.insights/metricalerts,Unknown,[],0.095838135,0.095838135,USD
rg51-test-csc,/subscriptions/6276588a-9234-41ee-a81c-7538ea3a817e/resourcegroups/rg51-test-csc,KioSoft Globalazure  Subscription,6276588a-9234-41ee-a81c-7538ea3a817e,high storage usage-mysql11-test-csc,/subscriptions/6276588a-9234-41ee-a81c-7538ea3a817e/resourcegroups/rg51-test-csc/providers/microsoft.insights/metricalerts/high storage usage-mysql11-test-csc,microsoft.insights/metricalerts,Unknown,[],0.095838135,0.095838135,USD
rg51-test-csc,/subscriptions/6276588a-9234-41ee-a81c-7538ea3a817e/resourcegroups/rg51-test-csc,KioSoft Globalazure  Subscription,6276588a-9234-41ee-a81c-7538ea3a817e,[critical mysql offline]-mysql11-test-csc,/subscriptions/6276588a-9234-41ee-a81c-7538ea3a817e/resourcegroups/rg51-test-csc/providers/microsoft.insights/metricalerts/[critical mysql offline]-mysql11-test-csc,microsoft.insights/metricalerts,Unknown,[],0.089001569,0.089001569,USD
rg51-test-csc,/subscriptions/6276588a-9234-41ee-a81c-7538ea3a817e/resourcegroups/rg51-test-csc,KioSoft Globalazure  Subscription,6276588a-9234-41ee-a81c-7538ea3a817e,[high storage io percent]-mysql11-test-csc,/subscriptions/6276588a-9234-41ee-a81c-7538ea3a817e/resourcegroups/rg51-test-csc/providers/microsoft.insights/metricalerts/[high storage io percent]-mysql11-test-csc,microsoft.insights/metricalerts,Unknown,[],0.08616375,0.08616375,USD
mc_commandcenter_aks10000-test-cc_eastus,/subscriptions/6276588a-9234-41ee-a81c-7538ea3a817e/resourcegroups/mc_commandcenter_aks10000-test-cc_eastus,KioSoft Globalazure  Subscription,6276588a-9234-41ee-a81c-7538ea3a817e,f7f171b92381240709e6fbd,/subscriptions/6276588a-9234-41ee-a81c-7538ea3a817e/resourcegroups/mc_commandcenter_aks10000-test-cc_eastus/providers/microsoft.storage/storageaccounts/f7f171b92381240709e6fbd,Storage account,US East,"[""\""k8s-azure-created-by\"":\""azure\""""]",102.6022706,102.6022706,USD
mc_commandcenter_aks10000-test-cc_eastus,/subscriptions/6276588a-9234-41ee-a81c-7538ea3a817e/resourcegroups/mc_commandcenter_aks10000-test-cc_eastus,KioSoft Globalazure  Subscription,6276588a-9234-41ee-a81c-7538ea3a817e,kubernetes,/subscriptions/6276588a-9234-41ee-a81c-7538ea3a817e/resourcegroups/mc_commandcenter_aks10000-test-cc_eastus/providers/microsoft.network/loadbalancers/kubernetes,Load balancer,US East,"[""\""aks-managed-cluster-name\"":\""aks10000-test-cc\"""",""\""aks-managed-cluster-rg\"":\""commandcenter\""""]",36.90647514,36.90647514,USD
mc_commandcenter_aks10000-test-cc_eastus,/subscriptions/6276588a-9234-41ee-a81c-7538ea3a817e/resourcegroups/mc_commandcenter_aks10000-test-cc_eastus,KioSoft Globalazure  Subscription,6276588a-9234-41ee-a81c-7538ea3a817e,aks-e4asv4pool-22212aks-e4asv4pool-222123os__1_10e1761e848c4a5fad65a01ba7cf9bde,/subscriptions/6276588a-9234-41ee-a81c-7538ea3a817e/resourcegroups/mc_commandcenter_aks10000-test-cc_eastus/providers/microsoft.compute/disks/aks-e4asv4pool-22212aks-e4asv4pool-222123os__1_10e1761e848c4a5fad65a01ba7cf9bde,Disk,US East,"[""\""aks-managed-bootstrap-profile-acr-name\"":\"""",""\""aks-managed-consolidated-additional-properties\"":\""586a1a8e-764e-11f0-b843-8a5c45200048\"""",""\""aks-managed-createoperationid\"":\""f7d970e0-fb2e-464d-a9da-9debfbdc17cb\"""",""\""aks-managed-creationsource\"":\""vmssclient-aks-e4asv4pool-22212387-vmss\"""",""\""aks-managed-enable-imds-restriction\"":\""false\"""",""\""aks-managed-kubeletidentityclientid\"":\""5bcc0bf7-d6b7-49bc-ad4c-6946a48b03b7\"""",""\""aks-managed-orchestrator\"":\""kubernetes:1.31.9\"""",""\""aks-managed-poolname\"":\""e4asv4pool\"""",""\""aks-managed-resourcenamesuffix\"":\""39371513\"""",""\""aks-managed-ssh-access\"":\""localuser\"""",""\""aks-managed-coordination\"":\""true\""""]",20.13962042,20.13962042,USD
mc_commandcenter_aks10000-test-cc_eastus,/subscriptions/6276588a-9234-41ee-a81c-7538ea3a817e/resourcegroups/mc_commandcenter_aks10000-test-cc_eastus,KioSoft Globalazure  Subscription,6276588a-9234-41ee-a81c-7538ea3a817e,aks-syspool-21886233aks-syspool-21886233-os__1_7e75143a4dde4f2c9b1dad717c4de616,/subscriptions/6276588a-9234-41ee-a81c-7538ea3a817e/resourcegroups/mc_commandcenter_aks10000-test-cc_eastus/providers/microsoft.compute/disks/aks-syspool-21886233aks-syspool-21886233-os__1_7e75143a4dde4f2c9b1dad717c4de616,Disk,US East,"[""\""aks-managed-bootstrap-profile-acr-name\"":\"""",""\""aks-managed-consolidated-additional-properties\"":\""acad71d9-52f1-11f0-a7e0-723c6327b13b\"""",""\""aks-managed-createoperationid\"":\""61d3e299-15f7-4fa3-bf0c-910609bbc878\"""",""\""aks-managed-creationsource\"":\""vmssclient-aks-syspool-21886233-vmss\"""",""\""aks-managed-enable-imds-restriction\"":\""false\"""",""\""aks-managed-kubeletidentityclientid\"":\""5bcc0bf7-d6b7-49bc-ad4c-6946a48b03b7\"""",""\""aks-managed-orchestrator\"":\""kubernetes:1.31.9\"""",""\""aks-managed-poolname\"":\""syspool\"""",""\""aks-managed-resourcenamesuffix\"":\""39371513\"""",""\""aks-managed-ssh-access\"":\""localuser\""""]",20.13962042,20.13962042,USD
mc_commandcenter_aks10000-test-cc_eastus,/subscriptions/6276588a-9234-41ee-a81c-7538ea3a817e/resourcegroups/mc_commandcenter_aks10000-test-cc_eastus,KioSoft Globalazure  Subscription,6276588a-9234-41ee-a81c-7538ea3a817e,aks-e2asv4pool-21886aks-e2asv4pool-218862os__1_b77339f070034130a71e48bfae4f2858,/subscriptions/6276588a-9234-41ee-a81c-7538ea3a817e/resourcegroups/mc_commandcenter_aks10000-test-cc_eastus/providers/microsoft.compute/disks/aks-e2asv4pool-21886aks-e2asv4pool-218862os__1_b77339f070034130a71e48bfae4f2858,Disk,US East,"[""\""aks-managed-bootstrap-profile-acr-name\"":\"""",""\""aks-managed-consolidated-additional-properties\"":\""acad74a3-52f1-11f0-a7e0-723c6327b13b\"""",""\""aks-managed-createoperationid\"":\""61d3e299-15f7-4fa3-bf0c-910609bbc878\"""",""\""aks-managed-creationsource\"":\""vmssclient-aks-e2asv4pool-21886233-vmss\"""",""\""aks-managed-enable-imds-restriction\"":\""false\"""",""\""aks-managed-kubeletidentityclientid\"":\""5bcc0bf7-d6b7-49bc-ad4c-6946a48b03b7\"""",""\""aks-managed-orchestrator\"":\""kubernetes:1.31.9\"""",""\""aks-managed-poolname\"":\""e2asv4pool\"""",""\""aks-managed-resourcenamesuffix\"":\""39371513\"""",""\""aks-managed-ssh-access\"":\""localuser\""""]",17.72664828,17.72664828,USD
mc_commandcenter_aks10000-test-cc_eastus,/subscriptions/6276588a-9234-41ee-a81c-7538ea3a817e/resourcegroups/mc_commandcenter_aks10000-test-cc_eastus,KioSoft Globalazure  Subscription,6276588a-9234-41ee-a81c-7538ea3a817e,aks-syspool-21886233aks-syspool-21886233-os__1_12f7d67ac0f442be812d3518e8ec98e6,/subscriptions/6276588a-9234-41ee-a81c-7538ea3a817e/resourcegroups/mc_commandcenter_aks10000-test-cc_eastus/providers/microsoft.compute/disks/aks-syspool-21886233aks-syspool-21886233-os__1_12f7d67ac0f442be812d3518e8ec98e6,Disk,US East,"[""\""aks-managed-bootstrap-profile-acr-name\"":\"""",""\""aks-managed-consolidated-additional-properties\"":\""acad71d9-52f1-11f0-a7e0-723c6327b13b\"""",""\""aks-managed-createoperationid\"":\""61d3e299-15f7-4fa3-bf0c-910609bbc878\"""",""\""aks-managed-creationsource\"":\""vmssclient-aks-syspool-21886233-vmss\"""",""\""aks-managed-enable-imds-restriction\"":\""false\"""",""\""aks-managed-kubeletidentityclientid\"":\""5bcc0bf7-d6b7-49bc-ad4c-6946a48b03b7\"""",""\""aks-managed-orchestrator\"":\""kubernetes:1.31.9\"""",""\""aks-managed-poolname\"":\""syspool\"""",""\""aks-managed-resourcenamesuffix\"":\""39371513\"""",""\""aks-managed-ssh-access\"":\""localuser\""""]",17.72664828,17.72664828,USD
mc_commandcenter_aks10000-test-cc_eastus,/subscriptions/6276588a-9234-41ee-a81c-7538ea3a817e/resourcegroups/mc_commandcenter_aks10000-test-cc_eastus,KioSoft Globalazure  Subscription,6276588a-9234-41ee-a81c-7538ea3a817e,aks-e4asv4pool-22212387-vmss / 0,/subscriptions/6276588a-9234-41ee-a81c-7538ea3a817e/resourcegroups/mc_commandcenter_aks10000-test-cc_eastus/providers/microsoft.compute/virtualmachinescalesets/aks-e4asv4pool-22212387-vmss/virtualmachines/0,Virtual machine scale set instance,US East,"[""\""aks-managed-bootstrap-profile-acr-name\"":\"""",""\""aks-managed-consolidated-additional-properties\"":\""586a1a8e-764e-11f0-b843-8a5c45200048\"""",""\""aks-managed-createoperationid\"":\""f7d970e0-fb2e-464d-a9da-9debfbdc17cb\"""",""\""aks-managed-creationsource\"":\""vmssclient-aks-e4asv4pool-22212387-vmss\"""",""\""aks-managed-enable-imds-restriction\"":\""false\"""",""\""aks-managed-kubeletidentityclientid\"":\""5bcc0bf7-d6b7-49bc-ad4c-6946a48b03b7\"""",""\""aks-managed-orchestrator\"":\""kubernetes:1.31.9\"""",""\""aks-managed-poolname\"":\""e4asv4pool\"""",""\""aks-managed-resourcenamesuffix\"":\""39371513\"""",""\""aks-managed-ssh-access\"":\""localuser\""""]",14.86020603,14.86020603,USD
mc_commandcenter_aks10000-test-cc_eastus,/subscriptions/6276588a-9234-41ee-a81c-7538ea3a817e/resourcegroups/mc_commandcenter_aks10000-test-cc_eastus,KioSoft Globalazure  Subscription,6276588a-9234-41ee-a81c-7538ea3a817e,aks-syspool-21886233-vmss / 0,/subscriptions/6276588a-9234-41ee-a81c-7538ea3a817e/resourcegroups/mc_commandcenter_aks10000-test-cc_eastus/providers/microsoft.compute/virtualmachinescalesets/aks-syspool-21886233-vmss/virtualmachines/0,Virtual machine scale set instance,US East,"[""\""aks-managed-bootstrap-profile-acr-name\"":\"""",""\""aks-managed-consolidated-additional-properties\"":\""acad71d9-52f1-11f0-a7e0-723c6327b13b\"""",""\""aks-managed-createoperationid\"":\""61d3e299-15f7-4fa3-bf0c-910609bbc878\"""",""\""aks-managed-creationsource\"":\""vmssclient-aks-syspool-21886233-vmss\"""",""\""aks-managed-enable-imds-restriction\"":\""false\"""",""\""aks-managed-kubeletidentityclientid\"":\""5bcc0bf7-d6b7-49bc-ad4c-6946a48b03b7\"""",""\""aks-managed-orchestrator\"":\""kubernetes:1.31.9\"""",""\""aks-managed-poolname\"":\""syspool\"""",""\""aks-managed-resourcenamesuffix\"":\""39371513\"""",""\""aks-managed-ssh-access\"":\""localuser\""""]",14.86020603,14.86020603,USD
mc_commandcenter_aks10000-test-cc_eastus,/subscriptions/6276588a-9234-41ee-a81c-7538ea3a817e/resourcegroups/mc_commandcenter_aks10000-test-cc_eastus,KioSoft Globalazure  Subscription,6276588a-9234-41ee-a81c-7538ea3a817e,aks-syspool-21886233-vmss / 1,/subscriptions/6276588a-9234-41ee-a81c-7538ea3a817e/resourcegroups/mc_commandcenter_aks10000-test-cc_eastus/providers/microsoft.compute/virtualmachinescalesets/aks-syspool-21886233-vmss/virtualmachines/1,Virtual machine scale set instance,US East,"[""\""aks-managed-bootstrap-profile-acr-name\"":\"""",""\""aks-managed-consolidated-additional-properties\"":\""acad71d9-52f1-11f0-a7e0-723c6327b13b\"""",""\""aks-managed-createoperationid\"":\""61d3e299-15f7-4fa3-bf0c-910609bbc878\"""",""\""aks-managed-creationsource\"":\""vmssclient-aks-syspool-21886233-vmss\"""",""\""aks-managed-enable-imds-restriction\"":\""false\"""",""\""aks-managed-kubeletidentityclientid\"":\""5bcc0bf7-d6b7-49bc-ad4c-6946a48b03b7\"""",""\""aks-managed-orchestrator\"":\""kubernetes:1.31.9\"""",""\""aks-managed-poolname\"":\""syspool\"""",""\""aks-managed-resourcenamesuffix\"":\""39371513\"""",""\""aks-managed-ssh-access\"":\""localuser\""""]",13.09790616,13.09790616,USD
mc_commandcenter_aks10000-test-cc_eastus,/subscriptions/6276588a-9234-41ee-a81c-7538ea3a817e/resourcegroups/mc_commandcenter_aks10000-test-cc_eastus,KioSoft Globalazure  Subscription,6276588a-9234-41ee-a81c-7538ea3a817e,aks-e2asv4pool-21886233-vmss / 5,/subscriptions/6276588a-9234-41ee-a81c-7538ea3a817e/resourcegroups/mc_commandcenter_aks10000-test-cc_eastus/providers/microsoft.compute/virtualmachinescalesets/aks-e2asv4pool-21886233-vmss/virtualmachines/5,Virtual machine scale set instance,US East,"[""\""aks-managed-bootstrap-profile-acr-name\"":\"""",""\""aks-managed-consolidated-additional-properties\"":\""acad74a3-52f1-11f0-a7e0-723c6327b13b\"""",""\""aks-managed-createoperationid\"":\""61d3e299-15f7-4fa3-bf0c-910609bbc878\"""",""\""aks-managed-creationsource\"":\""vmssclient-aks-e2asv4pool-21886233-vmss\"""",""\""aks-managed-enable-imds-restriction\"":\""false\"""",""\""aks-managed-kubeletidentityclientid\"":\""5bcc0bf7-d6b7-49bc-ad4c-6946a48b03b7\"""",""\""aks-managed-orchestrator\"":\""kubernetes:1.31.9\"""",""\""aks-managed-poolname\"":\""e2asv4pool\"""",""\""aks-managed-resourcenamesuffix\"":\""39371513\"""",""\""aks-managed-ssh-access\"":\""localuser\""""]",13.07787878,13.07787878,USD
mc_commandcenter_aks10000-test-cc_eastus,/subscriptions/6276588a-9234-41ee-a81c-7538ea3a817e/resourcegroups/mc_commandcenter_aks10000-test-cc_eastus,KioSoft Globalazure  Subscription,6276588a-9234-41ee-a81c-7538ea3a817e,8b906ae0-b714-42c6-9763-7e7d876c5224,/subscriptions/6276588a-9234-41ee-a81c-7538ea3a817e/resourcegroups/mc_commandcenter_aks10000-test-cc_eastus/providers/microsoft.network/publicipaddresses/8b906ae0-b714-42c6-9763-7e7d876c5224,Public IP address,US East,"[""\""aks-managed-cluster-name\"":\""aks10000-test-cc\"""",""\""aks-managed-cluster-rg\"":\""commandcenter\"""",""\""aks-managed-type\"":\""aks-slb-managed-outbound-ip\""""]",3.720198896,3.720198896,USD
mc_commandcenter_aks10000-test-cc_eastus,/subscriptions/6276588a-9234-41ee-a81c-7538ea3a817e/resourcegroups/mc_commandcenter_aks10000-test-cc_eastus,KioSoft Globalazure  Subscription,6276588a-9234-41ee-a81c-7538ea3a817e,kubernetes-a03086337f77140c0a669db2c967252e,/subscriptions/6276588a-9234-41ee-a81c-7538ea3a817e/resourcegroups/mc_commandcenter_aks10000-test-cc_eastus/providers/microsoft.network/publicipaddresses/kubernetes-a03086337f77140c0a669db2c967252e,Public IP address,US East,"[""\""aks-managed-cluster-name\"":\""aks10000-test-cc\"""",""\""aks-managed-cluster-rg\"":\""commandcenter\"""",""\""k8s-azure-cluster-name\"":\""kubernetes\"""",""\""k8s-azure-service\"":\""istio-system/istio-ingressgateway\""""]",3.720198896,3.720198896,USD
mc_commandcenter_aks10000-test-cc_eastus,/subscriptions/6276588a-9234-41ee-a81c-7538ea3a817e/resourcegroups/mc_commandcenter_aks10000-test-cc_eastus,KioSoft Globalazure  Subscription,6276588a-9234-41ee-a81c-7538ea3a817e,kubernetes-ae80924c6e8104b47af4627e23657589,/subscriptions/6276588a-9234-41ee-a81c-7538ea3a817e/resourcegroups/mc_commandcenter_aks10000-test-cc_eastus/providers/microsoft.network/publicipaddresses/kubernetes-ae80924c6e8104b47af4627e23657589,Public IP address,US East,"[""\""aks-managed-cluster-name\"":\""aks10000-test-cc\"""",""\""aks-managed-cluster-rg\"":\""commandcenter\"""",""\""k8s-azure-cluster-name\"":\""kubernetes\"""",""\""k8s-azure-service\"":\""test-tools/nginx-proxy-lb\""""]",3.720198896,3.720198896,USD
mc_commandcenter_aks10000-test-cc_eastus,/subscriptions/6276588a-9234-41ee-a81c-7538ea3a817e/resourcegroups/mc_commandcenter_aks10000-test-cc_eastus,KioSoft Globalazure  Subscription,6276588a-9234-41ee-a81c-7538ea3a817e,pvc-0c0410dd-8d93-4147-a5a9-48ce781c8b95,/subscriptions/6276588a-9234-41ee-a81c-7538ea3a817e/resourcegroups/mc_commandcenter_aks10000-test-cc_eastus/providers/microsoft.compute/disks/pvc-0c0410dd-8d93-4147-a5a9-48ce781c8b95,Disk,US East,"[""\""k8s-azure-created-by\"":\""kubernetes-azure-dd\"""",""\""kubernetes.io-created-for-pv-name\"":\""pvc-0c0410dd-8d93-4147-a5a9-48ce781c8b95\"""",""\""kubernetes.io-created-for-pvc-name\"":\""storage-loki-0\"""",""\""kubernetes.io-created-for-pvc-namespace\"":\""istio-system\""""]",1.930436419,1.930436419,USD
mc_commandcenter_aks10000-test-cc_eastus,/subscriptions/6276588a-9234-41ee-a81c-7538ea3a817e/resourcegroups/mc_commandcenter_aks10000-test-cc_eastus,KioSoft Globalazure  Subscription,6276588a-9234-41ee-a81c-7538ea3a817e,kubernetes-a0ee29861b5e54fedab09ea55e128ca1,/subscriptions/6276588a-9234-41ee-a81c-7538ea3a817e/resourcegroups/mc_commandcenter_aks10000-test-cc_eastus/providers/microsoft.network/publicipaddresses/kubernetes-a0ee29861b5e54fedab09ea55e128ca1,Public IP address,US East,"[""\""aks-managed-cluster-name\"":\""aks10000-test-cc\"""",""\""aks-managed-cluster-rg\"":\""commandcenter\"""",""\""k8s-azure-cluster-name\"":\""kubernetes\"""",""\""k8s-azure-service\"":\""emqx/emqx\""""]",0.340775902,0.340775902,USD
mc_commandcenter_aks10000-test-cc_eastus,/subscriptions/6276588a-9234-41ee-a81c-7538ea3a817e/resourcegroups/mc_commandcenter_aks10000-test-cc_eastus,KioSoft Globalazure  Subscription,6276588a-9234-41ee-a81c-7538ea3a817e,kubernetes-a0929de449d844cc9a443b0bbd7a8a2e,/subscriptions/6276588a-9234-41ee-a81c-7538ea3a817e/resourcegroups/mc_commandcenter_aks10000-test-cc_eastus/providers/microsoft.network/publicipaddresses/kubernetes-a0929de449d844cc9a443b0bbd7a8a2e,Public IP address,US East,"[""\""aks-managed-cluster-name\"":\""aks10000-test-cc\"""",""\""aks-managed-cluster-rg\"":\""commandcenter\"""",""\""k8s-azure-cluster-name\"":\""kubernetes\"""",""\""k8s-azure-service\"":\""flink/flink-jobmanager\""""]",0.339774496,0.339774496,USD
mc_commandcenter_aks10000-test-cc_eastus,/subscriptions/6276588a-9234-41ee-a81c-7538ea3a817e/resourcegroups/mc_commandcenter_aks10000-test-cc_eastus,KioSoft Globalazure  Subscription,6276588a-9234-41ee-a81c-7538ea3a817e,aks-syspool-21886233-vmss,/subscriptions/6276588a-9234-41ee-a81c-7538ea3a817e/resourcegroups/mc_commandcenter_aks10000-test-cc_eastus/providers/microsoft.compute/virtualmachinescalesets/aks-syspool-21886233-vmss,Virtual machine scale set,"US East, Intercontinental","[""\""aks-managed-bootstrap-profile-acr-name\"":\"""",""\""aks-managed-consolidated-additional-properties\"":\""acad71d9-52f1-11f0-a7e0-723c6327b13b\"""",""\""aks-managed-createoperationid\"":\""61d3e299-15f7-4fa3-bf0c-910609bbc878\"""",""\""aks-managed-creationsource\"":\""vmssclient-aks-syspool-21886233-vmss\"""",""\""aks-managed-enable-imds-restriction\"":\""false\"""",""\""aks-managed-kubeletidentityclientid\"":\""5bcc0bf7-d6b7-49bc-ad4c-6946a48b03b7\"""",""\""aks-managed-orchestrator\"":\""kubernetes:1.31.9\"""",""\""aks-managed-poolname\"":\""syspool\"""",""\""aks-managed-resourcenamesuffix\"":\""39371513\"""",""\""aks-managed-ssh-access\"":\""localuser\""""]",0.049482179,0.049482179,USD
mc_commandcenter_aks10000-test-cc_eastus,/subscriptions/6276588a-9234-41ee-a81c-7538ea3a817e/resourcegroups/mc_commandcenter_aks10000-test-cc_eastus,KioSoft Globalazure  Subscription,6276588a-9234-41ee-a81c-7538ea3a817e,aks-e4asv4pool-22212387-vmss,/subscriptions/6276588a-9234-41ee-a81c-7538ea3a817e/resourcegroups/mc_commandcenter_aks10000-test-cc_eastus/providers/microsoft.compute/virtualmachinescalesets/aks-e4asv4pool-22212387-vmss,Virtual machine scale set,"US East, Intercontinental","[""\""aks-managed-bootstrap-profile-acr-name\"":\"""",""\""aks-managed-consolidated-additional-properties\"":\""586a1a8e-764e-11f0-b843-8a5c45200048\"""",""\""aks-managed-createoperationid\"":\""f7d970e0-fb2e-464d-a9da-9debfbdc17cb\"""",""\""aks-managed-creationsource\"":\""vmssclient-aks-e4asv4pool-22212387-vmss\"""",""\""aks-managed-enable-imds-restriction\"":\""false\"""",""\""aks-managed-kubeletidentityclientid\"":\""5bcc0bf7-d6b7-49bc-ad4c-6946a48b03b7\"""",""\""aks-managed-orchestrator\"":\""kubernetes:1.31.9\"""",""\""aks-managed-poolname\"":\""e4asv4pool\"""",""\""aks-managed-resourcenamesuffix\"":\""39371513\"""",""\""aks-managed-ssh-access\"":\""localuser\""""]",0.01889061,0.01889061,USD
mc_commandcenter_aks10000-test-cc_eastus,/subscriptions/6276588a-9234-41ee-a81c-7538ea3a817e/resourcegroups/mc_commandcenter_aks10000-test-cc_eastus,KioSoft Globalazure  Subscription,6276588a-9234-41ee-a81c-7538ea3a817e,aks-e2asv4pool-21886233-vmss,/subscriptions/6276588a-9234-41ee-a81c-7538ea3a817e/resourcegroups/mc_commandcenter_aks10000-test-cc_eastus/providers/microsoft.compute/virtualmachinescalesets/aks-e2asv4pool-21886233-vmss,Virtual machine scale set,"US East, Intercontinental","[""\""aks-managed-bootstrap-profile-acr-name\"":\"""",""\""aks-managed-consolidated-additional-properties\"":\""acad74a3-52f1-11f0-a7e0-723c6327b13b\"""",""\""aks-managed-createoperationid\"":\""61d3e299-15f7-4fa3-bf0c-910609bbc878\"""",""\""aks-managed-creationsource\"":\""vmssclient-aks-e2asv4pool-21886233-vmss\"""",""\""aks-managed-enable-imds-restriction\"":\""false\"""",""\""aks-managed-kubeletidentityclientid\"":\""5bcc0bf7-d6b7-49bc-ad4c-6946a48b03b7\"""",""\""aks-managed-orchestrator\"":\""kubernetes:1.31.9\"""",""\""aks-managed-poolname\"":\""e2asv4pool\"""",""\""aks-managed-resourcenamesuffix\"":\""39371513\"""",""\""aks-managed-ssh-access\"":\""localuser\""""]",0.002224042,0.002224042,USD
rg48-stage-cleanstore,/subscriptions/6276588a-9234-41ee-a81c-7538ea3a817e/resourcegroups/rg48-stage-cleanstore,KioSoft Globalazure  Subscription,6276588a-9234-41ee-a81c-7538ea3a817e,redis05-test-omdryun01,/subscriptions/6276588a-9234-41ee-a81c-7538ea3a817e/resourcegroups/rg48-stage-cleanstore/providers/microsoft.cache/redis/redis05-test-omdryun01,Redis cache,US East,[],102.6717538,102.6717538,USD
rg48-stage-cleanstore,/subscriptions/6276588a-9234-41ee-a81c-7538ea3a817e/resourcegroups/rg48-stage-cleanstore,KioSoft Globalazure  Subscription,6276588a-9234-41ee-a81c-7538ea3a817e,sa25omdryrun01,/subscriptions/6276588a-9234-41ee-a81c-7538ea3a817e/resourcegroups/rg48-stage-cleanstore/providers/microsoft.storage/storageaccounts/sa25omdryrun01,Storage account,US East,[],40.9843685,40.9843685,USD
rg48-stage-cleanstore,/subscriptions/6276588a-9234-41ee-a81c-7538ea3a817e/resourcegroups/rg48-stage-cleanstore,KioSoft Globalazure  Subscription,6276588a-9234-41ee-a81c-7538ea3a817e,vm125-stage-db01_osdisk,/subscriptions/6276588a-9234-41ee-a81c-7538ea3a817e/resourcegroups/rg48-stage-cleanstore/providers/microsoft.compute/disks/vm125-stage-db01_osdisk,Disk,US East,[],20.81709657,20.81709657,USD
rg48-stage-cleanstore,/subscriptions/6276588a-9234-41ee-a81c-7538ea3a817e/resourcegroups/rg48-stage-cleanstore,KioSoft Globalazure  Subscription,6276588a-9234-41ee-a81c-7538ea3a817e,sa34omdryrun01,/subscriptions/6276588a-9234-41ee-a81c-7538ea3a817e/resourcegroups/rg48-stage-cleanstore/providers/microsoft.storage/storageaccounts/sa34omdryrun01,Storage account,US East,[],16.34208482,16.34208482,USD
rg48-stage-cleanstore,/subscriptions/6276588a-9234-41ee-a81c-7538ea3a817e/resourcegroups/rg48-stage-cleanstore,KioSoft Globalazure  Subscription,6276588a-9234-41ee-a81c-7538ea3a817e,stage-cleanstore-web01,/subscriptions/6276588a-9234-41ee-a81c-7538ea3a817e/resourcegroups/rg48-stage-cleanstore/providers/microsoft.compute/virtualmachines/stage-cleanstore-web01,Virtual machine,"US East, Intercontinental","[""\""environment\"":\""stage\"""",""\""product\"":\""retail\"""",""\""squad\"":\""o&m\"""",""\""publisher\"":\""openlogic\""""]",15.08267631,15.08267631,USD
rg48-stage-cleanstore,/subscriptions/6276588a-9234-41ee-a81c-7538ea3a817e/resourcegroups/rg48-stage-cleanstore,KioSoft Globalazure  Subscription,6276588a-9234-41ee-a81c-7538ea3a817e,stage-cleanstore-web02,/subscriptions/6276588a-9234-41ee-a81c-7538ea3a817e/resourcegroups/rg48-stage-cleanstore/providers/microsoft.compute/virtualmachines/stage-cleanstore-web02,Virtual machine,US East,"[""\""environment\"":\""stage\"""",""\""product\"":\""retail\"""",""\""squad\"":\""o&m\"""",""\""publisher\"":\""openlogic\""""]",15.04181968,15.04181968,USD
rg48-stage-cleanstore,/subscriptions/6276588a-9234-41ee-a81c-7538ea3a817e/resourcegroups/rg48-stage-cleanstore,KioSoft Globalazure  Subscription,6276588a-9234-41ee-a81c-7538ea3a817e,vm125-stage-db01,/subscriptions/6276588a-9234-41ee-a81c-7538ea3a817e/resourcegroups/rg48-stage-cleanstore/providers/microsoft.compute/virtualmachines/vm125-stage-db01,Virtual machine,"US East, Intercontinental","[""\""environment\"":\""stage\"""",""\""product\"":\""test - stage /retail/coffee\"""",""\""squad\"":\""o&m\"""",""\""publisher\"":\""openlogic\""""]",15.02228809,15.02228809,USD
rg48-stage-cleanstore,/subscriptions/6276588a-9234-41ee-a81c-7538ea3a817e/resourcegroups/rg48-stage-cleanstore,KioSoft Globalazure  Subscription,6276588a-9234-41ee-a81c-7538ea3a817e,dryrun01_private_endpoint,/subscriptions/6276588a-9234-41ee-a81c-7538ea3a817e/resourcegroups/rg48-stage-cleanstore/providers/microsoft.network/privateendpoints/dryrun01_private_endpoint,Private endpoint,US East,[],7.438121032,7.438121032,USD
rg48-stage-cleanstore,/subscriptions/6276588a-9234-41ee-a81c-7538ea3a817e/resourcegroups/rg48-stage-cleanstore,KioSoft Globalazure  Subscription,6276588a-9234-41ee-a81c-7538ea3a817e,pe01-prod-kiocentral-tool,/subscriptions/6276588a-9234-41ee-a81c-7538ea3a817e/resourcegroups/rg48-stage-cleanstore/providers/microsoft.network/privateendpoints/pe01-prod-kiocentral-tool,Private endpoint,US East,[],7.438121032,7.438121032,USD
rg48-stage-cleanstore,/subscriptions/6276588a-9234-41ee-a81c-7538ea3a817e/resourcegroups/rg48-stage-cleanstore,KioSoft Globalazure  Subscription,6276588a-9234-41ee-a81c-7538ea3a817e,tmstest,/subscriptions/6276588a-9234-41ee-a81c-7538ea3a817e/resourcegroups/rg48-stage-cleanstore/providers/microsoft.network/privateendpoints/tmstest,Private endpoint,US East,[],7.438121032,7.438121032,USD
rg48-stage-cleanstore,/subscriptions/6276588a-9234-41ee-a81c-7538ea3a817e/resourcegroups/rg48-stage-cleanstore,KioSoft Globalazure  Subscription,6276588a-9234-41ee-a81c-7538ea3a817e,stagecleanstoreweb01-osdisk-20241225-050718,/subscriptions/6276588a-9234-41ee-a81c-7538ea3a817e/resourcegroups/rg48-stage-cleanstore/providers/microsoft.compute/disks/stagecleanstoreweb01-osdisk-20241225-050718,Disk,US East,"[""\""rsvaultbackup\"":\""40503b1b-e4b9-4a31-ba72-2946847173d1\""""]",6.108666555,6.108666555,USD
rg48-stage-cleanstore,/subscriptions/6276588a-9234-41ee-a81c-7538ea3a817e/resourcegroups/rg48-stage-cleanstore,KioSoft Globalazure  Subscription,6276588a-9234-41ee-a81c-7538ea3a817e,stage-cleanstore-web02_osdisk_1_a658fd4adcaa4f71b458f3dcd0046030,/subscriptions/6276588a-9234-41ee-a81c-7538ea3a817e/resourcegroups/rg48-stage-cleanstore/providers/microsoft.compute/disks/stage-cleanstore-web02_osdisk_1_a658fd4adcaa4f71b458f3dcd0046030,Disk,US East,[],5.990078719,5.990078719,USD
rg48-stage-cleanstore,/subscriptions/6276588a-9234-41ee-a81c-7538ea3a817e/resourcegroups/rg48-stage-cleanstore,KioSoft Globalazure  Subscription,6276588a-9234-41ee-a81c-7538ea3a817e,pip103-stage-cleanstore-web01,/subscriptions/6276588a-9234-41ee-a81c-7538ea3a817e/resourcegroups/rg48-stage-cleanstore/providers/microsoft.network/publicipaddresses/pip103-stage-cleanstore-web01,Public IP address,US East,[],3.720198896,3.720198896,USD
rg48-stage-cleanstore,/subscriptions/6276588a-9234-41ee-a81c-7538ea3a817e/resourcegroups/rg48-stage-cleanstore,KioSoft Globalazure  Subscription,6276588a-9234-41ee-a81c-7538ea3a817e,pip104-stage-cleanstore-web02,/subscriptions/6276588a-9234-41ee-a81c-7538ea3a817e/resourcegroups/rg48-stage-cleanstore/providers/microsoft.network/publicipaddresses/pip104-stage-cleanstore-web02,Public IP address,US East,[],3.720198896,3.720198896,USD
rg48-stage-cleanstore,/subscriptions/6276588a-9234-41ee-a81c-7538ea3a817e/resourcegroups/rg48-stage-cleanstore,KioSoft Globalazure  Subscription,6276588a-9234-41ee-a81c-7538ea3a817e,tm02-stage-cleanstore,/subscriptions/6276588a-9234-41ee-a81c-7538ea3a817e/resourcegroups/rg48-stage-cleanstore/providers/microsoft.network/trafficmanagerprofiles/tm02-stage-cleanstore,Traffic Manager profile,Unknown,[],2.794940668,2.794940668,USD
rg48-stage-cleanstore,/subscriptions/6276588a-9234-41ee-a81c-7538ea3a817e/resourcegroups/rg48-stage-cleanstore,KioSoft Globalazure  Subscription,6276588a-9234-41ee-a81c-7538ea3a817e,dryrununiversal,/subscriptions/6276588a-9234-41ee-a81c-7538ea3a817e/resourcegroups/rg48-stage-cleanstore/providers/microsoft.network/privateendpoints/dryrununiversal,Private endpoint,US East,[],1.531679078,1.531679078,USD
rg48-stage-cleanstore,/subscriptions/6276588a-9234-41ee-a81c-7538ea3a817e/resourcegroups/rg48-stage-cleanstore,KioSoft Globalazure  Subscription,6276588a-9234-41ee-a81c-7538ea3a817e,dyrununiversal,/subscriptions/6276588a-9234-41ee-a81c-7538ea3a817e/resourcegroups/rg48-stage-cleanstore/providers/microsoft.network/privateendpoints/dyrununiversal,Private endpoint,US East,[],1.531679078,1.531679078,USD
rg48-stage-cleanstore,/subscriptions/6276588a-9234-41ee-a81c-7538ea3a817e/resourcegroups/rg48-stage-cleanstore,KioSoft Globalazure  Subscription,6276588a-9234-41ee-a81c-7538ea3a817e,omdryrununiversal,/subscriptions/6276588a-9234-41ee-a81c-7538ea3a817e/resourcegroups/rg48-stage-cleanstore/providers/microsoft.network/privateendpoints/omdryrununiversal,Private endpoint,US East,[],1.531679078,1.531679078,USD
rg48-stage-cleanstore,/subscriptions/6276588a-9234-41ee-a81c-7538ea3a817e/resourcegroups/rg48-stage-cleanstore,KioSoft Globalazure  Subscription,6276588a-9234-41ee-a81c-7538ea3a817e,dryrun-universal,/subscriptions/6276588a-9234-41ee-a81c-7538ea3a817e/resourcegroups/rg48-stage-cleanstore/providers/microsoft.network/privateendpoints/dryrun-universal,Private endpoint,US East,[],1.521668104,1.521668104,USD
rg48-stage-cleanstore,/subscriptions/6276588a-9234-41ee-a81c-7538ea3a817e/resourcegroups/rg48-stage-cleanstore,KioSoft Globalazure  Subscription,6276588a-9234-41ee-a81c-7538ea3a817e,omdryrun-universal,/subscriptions/6276588a-9234-41ee-a81c-7538ea3a817e/resourcegroups/rg48-stage-cleanstore/providers/microsoft.network/privateendpoints/omdryrun-universal,Private endpoint,US East,[],1.521668104,1.521668104,USD
rg48-stage-cleanstore,/subscriptions/6276588a-9234-41ee-a81c-7538ea3a817e/resourcegroups/rg48-stage-cleanstore,KioSoft Globalazure  Subscription,6276588a-9234-41ee-a81c-7538ea3a817e,privatelink.file.core.windows.net,/subscriptions/6276588a-9234-41ee-a81c-7538ea3a817e/resourcegroups/rg48-stage-cleanstore/providers/microsoft.network/privatednszones/privatelink.file.core.windows.net,Private DNS zone,Unknown,[],0.499539216,0.499539216,USD
rg54-prod-tcn,/subscriptions/6276588a-9234-41ee-a81c-7538ea3a817e/resourcegroups/rg54-prod-tcn,KioSoft Globalazure  Subscription,6276588a-9234-41ee-a81c-7538ea3a817e,vm127-prod-tcn,/subscriptions/6276588a-9234-41ee-a81c-7538ea3a817e/resourcegroups/rg54-prod-tcn/providers/microsoft.compute/virtualmachines/vm127-prod-tcn,Virtual machine,"US East, Intercontinental","[""\""environment\"":\""production\"""",""\""product\"":\""internal - tcn\"""",""\""publisher\"":\""microsoftwindowsserver\""""]",152.470217,152.470217,USD
rg54-prod-tcn,/subscriptions/6276588a-9234-41ee-a81c-7538ea3a817e/resourcegroups/rg54-prod-tcn,KioSoft Globalazure  Subscription,6276588a-9234-41ee-a81c-7538ea3a817e,vm127-prod-tcn_osdisk_1_b08e2fba98cb40e38e775fed78d75726,/subscriptions/6276588a-9234-41ee-a81c-7538ea3a817e/resourcegroups/rg54-prod-tcn/providers/microsoft.compute/disks/vm127-prod-tcn_osdisk_1_b08e2fba98cb40e38e775fed78d75726,Disk,US East,[],74.79566507,74.79566507,USD
rg54-prod-tcn,/subscriptions/6276588a-9234-41ee-a81c-7538ea3a817e/resourcegroups/rg54-prod-tcn,KioSoft Globalazure  Subscription,6276588a-9234-41ee-a81c-7538ea3a817e,vm127-prod-tcn,/subscriptions/6276588a-9234-41ee-a81c-7538ea3a817e/resourcegroups/rg54-prod-tcn/providers/microsoft.compute/virtualmachines/vm127-prod-tcn/sqlexpress,Virtual machine,US East,[],14.99972044,14.99972044,USD
rg54-prod-tcn,/subscriptions/6276588a-9234-41ee-a81c-7538ea3a817e/resourcegroups/rg54-prod-tcn,KioSoft Globalazure  Subscription,6276588a-9234-41ee-a81c-7538ea3a817e,pip158-vm127-prod-tcn,/subscriptions/6276588a-9234-41ee-a81c-7538ea3a817e/resourcegroups/rg54-prod-tcn/providers/microsoft.network/publicipaddresses/pip158-vm127-prod-tcn,Public IP address,US East,[],3.720198896,3.720198896,USD
sage300c_v2022,/subscriptions/6276588a-9234-41ee-a81c-7538ea3a817e/resourcegroups/sage300c_v2022,KioSoft Globalazure  Subscription,6276588a-9234-41ee-a81c-7538ea3a817e,prod-sage-db01,/subscriptions/6276588a-9234-41ee-a81c-7538ea3a817e/resourcegroups/sage300c_v2022/providers/microsoft.compute/virtualmachines/prod-sage-db01,Virtual machine,"US East, Intercontinental","[""\""environment\"":\""production\"""",""\""product\"":\""internal - sage\"""",""\""publisher\"":\""microsoftwindowsserver\""""]",151.836027,151.836027,USD
sage300c_v2022,/subscriptions/6276588a-9234-41ee-a81c-7538ea3a817e/resourcegroups/sage300c_v2022,KioSoft Globalazure  Subscription,6276588a-9234-41ee-a81c-7538ea3a817e,prod-sage-db01_osdisk_1_6b2c346cebe44aab9278af1c3b66f401,/subscriptions/6276588a-9234-41ee-a81c-7538ea3a817e/resourcegroups/sage300c_v2022/providers/microsoft.compute/disks/prod-sage-db01_osdisk_1_6b2c346cebe44aab9278af1c3b66f401,Disk,US East,[],74.79566507,74.79566507,USD
sage300c_v2022,/subscriptions/6276588a-9234-41ee-a81c-7538ea3a817e/resourcegroups/sage300c_v2022,KioSoft Globalazure  Subscription,6276588a-9234-41ee-a81c-7538ea3a817e,prod-sage-db01,/subscriptions/6276588a-9234-41ee-a81c-7538ea3a817e/resourcegroups/sage300c_v2022/providers/microsoft.compute/virtualmachines/prod-sage-db01/mssqlserver,Virtual machine,US East,[],14.99972044,14.99972044,USD
sage300c_v2022,/subscriptions/6276588a-9234-41ee-a81c-7538ea3a817e/resourcegroups/sage300c_v2022,KioSoft Globalazure  Subscription,6276588a-9234-41ee-a81c-7538ea3a817e,prodsagedb01ip411,/subscriptions/6276588a-9234-41ee-a81c-7538ea3a817e/resourcegroups/sage300c_v2022/providers/microsoft.network/publicipaddresses/prodsagedb01ip411,Public IP address,US East,[],3.720198896,3.720198896,USD
rg59-prod-operationcenter,/subscriptions/6276588a-9234-41ee-a81c-7538ea3a817e/resourcegroups/rg59-prod-operationcenter,KioSoft Globalazure  Subscription,6276588a-9234-41ee-a81c-7538ea3a817e,redis07-prod-operationcenter,/subscriptions/6276588a-9234-41ee-a81c-7538ea3a817e/resourcegroups/rg59-prod-operationcenter/providers/microsoft.cache/redis/redis07-prod-operationcenter,Redis cache,US East,[],102.6717538,102.6717538,USD
rg59-prod-operationcenter,/subscriptions/6276588a-9234-41ee-a81c-7538ea3a817e/resourcegroups/rg59-prod-operationcenter,KioSoft Globalazure  Subscription,6276588a-9234-41ee-a81c-7538ea3a817e,postgresql01-prod-operationcenter,/subscriptions/6276588a-9234-41ee-a81c-7538ea3a817e/resourcegroups/rg59-prod-operationcenter/providers/microsoft.dbforpostgresql/flexibleservers/postgresql01-prod-operationcenter,Azure Database for PostgreSQL flexible server,US East 2,[],44.46558497,44.46558497,USD
rg59-prod-operationcenter,/subscriptions/6276588a-9234-41ee-a81c-7538ea3a817e/resourcegroups/rg59-prod-operationcenter,KioSoft Globalazure  Subscription,6276588a-9234-41ee-a81c-7538ea3a817e,vm157-prod-operation-management,/subscriptions/6276588a-9234-41ee-a81c-7538ea3a817e/resourcegroups/rg59-prod-operationcenter/providers/microsoft.compute/virtualmachines/vm157-prod-operation-management,Virtual machine,"US East, Intercontinental","[""\""environment\"":\""production\"""",""\""publisher\"":\""microsoftwindowsserver\"""",""\""product\"":\""operation-management\""""]",20.79861962,20.79861962,USD
rg59-prod-operationcenter,/subscriptions/6276588a-9234-41ee-a81c-7538ea3a817e/resourcegroups/rg59-prod-operationcenter,KioSoft Globalazure  Subscription,6276588a-9234-41ee-a81c-7538ea3a817e,vm157-prod-operation-management_osdisk_1_44e32bf4140e41b5ab909cfae5f92d2c,/subscriptions/6276588a-9234-41ee-a81c-7538ea3a817e/resourcegroups/rg59-prod-operationcenter/providers/microsoft.compute/disks/vm157-prod-operation-management_osdisk_1_44e32bf4140e41b5ab909cfae5f92d2c,Disk,US East,[],20.13962042,20.13962042,USD
rg59-prod-operationcenter,/subscriptions/6276588a-9234-41ee-a81c-7538ea3a817e/resourcegroups/rg59-prod-operationcenter,KioSoft Globalazure  Subscription,6276588a-9234-41ee-a81c-7538ea3a817e,vm156-prod-operationcenter_datadisk,/subscriptions/6276588a-9234-41ee-a81c-7538ea3a817e/resourcegroups/rg59-prod-operationcenter/providers/microsoft.compute/disks/vm156-prod-operationcenter_datadisk,Disk,US East,[],20.11219877,20.11219877,USD
rg59-prod-operationcenter,/subscriptions/6276588a-9234-41ee-a81c-7538ea3a817e/resourcegroups/rg59-prod-operationcenter,KioSoft Globalazure  Subscription,6276588a-9234-41ee-a81c-7538ea3a817e,vm156-prod-operationcenter,/subscriptions/6276588a-9234-41ee-a81c-7538ea3a817e/resourcegroups/rg59-prod-operationcenter/providers/microsoft.compute/virtualmachines/vm156-prod-operationcenter,Virtual machine,"US East, Intercontinental","[""\""environment\"":\""production\"""",""\""product\"":\""operationcenter\"""",""\""publisher\"":\""canonical\""""]",15.54143517,15.54143517,USD
rg59-prod-operationcenter,/subscriptions/6276588a-9234-41ee-a81c-7538ea3a817e/resourcegroups/rg59-prod-operationcenter,KioSoft Globalazure  Subscription,6276588a-9234-41ee-a81c-7538ea3a817e,vm156-prod-operationcenter_osdisk_1_880d6438858240c9ba0c55d70080bd57,/subscriptions/6276588a-9234-41ee-a81c-7538ea3a817e/resourcegroups/rg59-prod-operationcenter/providers/microsoft.compute/disks/vm156-prod-operationcenter_osdisk_1_880d6438858240c9ba0c55d70080bd57,Disk,US East,[],5.384508578,5.384508578,USD
rg59-prod-operationcenter,/subscriptions/6276588a-9234-41ee-a81c-7538ea3a817e/resourcegroups/rg59-prod-operationcenter,KioSoft Globalazure  Subscription,6276588a-9234-41ee-a81c-7538ea3a817e,pip177-prod-operationcenter,/subscriptions/6276588a-9234-41ee-a81c-7538ea3a817e/resourcegroups/rg59-prod-operationcenter/providers/microsoft.network/publicipaddresses/pip177-prod-operationcenter,Public IP address,US East,[],3.720198896,3.720198896,USD
rg59-prod-operationcenter,/subscriptions/6276588a-9234-41ee-a81c-7538ea3a817e/resourcegroups/rg59-prod-operationcenter,KioSoft Globalazure  Subscription,6276588a-9234-41ee-a81c-7538ea3a817e,pip178-vm157-prod-operation-management,/subscriptions/6276588a-9234-41ee-a81c-7538ea3a817e/resourcegroups/rg59-prod-operationcenter/providers/microsoft.network/publicipaddresses/pip178-vm157-prod-operation-management,Public IP address,US East,[],3.720198896,3.720198896,USD
rg59-prod-operationcenter,/subscriptions/6276588a-9234-41ee-a81c-7538ea3a817e/resourcegroups/rg59-prod-operationcenter,KioSoft Globalazure  Subscription,6276588a-9234-41ee-a81c-7538ea3a817e,high cpu usage-postgresql01-prod-operationcenter,/subscriptions/6276588a-9234-41ee-a81c-7538ea3a817e/resourcegroups/rg59-prod-operationcenter/providers/microsoft.insights/metricalerts/high cpu usage-postgresql01-prod-operationcenter,microsoft.insights/metricalerts,Unknown,[],0.095838135,0.095838135,USD
rg59-prod-operationcenter,/subscriptions/6276588a-9234-41ee-a81c-7538ea3a817e/resourcegroups/rg59-prod-operationcenter,KioSoft Globalazure  Subscription,6276588a-9234-41ee-a81c-7538ea3a817e,high mem usage-postgresql01-prod-operationcenter,/subscriptions/6276588a-9234-41ee-a81c-7538ea3a817e/resourcegroups/rg59-prod-operationcenter/providers/microsoft.insights/metricalerts/high mem usage-postgresql01-prod-operationcenter,microsoft.insights/metricalerts,Unknown,[],0.095838135,0.095838135,USD
rg59-prod-operationcenter,/subscriptions/6276588a-9234-41ee-a81c-7538ea3a817e/resourcegroups/rg59-prod-operationcenter,KioSoft Globalazure  Subscription,6276588a-9234-41ee-a81c-7538ea3a817e,high storage usage-postgresql01-prod-operationcenter,/subscriptions/6276588a-9234-41ee-a81c-7538ea3a817e/resourcegroups/rg59-prod-operationcenter/providers/microsoft.insights/metricalerts/high storage usage-postgresql01-prod-operationcenter,microsoft.insights/metricalerts,Unknown,[],0.095838135,0.095838135,USD
rg59-prod-operationcenter,/subscriptions/6276588a-9234-41ee-a81c-7538ea3a817e/resourcegroups/rg59-prod-operationcenter,KioSoft Globalazure  Subscription,6276588a-9234-41ee-a81c-7538ea3a817e,sa31prodoperationcenter,/subscriptions/6276588a-9234-41ee-a81c-7538ea3a817e/resourcegroups/rg59-prod-operationcenter/providers/microsoft.storage/storageaccounts/sa31prodoperationcenter,Storage account,US East,[],0.048951231,0.048951231,USD
commandcenter,/subscriptions/6276588a-9234-41ee-a81c-7538ea3a817e/resourcegroups/commandcenter,KioSoft Globalazure  Subscription,6276588a-9234-41ee-a81c-7538ea3a817e,cc-test,/subscriptions/6276588a-9234-41ee-a81c-7538ea3a817e/resourcegroups/commandcenter/providers/microsoft.containerservice/managedclusters/cc-test,Kubernetes service,US East,[],63.20254797,63.20254797,USD
commandcenter,/subscriptions/6276588a-9234-41ee-a81c-7538ea3a817e/resourcegroups/commandcenter,KioSoft Globalazure  Subscription,6276588a-9234-41ee-a81c-7538ea3a817e,ttiacr,/subscriptions/6276588a-9234-41ee-a81c-7538ea3a817e/resourcegroups/commandcenter/providers/microsoft.containerregistry/registries/ttiacr,Container registry,US East,[],37.37477065,37.37477065,USD
commandcenter,/subscriptions/6276588a-9234-41ee-a81c-7538ea3a817e/resourcegroups/commandcenter,KioSoft Globalazure  Subscription,6276588a-9234-41ee-a81c-7538ea3a817e,defaultazuremonitorworkspace-eus,/subscriptions/6276588a-9234-41ee-a81c-7538ea3a817e/resourcegroups/commandcenter/providers/microsoft.monitor/accounts/defaultazuremonitorworkspace-eus,microsoft.monitor/accounts,US East,[],34.74944518,34.74944518,USD
commandcenter,/subscriptions/6276588a-9234-41ee-a81c-7538ea3a817e/resourcegroups/commandcenter,KioSoft Globalazure  Subscription,6276588a-9234-41ee-a81c-7538ea3a817e,vm90-prod-powerbi,/subscriptions/6276588a-9234-41ee-a81c-7538ea3a817e/resourcegroups/commandcenter/providers/microsoft.compute/virtualmachines/vm90-prod-powerbi,Virtual machine,"US East, Intercontinental","[""\""environment\"":\""production\"""",""\""product\"":\""command center  \"""",""\""publisher\"":\""microsoftwindowsserver\""""]",26.73276363,26.73276363,USD
commandcenter,/subscriptions/6276588a-9234-41ee-a81c-7538ea3a817e/resourcegroups/commandcenter,KioSoft Globalazure  Subscription,6276588a-9234-41ee-a81c-7538ea3a817e,vm90-prod-powerbi_osdisk_1_30820f66bf4e4ab3b395b47bafc55b02,/subscriptions/6276588a-9234-41ee-a81c-7538ea3a817e/resourcegroups/commandcenter/providers/microsoft.compute/disks/vm90-prod-powerbi_osdisk_1_30820f66bf4e4ab3b395b47bafc55b02,Disk,US East,[],20.11219877,20.11219877,USD
commandcenter,/subscriptions/6276588a-9234-41ee-a81c-7538ea3a817e/resourcegroups/commandcenter,KioSoft Globalazure  Subscription,6276588a-9234-41ee-a81c-7538ea3a817e,aks10000-test-cc,/subscriptions/6276588a-9234-41ee-a81c-7538ea3a817e/resourcegroups/commandcenter/providers/microsoft.containerservice/managedclusters/aks10000-test-cc,Kubernetes service,US East,[],12.80122112,12.80122112,USD
commandcenter,/subscriptions/6276588a-9234-41ee-a81c-7538ea3a817e/resourcegroups/commandcenter,KioSoft Globalazure  Subscription,6276588a-9234-41ee-a81c-7538ea3a817e,vm90-prod-powerbi-ip,/subscriptions/6276588a-9234-41ee-a81c-7538ea3a817e/resourcegroups/commandcenter/providers/microsoft.network/publicipaddresses/vm90-prod-powerbi-ip,Public IP address,US East,[],3.720198896,3.720198896,USD
commandcenter,/subscriptions/6276588a-9234-41ee-a81c-7538ea3a817e/resourcegroups/commandcenter,KioSoft Globalazure  Subscription,6276588a-9234-41ee-a81c-7538ea3a817e,cctestaksbackup,/subscriptions/6276588a-9234-41ee-a81c-7538ea3a817e/resourcegroups/commandcenter/providers/microsoft.storage/storageaccounts/cctestaksbackup,Storage account,US East,[],0.605844125,0.605844125,USD
commandcenter,/subscriptions/6276588a-9234-41ee-a81c-7538ea3a817e/resourcegroups/commandcenter,KioSoft Globalazure  Subscription,6276588a-9234-41ee-a81c-7538ea3a817e,acr storage alert,/subscriptions/6276588a-9234-41ee-a81c-7538ea3a817e/resourcegroups/commandcenter/providers/microsoft.insights/metricalerts/acr storage alert,microsoft.insights/metricalerts,Unknown,[],0.095838135,0.095838135,USD
commandcenter,/subscriptions/6276588a-9234-41ee-a81c-7538ea3a817e/resourcegroups/commandcenter,KioSoft Globalazure  Subscription,6276588a-9234-41ee-a81c-7538ea3a817e,cpu usage percentage - aks10000-test-cc,/subscriptions/6276588a-9234-41ee-a81c-7538ea3a817e/resourcegroups/commandcenter/providers/microsoft.insights/metricalerts/cpu usage percentage - aks10000-test-cc,microsoft.insights/metricalerts,Unknown,[],0.095838135,0.095838135,USD
commandcenter,/subscriptions/6276588a-9234-41ee-a81c-7538ea3a817e/resourcegroups/commandcenter,KioSoft Globalazure  Subscription,6276588a-9234-41ee-a81c-7538ea3a817e,cpu usage percentage - cc-test,/subscriptions/6276588a-9234-41ee-a81c-7538ea3a817e/resourcegroups/commandcenter/providers/microsoft.insights/metricalerts/cpu usage percentage - cc-test,microsoft.insights/metricalerts,Unknown,[],0.095838135,0.095838135,USD
commandcenter,/subscriptions/6276588a-9234-41ee-a81c-7538ea3a817e/resourcegroups/commandcenter,KioSoft Globalazure  Subscription,6276588a-9234-41ee-a81c-7538ea3a817e,cpu usage percentage - cc-tti-test,/subscriptions/6276588a-9234-41ee-a81c-7538ea3a817e/resourcegroups/commandcenter/providers/microsoft.insights/metricalerts/cpu usage percentage - cc-tti-test,microsoft.insights/metricalerts,Unknown,[],0.095838135,0.095838135,USD
commandcenter,/subscriptions/6276588a-9234-41ee-a81c-7538ea3a817e/resourcegroups/commandcenter,KioSoft Globalazure  Subscription,6276588a-9234-41ee-a81c-7538ea3a817e,high cpu usage-prod-cc,/subscriptions/6276588a-9234-41ee-a81c-7538ea3a817e/resourcegroups/commandcenter/providers/microsoft.insights/metricalerts/high cpu usage-prod-cc,microsoft.insights/metricalerts,Unknown,[],0.095838135,0.095838135,USD
commandcenter,/subscriptions/6276588a-9234-41ee-a81c-7538ea3a817e/resourcegroups/commandcenter,KioSoft Globalazure  Subscription,6276588a-9234-41ee-a81c-7538ea3a817e,high storage usage-mariadb01-prod-cc,/subscriptions/6276588a-9234-41ee-a81c-7538ea3a817e/resourcegroups/commandcenter/providers/microsoft.insights/metricalerts/high storage usage-mariadb01-prod-cc,microsoft.insights/metricalerts,Unknown,[],0.095838135,0.095838135,USD
commandcenter,/subscriptions/6276588a-9234-41ee-a81c-7538ea3a817e/resourcegroups/commandcenter,KioSoft Globalazure  Subscription,6276588a-9234-41ee-a81c-7538ea3a817e,memory working set percentage - aks10000-test-cc,/subscriptions/6276588a-9234-41ee-a81c-7538ea3a817e/resourcegroups/commandcenter/providers/microsoft.insights/metricalerts/memory working set percentage - aks10000-test-cc,microsoft.insights/metricalerts,Unknown,[],0.095838135,0.095838135,USD
commandcenter,/subscriptions/6276588a-9234-41ee-a81c-7538ea3a817e/resourcegroups/commandcenter,KioSoft Globalazure  Subscription,6276588a-9234-41ee-a81c-7538ea3a817e,memory working set percentage - aks10000_cc_test,/subscriptions/6276588a-9234-41ee-a81c-7538ea3a817e/resourcegroups/commandcenter/providers/microsoft.insights/metricalerts/memory working set percentage - aks10000_cc_test,microsoft.insights/metricalerts,Unknown,[],0.095838135,0.095838135,USD
commandcenter,/subscriptions/6276588a-9234-41ee-a81c-7538ea3a817e/resourcegroups/commandcenter,KioSoft Globalazure  Subscription,6276588a-9234-41ee-a81c-7538ea3a817e,memory working set percentage - cc-test,/subscriptions/6276588a-9234-41ee-a81c-7538ea3a817e/resourcegroups/commandcenter/providers/microsoft.insights/metricalerts/memory working set percentage - cc-test,microsoft.insights/metricalerts,Unknown,[],0.095838135,0.095838135,USD
commandcenter,/subscriptions/6276588a-9234-41ee-a81c-7538ea3a817e/resourcegroups/commandcenter,KioSoft Globalazure  Subscription,6276588a-9234-41ee-a81c-7538ea3a817e,memory working set percentage - cc-tti-test,/subscriptions/6276588a-9234-41ee-a81c-7538ea3a817e/resourcegroups/commandcenter/providers/microsoft.insights/metricalerts/memory working set percentage - cc-tti-test,microsoft.insights/metricalerts,Unknown,[],0.095838135,0.095838135,USD
commandcenter,/subscriptions/6276588a-9234-41ee-a81c-7538ea3a817e/resourcegroups/commandcenter,KioSoft Globalazure  Subscription,6276588a-9234-41ee-a81c-7538ea3a817e,cpu usage percentage - aks10000_cc_test,/subscriptions/6276588a-9234-41ee-a81c-7538ea3a817e/resourcegroups/commandcenter/providers/microsoft.insights/metricalerts/cpu usage percentage - aks10000_cc_test,microsoft.insights/metricalerts,Unknown,[],0.09583721,0.09583721,USD
commandcenter,/subscriptions/6276588a-9234-41ee-a81c-7538ea3a817e/resourcegroups/commandcenter,KioSoft Globalazure  Subscription,6276588a-9234-41ee-a81c-7538ea3a817e,high mem usage-prod-cc,/subscriptions/6276588a-9234-41ee-a81c-7538ea3a817e/resourcegroups/commandcenter/providers/microsoft.insights/metricalerts/high mem usage-prod-cc,microsoft.insights/metricalerts,Unknown,[],0.09583721,0.09583721,USD
commandcenter,/subscriptions/6276588a-9234-41ee-a81c-7538ea3a817e/resourcegroups/commandcenter,KioSoft Globalazure  Subscription,6276588a-9234-41ee-a81c-7538ea3a817e,sa18baletest,/subscriptions/6276588a-9234-41ee-a81c-7538ea3a817e/resourcegroups/commandcenter/providers/microsoft.storage/storageaccounts/sa18baletest,Storage account,US East,[],0.00278706,0.00278706,USD
commandcenter,/subscriptions/6276588a-9234-41ee-a81c-7538ea3a817e/resourcegroups/commandcenter,KioSoft Globalazure  Subscription,6276588a-9234-41ee-a81c-7538ea3a817e,sa20democc,/subscriptions/6276588a-9234-41ee-a81c-7538ea3a817e/resourcegroups/commandcenter/providers/microsoft.storage/storageaccounts/sa20democc,Storage account,US East,[],7.08576E-05,7.08576E-05,USD
rg10000-test-kiocentral,/subscriptions/6276588a-9234-41ee-a81c-7538ea3a817e/resourcegroups/rg10000-test-kiocentral,KioSoft Globalazure  Subscription,6276588a-9234-41ee-a81c-7538ea3a817e,disk10009-test-qa-universal-web01,/subscriptions/6276588a-9234-41ee-a81c-7538ea3a817e/resourcegroups/rg10000-test-kiocentral/providers/microsoft.compute/disks/disk10009-test-qa-universal-web01,Disk,US East,"[""\""environment\"":\""test\"""",""\""product\"":\""retail\""""]",39.05147891,39.05147891,USD
rg10000-test-kiocentral,/subscriptions/6276588a-9234-41ee-a81c-7538ea3a817e/resourcegroups/rg10000-test-kiocentral,KioSoft Globalazure  Subscription,6276588a-9234-41ee-a81c-7538ea3a817e,disk10007-stage-kiopos-soft01,/subscriptions/6276588a-9234-41ee-a81c-7538ea3a817e/resourcegroups/rg10000-test-kiocentral/providers/microsoft.compute/disks/disk10007-stage-kiopos-soft01,Disk,US East,"[""\""environment\"":\""test\"""",""\""product\"":\""kiopos\""""]",20.46439292,20.46439292,USD
rg10000-test-kiocentral,/subscriptions/6276588a-9234-41ee-a81c-7538ea3a817e/resourcegroups/rg10000-test-kiocentral,KioSoft Globalazure  Subscription,6276588a-9234-41ee-a81c-7538ea3a817e,disk10006-stage-kiopos-web01,/subscriptions/6276588a-9234-41ee-a81c-7538ea3a817e/resourcegroups/rg10000-test-kiocentral/providers/microsoft.compute/disks/disk10006-stage-kiopos-web01,Disk,US East,"[""\""environment\"":\""test\"""",""\""product\"":\""kiopos\""""]",20.43442716,20.43442716,USD
rg10000-test-kiocentral,/subscriptions/6276588a-9234-41ee-a81c-7538ea3a817e/resourcegroups/rg10000-test-kiocentral,KioSoft Globalazure  Subscription,6276588a-9234-41ee-a81c-7538ea3a817e,disk10001-test-internal-server,/subscriptions/6276588a-9234-41ee-a81c-7538ea3a817e/resourcegroups/rg10000-test-kiocentral/providers/microsoft.compute/disks/disk10001-test-internal-server,Disk,US East,"[""\""environment\"":\""test\"""",""\""product\"":\""test-internal-server\""""]",20.41171988,20.41171988,USD
rg10000-test-kiocentral,/subscriptions/6276588a-9234-41ee-a81c-7538ea3a817e/resourcegroups/rg10000-test-kiocentral,KioSoft Globalazure  Subscription,6276588a-9234-41ee-a81c-7538ea3a817e,vm10001-test-internal-server,/subscriptions/6276588a-9234-41ee-a81c-7538ea3a817e/resourcegroups/rg10000-test-kiocentral/providers/microsoft.compute/virtualmachines/vm10001-test-internal-server,Virtual machine,"US East, Intercontinental","[""\""environment\"":\""test\"""",""\""product\"":\""test-internal-server\""""]",19.21974834,19.21974834,USD
rg10000-test-kiocentral,/subscriptions/6276588a-9234-41ee-a81c-7538ea3a817e/resourcegroups/rg10000-test-kiocentral,KioSoft Globalazure  Subscription,6276588a-9234-41ee-a81c-7538ea3a817e,vm10007-test-qa-universal-web01,/subscriptions/6276588a-9234-41ee-a81c-7538ea3a817e/resourcegroups/rg10000-test-kiocentral/providers/microsoft.compute/virtualmachines/vm10007-test-qa-universal-web01,Virtual machine,US East,"[""\""environment\"":\""test\"""",""\""product\"":\""retail\""""]",14.92733536,14.92733536,USD
rg10000-test-kiocentral,/subscriptions/6276588a-9234-41ee-a81c-7538ea3a817e/resourcegroups/rg10000-test-kiocentral,KioSoft Globalazure  Subscription,6276588a-9234-41ee-a81c-7538ea3a817e,vm10005-stage-kiopos-soft01,/subscriptions/6276588a-9234-41ee-a81c-7538ea3a817e/resourcegroups/rg10000-test-kiocentral/providers/microsoft.compute/virtualmachines/vm10005-stage-kiopos-soft01,Virtual machine,US East,"[""\""environment\"":\""test\"""",""\""product\"":\""kiopos\""""]",14.87837284,14.87837284,USD
rg10000-test-kiocentral,/subscriptions/6276588a-9234-41ee-a81c-7538ea3a817e/resourcegroups/rg10000-test-kiocentral,KioSoft Globalazure  Subscription,6276588a-9234-41ee-a81c-7538ea3a817e,vm10004-stage-kiopos-web01,/subscriptions/6276588a-9234-41ee-a81c-7538ea3a817e/resourcegroups/rg10000-test-kiocentral/providers/microsoft.compute/virtualmachines/vm10004-stage-kiopos-web01,Virtual machine,"US East, Intercontinental","[""\""environment\"":\""test\"""",""\""product\"":\""kiopos\""""]",14.87643524,14.87643524,USD
rg10000-test-kiocentral,/subscriptions/6276588a-9234-41ee-a81c-7538ea3a817e/resourcegroups/rg10000-test-kiocentral,KioSoft Globalazure  Subscription,6276588a-9234-41ee-a81c-7538ea3a817e,pip10001-test-internal-server,/subscriptions/6276588a-9234-41ee-a81c-7538ea3a817e/resourcegroups/rg10000-test-kiocentral/providers/microsoft.network/publicipaddresses/pip10001-test-internal-server,Public IP address,US East,[],3.720198896,3.720198896,USD
rg10000-test-kiocentral,/subscriptions/6276588a-9234-41ee-a81c-7538ea3a817e/resourcegroups/rg10000-test-kiocentral,KioSoft Globalazure  Subscription,6276588a-9234-41ee-a81c-7538ea3a817e,pip10004-stage-kiopos-web01,/subscriptions/6276588a-9234-41ee-a81c-7538ea3a817e/resourcegroups/rg10000-test-kiocentral/providers/microsoft.network/publicipaddresses/pip10004-stage-kiopos-web01,Public IP address,US East,[],3.720198896,3.720198896,USD
rg10000-test-kiocentral,/subscriptions/6276588a-9234-41ee-a81c-7538ea3a817e/resourcegroups/rg10000-test-kiocentral,KioSoft Globalazure  Subscription,6276588a-9234-41ee-a81c-7538ea3a817e,pip10005-stage-kiopos-soft01,/subscriptions/6276588a-9234-41ee-a81c-7538ea3a817e/resourcegroups/rg10000-test-kiocentral/providers/microsoft.network/publicipaddresses/pip10005-stage-kiopos-soft01,Public IP address,US East,[],3.720198896,3.720198896,USD
rg10000-test-kiocentral,/subscriptions/6276588a-9234-41ee-a81c-7538ea3a817e/resourcegroups/rg10000-test-kiocentral,KioSoft Globalazure  Subscription,6276588a-9234-41ee-a81c-7538ea3a817e,pip10007-test-qa-universal-web01,/subscriptions/6276588a-9234-41ee-a81c-7538ea3a817e/resourcegroups/rg10000-test-kiocentral/providers/microsoft.network/publicipaddresses/pip10007-test-qa-universal-web01,Public IP address,US East,[],3.720198896,3.720198896,USD
mc_commandcenter_cc-test_eastus,/subscriptions/6276588a-9234-41ee-a81c-7538ea3a817e/resourcegroups/mc_commandcenter_cc-test_eastus,KioSoft Globalazure  Subscription,6276588a-9234-41ee-a81c-7538ea3a817e,kubernetes,/subscriptions/6276588a-9234-41ee-a81c-7538ea3a817e/resourcegroups/mc_commandcenter_cc-test_eastus/providers/microsoft.network/loadbalancers/kubernetes,Load balancer,US East,"[""\""aks-managed-cluster-name\"":\""cc-test\"""",""\""aks-managed-cluster-rg\"":\""commandcenter\""""]",40.12138579,40.12138579,USD
mc_commandcenter_cc-test_eastus,/subscriptions/6276588a-9234-41ee-a81c-7538ea3a817e/resourcegroups/mc_commandcenter_cc-test_eastus,KioSoft Globalazure  Subscription,6276588a-9234-41ee-a81c-7538ea3a817e,aks-e4asv4pool-25145aks-e4asv4pool-251456os__1_be2fc85581174d35b3ab8d5e3f622ee7,/subscriptions/6276588a-9234-41ee-a81c-7538ea3a817e/resourcegroups/mc_commandcenter_cc-test_eastus/providers/microsoft.compute/disks/aks-e4asv4pool-25145aks-e4asv4pool-251456os__1_be2fc85581174d35b3ab8d5e3f622ee7,Disk,US East,"[""\""aks-managed-consolidated-additional-properties\"":\""9a5bcf84-c1b6-11ef-a201-eea95be70579\"""",""\""aks-managed-createoperationid\"":\"""",""\""aks-managed-creationsource\"":\""vmssclient-aks-e4asv4pool-25145647-vmss\"""",""\""aks-managed-enable-imds-restriction\"":\""false\"""",""\""aks-managed-kubeletidentityclientid\"":\""381c8a37-fe59-4b85-a962-02c208c0f841\"""",""\""aks-managed-orchestrator\"":\""kubernetes:1.29.10\"""",""\""aks-managed-poolname\"":\""e4asv4pool\"""",""\""aks-managed-resourcenamesuffix\"":\""18672872\"""",""\""aks-managed-ssh-access\"":\""localuser\"""",""\""aks-managed-operationid\"":\""7d0f9284-f517-4504-8d19-6d56030791b4\""""]",17.06852859,17.06852859,USD
mc_commandcenter_cc-test_eastus,/subscriptions/6276588a-9234-41ee-a81c-7538ea3a817e/resourcegroups/mc_commandcenter_cc-test_eastus,KioSoft Globalazure  Subscription,6276588a-9234-41ee-a81c-7538ea3a817e,aks-e4asv4pool-25145aks-e4asv4pool-251456os__2_76637b6dd1eb4293a503f3b5e22726f5,/subscriptions/6276588a-9234-41ee-a81c-7538ea3a817e/resourcegroups/mc_commandcenter_cc-test_eastus/providers/microsoft.compute/disks/aks-e4asv4pool-25145aks-e4asv4pool-251456os__2_76637b6dd1eb4293a503f3b5e22726f5,Disk,US East,"[""\""aks-managed-consolidated-additional-properties\"":\""9a5bcf84-c1b6-11ef-a201-eea95be70579\"""",""\""aks-managed-createoperationid\"":\"""",""\""aks-managed-creationsource\"":\""vmssclient-aks-e4asv4pool-25145647-vmss\"""",""\""aks-managed-kubeletidentityclientid\"":\""381c8a37-fe59-4b85-a962-02c208c0f841\"""",""\""aks-managed-orchestrator\"":\""kubernetes:1.29.10\"""",""\""aks-managed-poolname\"":\""e4asv4pool\"""",""\""aks-managed-resourcenamesuffix\"":\""18672872\"""",""\""aks-managed-ssh-access\"":\""localuser\"""",""\""aks-managed-operationid\"":\""7d0f9284-f517-4504-8d19-6d56030791b4\""""]",13.80535176,13.80535176,USD
mc_commandcenter_cc-test_eastus,/subscriptions/6276588a-9234-41ee-a81c-7538ea3a817e/resourcegroups/mc_commandcenter_cc-test_eastus,KioSoft Globalazure  Subscription,6276588a-9234-41ee-a81c-7538ea3a817e,aks-e4asv4pool-25145647-vmss / 5,/subscriptions/6276588a-9234-41ee-a81c-7538ea3a817e/resourcegroups/mc_commandcenter_cc-test_eastus/providers/microsoft.compute/virtualmachinescalesets/aks-e4asv4pool-25145647-vmss/virtualmachines/5,Virtual machine scale set instance,US East,"[""\""aks-managed-consolidated-additional-properties\"":\""9a5bcf84-c1b6-11ef-a201-eea95be70579\"""",""\""aks-managed-createoperationid\"":\"""",""\""aks-managed-creationsource\"":\""vmssclient-aks-e4asv4pool-25145647-vmss\"""",""\""aks-managed-kubeletidentityclientid\"":\""381c8a37-fe59-4b85-a962-02c208c0f841\"""",""\""aks-managed-operationid\"":\""7d0f9284-f517-4504-8d19-6d56030791b4\"""",""\""aks-managed-orchestrator\"":\""kubernetes:1.29.10\"""",""\""aks-managed-poolname\"":\""e4asv4pool\"""",""\""aks-managed-resourcenamesuffix\"":\""18672872\"""",""\""aks-managed-ssh-access\"":\""localuser\""""]",12.61724905,12.61724905,USD
mc_commandcenter_cc-test_eastus,/subscriptions/6276588a-9234-41ee-a81c-7538ea3a817e/resourcegroups/mc_commandcenter_cc-test_eastus,KioSoft Globalazure  Subscription,6276588a-9234-41ee-a81c-7538ea3a817e,aks-systempool01-18971634-vmss / 0,/subscriptions/6276588a-9234-41ee-a81c-7538ea3a817e/resourcegroups/mc_commandcenter_cc-test_eastus/providers/microsoft.compute/virtualmachinescalesets/aks-systempool01-18971634-vmss/virtualmachines/0,Virtual machine scale set instance,US East,"[""\""aks-managed-consolidated-additional-properties\"":\""9a5bd765-c1b6-11ef-a201-eea95be70579\"""",""\""aks-managed-createoperationid\"":\"""",""\""aks-managed-creationsource\"":\""vmssclient-aks-systempool01-18971634-vmss\"""",""\""aks-managed-kubeletidentityclientid\"":\""381c8a37-fe59-4b85-a962-02c208c0f841\"""",""\""aks-managed-operationid\"":\""7d0f9284-f517-4504-8d19-6d56030791b4\"""",""\""aks-managed-orchestrator\"":\""kubernetes:1.29.10\"""",""\""aks-managed-poolname\"":\""systempool01\"""",""\""aks-managed-resourcenamesuffix\"":\""18672872\"""",""\""aks-managed-ssh-access\"":\""localuser\""""]",12.61724905,12.61724905,USD
mc_commandcenter_cc-test_eastus,/subscriptions/6276588a-9234-41ee-a81c-7538ea3a817e/resourcegroups/mc_commandcenter_cc-test_eastus,KioSoft Globalazure  Subscription,6276588a-9234-41ee-a81c-7538ea3a817e,aks-systempool01-189aks-systempool01-1897os__1_99fc462ed2be4223b518d8ec3c5a285d,/subscriptions/6276588a-9234-41ee-a81c-7538ea3a817e/resourcegroups/mc_commandcenter_cc-test_eastus/providers/microsoft.compute/disks/aks-systempool01-189aks-systempool01-1897os__1_99fc462ed2be4223b518d8ec3c5a285d,Disk,US East,"[""\""aks-managed-consolidated-additional-properties\"":\""9a5bd765-c1b6-11ef-a201-eea95be70579\"""",""\""aks-managed-createoperationid\"":\"""",""\""aks-managed-creationsource\"":\""vmssclient-aks-systempool01-18971634-vmss\"""",""\""aks-managed-enable-imds-restriction\"":\""false\"""",""\""aks-managed-kubeletidentityclientid\"":\""381c8a37-fe59-4b85-a962-02c208c0f841\"""",""\""aks-managed-orchestrator\"":\""kubernetes:1.29.10\"""",""\""aks-managed-poolname\"":\""systempool01\"""",""\""aks-managed-resourcenamesuffix\"":\""18672872\"""",""\""aks-managed-ssh-access\"":\""localuser\"""",""\""aks-managed-operationid\"":\""7d0f9284-f517-4504-8d19-6d56030791b4\""""]",10.37156471,10.37156471,USD
mc_commandcenter_cc-test_eastus,/subscriptions/6276588a-9234-41ee-a81c-7538ea3a817e/resourcegroups/mc_commandcenter_cc-test_eastus,KioSoft Globalazure  Subscription,6276588a-9234-41ee-a81c-7538ea3a817e,aks-e4asv4pool-25145647-vmss / 6,/subscriptions/6276588a-9234-41ee-a81c-7538ea3a817e/resourcegroups/mc_commandcenter_cc-test_eastus/providers/microsoft.compute/virtualmachinescalesets/aks-e4asv4pool-25145647-vmss/virtualmachines/6,Virtual machine scale set instance,US East,"[""\""aks-managed-consolidated-additional-properties\"":\""9a5bcf84-c1b6-11ef-a201-eea95be70579\"""",""\""aks-managed-createoperationid\"":\"""",""\""aks-managed-creationsource\"":\""vmssclient-aks-e4asv4pool-25145647-vmss\"""",""\""aks-managed-kubeletidentityclientid\"":\""381c8a37-fe59-4b85-a962-02c208c0f841\"""",""\""aks-managed-orchestrator\"":\""kubernetes:1.29.10\"""",""\""aks-managed-poolname\"":\""e4asv4pool\"""",""\""aks-managed-resourcenamesuffix\"":\""18672872\"""",""\""aks-managed-ssh-access\"":\""localuser\"""",""\""aks-managed-operationid\"":\""7d0f9284-f517-4504-8d19-6d56030791b4\""""]",10.21396352,10.21396352,USD
mc_commandcenter_cc-test_eastus,/subscriptions/6276588a-9234-41ee-a81c-7538ea3a817e/resourcegroups/mc_commandcenter_cc-test_eastus,KioSoft Globalazure  Subscription,6276588a-9234-41ee-a81c-7538ea3a817e,aks-systempool01-18971634-vmss / 1,/subscriptions/6276588a-9234-41ee-a81c-7538ea3a817e/resourcegroups/mc_commandcenter_cc-test_eastus/providers/microsoft.compute/virtualmachinescalesets/aks-systempool01-18971634-vmss/virtualmachines/1,Virtual machine scale set instance,US East,"[""\""aks-managed-consolidated-additional-properties\"":\""9a5bd765-c1b6-11ef-a201-eea95be70579\"""",""\""aks-managed-createoperationid\"":\"""",""\""aks-managed-creationsource\"":\""vmssclient-aks-systempool01-18971634-vmss\"""",""\""aks-managed-kubeletidentityclientid\"":\""381c8a37-fe59-4b85-a962-02c208c0f841\"""",""\""aks-managed-orchestrator\"":\""kubernetes:1.29.10\"""",""\""aks-managed-poolname\"":\""systempool01\"""",""\""aks-managed-resourcenamesuffix\"":\""18672872\"""",""\""aks-managed-ssh-access\"":\""localuser\"""",""\""aks-managed-operationid\"":\""7d0f9284-f517-4504-8d19-6d56030791b4\""""]",10.21396352,10.21396352,USD
mc_commandcenter_cc-test_eastus,/subscriptions/6276588a-9234-41ee-a81c-7538ea3a817e/resourcegroups/mc_commandcenter_cc-test_eastus,KioSoft Globalazure  Subscription,6276588a-9234-41ee-a81c-7538ea3a817e,fda8dea24535a4490aac6c6,/subscriptions/6276588a-9234-41ee-a81c-7538ea3a817e/resourcegroups/mc_commandcenter_cc-test_eastus/providers/microsoft.storage/storageaccounts/fda8dea24535a4490aac6c6,Storage account,US East,"[""\""k8s-azure-created-by\"":\""azure\""""]",9.589474283,9.589474283,USD
mc_commandcenter_cc-test_eastus,/subscriptions/6276588a-9234-41ee-a81c-7538ea3a817e/resourcegroups/mc_commandcenter_cc-test_eastus,KioSoft Globalazure  Subscription,6276588a-9234-41ee-a81c-7538ea3a817e,aks-systempool01-189aks-systempool01-1897os__1_7e2e63ecd39c41e69abe097127db8e36,/subscriptions/6276588a-9234-41ee-a81c-7538ea3a817e/resourcegroups/mc_commandcenter_cc-test_eastus/providers/microsoft.compute/disks/aks-systempool01-189aks-systempool01-1897os__1_7e2e63ecd39c41e69abe097127db8e36,Disk,US East,"[""\""aks-managed-consolidated-additional-properties\"":\""9a5bd765-c1b6-11ef-a201-eea95be70579\"""",""\""aks-managed-createoperationid\"":\"""",""\""aks-managed-creationsource\"":\""vmssclient-aks-systempool01-18971634-vmss\"""",""\""aks-managed-enable-imds-restriction\"":\""false\"""",""\""aks-managed-kubeletidentityclientid\"":\""381c8a37-fe59-4b85-a962-02c208c0f841\"""",""\""aks-managed-orchestrator\"":\""kubernetes:1.29.10\"""",""\""aks-managed-poolname\"":\""systempool01\"""",""\""aks-managed-resourcenamesuffix\"":\""18672872\"""",""\""aks-managed-ssh-access\"":\""localuser\"""",""\""aks-managed-operationid\"":\""7d0f9284-f517-4504-8d19-6d56030791b4\""""]",8.027619767,8.027619767,USD
mc_commandcenter_cc-test_eastus,/subscriptions/6276588a-9234-41ee-a81c-7538ea3a817e/resourcegroups/mc_commandcenter_cc-test_eastus,KioSoft Globalazure  Subscription,6276588a-9234-41ee-a81c-7538ea3a817e,903b31ab-b4c9-4dfc-8cac-a244f6084880,/subscriptions/6276588a-9234-41ee-a81c-7538ea3a817e/resourcegroups/mc_commandcenter_cc-test_eastus/providers/microsoft.network/publicipaddresses/903b31ab-b4c9-4dfc-8cac-a244f6084880,Public IP address,US East,"[""\""aks-managed-cluster-name\"":\""cc-test\"""",""\""aks-managed-cluster-rg\"":\""commandcenter\"""",""\""aks-managed-type\"":\""aks-slb-managed-outbound-ip\""""]",3.169365369,3.169365369,USD
mc_commandcenter_cc-test_eastus,/subscriptions/6276588a-9234-41ee-a81c-7538ea3a817e/resourcegroups/mc_commandcenter_cc-test_eastus,KioSoft Globalazure  Subscription,6276588a-9234-41ee-a81c-7538ea3a817e,kubernetes-ac0597ebd2d34470aaf8e6673dd4caa4,/subscriptions/6276588a-9234-41ee-a81c-7538ea3a817e/resourcegroups/mc_commandcenter_cc-test_eastus/providers/microsoft.network/publicipaddresses/kubernetes-ac0597ebd2d34470aaf8e6673dd4caa4,Public IP address,US East,"[""\""aks-managed-cluster-name\"":\""cc-test\"""",""\""aks-managed-cluster-rg\"":\""commandcenter\"""",""\""k8s-azure-cluster-name\"":\""kubernetes\"""",""\""k8s-azure-service\"":\""test-tools/nginx-proxy-lb\""""]",3.169365369,3.169365369,USD
mc_commandcenter_cc-test_eastus,/subscriptions/6276588a-9234-41ee-a81c-7538ea3a817e/resourcegroups/mc_commandcenter_cc-test_eastus,KioSoft Globalazure  Subscription,6276588a-9234-41ee-a81c-7538ea3a817e,kubernetes-ae5708c7e81c84d1da14e19d667ebb31,/subscriptions/6276588a-9234-41ee-a81c-7538ea3a817e/resourcegroups/mc_commandcenter_cc-test_eastus/providers/microsoft.network/publicipaddresses/kubernetes-ae5708c7e81c84d1da14e19d667ebb31,Public IP address,US East,"[""\""aks-managed-cluster-name\"":\""cc-test\"""",""\""aks-managed-cluster-rg\"":\""commandcenter\"""",""\""k8s-azure-cluster-name\"":\""kubernetes\"""",""\""k8s-azure-service\"":\""istio-system/istio-ingressgateway\""""]",3.169365369,3.169365369,USD
mc_commandcenter_cc-test_eastus,/subscriptions/6276588a-9234-41ee-a81c-7538ea3a817e/resourcegroups/mc_commandcenter_cc-test_eastus,KioSoft Globalazure  Subscription,6276588a-9234-41ee-a81c-7538ea3a817e,pvc-853cd105-9699-44ed-8ee6-facc0f4676bc,/subscriptions/6276588a-9234-41ee-a81c-7538ea3a817e/resourcegroups/mc_commandcenter_cc-test_eastus/providers/microsoft.compute/disks/pvc-853cd105-9699-44ed-8ee6-facc0f4676bc,Disk,US East,"[""\""k8s-azure-created-by\"":\""kubernetes-azure-dd\"""",""\""kubernetes.io-created-for-pv-name\"":\""pvc-853cd105-9699-44ed-8ee6-facc0f4676bc\"""",""\""kubernetes.io-created-for-pvc-name\"":\""elasticsearch-master-elasticsearch-master-0\"""",""\""kubernetes.io-created-for-pvc-namespace\"":\""elastic-system\""""]",2.080298442,2.080298442,USD
mc_commandcenter_cc-test_eastus,/subscriptions/6276588a-9234-41ee-a81c-7538ea3a817e/resourcegroups/mc_commandcenter_cc-test_eastus,KioSoft Globalazure  Subscription,6276588a-9234-41ee-a81c-7538ea3a817e,aks-systempool01-18971634-vmss,/subscriptions/6276588a-9234-41ee-a81c-7538ea3a817e/resourcegroups/mc_commandcenter_cc-test_eastus/providers/microsoft.compute/virtualmachinescalesets/aks-systempool01-18971634-vmss,Virtual machine scale set,"US East, Intercontinental","[""\""aks-managed-consolidated-additional-properties\"":\""9a5bd765-c1b6-11ef-a201-eea95be70579\"""",""\""aks-managed-createoperationid\"":\"""",""\""aks-managed-creationsource\"":\""vmssclient-aks-systempool01-18971634-vmss\"""",""\""aks-managed-kubeletidentityclientid\"":\""381c8a37-fe59-4b85-a962-02c208c0f841\"""",""\""aks-managed-orchestrator\"":\""kubernetes:1.29.10\"""",""\""aks-managed-poolname\"":\""systempool01\"""",""\""aks-managed-resourcenamesuffix\"":\""18672872\"""",""\""aks-managed-ssh-access\"":\""localuser\"""",""\""aks-managed-operationid\"":\""7d0f9284-f517-4504-8d19-6d56030791b4\""""]",0.267745076,0.267745076,USD
mc_commandcenter_cc-test_eastus,/subscriptions/6276588a-9234-41ee-a81c-7538ea3a817e/resourcegroups/mc_commandcenter_cc-test_eastus,KioSoft Globalazure  Subscription,6276588a-9234-41ee-a81c-7538ea3a817e,aks-e4asv4pool-25145aks-e4asv4pool-251456os__2_2e9b2745e4d842cab70eda83ed0bc596,/subscriptions/6276588a-9234-41ee-a81c-7538ea3a817e/resourcegroups/mc_commandcenter_cc-test_eastus/providers/microsoft.compute/disks/aks-e4asv4pool-25145aks-e4asv4pool-251456os__2_2e9b2745e4d842cab70eda83ed0bc596,Disk,US East,"[""\""aks-managed-consolidated-additional-properties\"":\""9a5bcf84-c1b6-11ef-a201-eea95be70579\"""",""\""aks-managed-createoperationid\"":\"""",""\""aks-managed-creationsource\"":\""vmssclient-aks-e4asv4pool-25145647-vmss\"""",""\""aks-managed-enable-imds-restriction\"":\""false\"""",""\""aks-managed-kubeletidentityclientid\"":\""381c8a37-fe59-4b85-a962-02c208c0f841\"""",""\""aks-managed-operationid\"":\""7d0f9284-f517-4504-8d19-6d56030791b4\"""",""\""aks-managed-orchestrator\"":\""kubernetes:1.29.10\"""",""\""aks-managed-poolname\"":\""e4asv4pool\"""",""\""aks-managed-resourcenamesuffix\"":\""18672872\"""",""\""aks-managed-ssh-access\"":\""localuser\""""]",0.212266108,0.212266108,USD
mc_commandcenter_cc-test_eastus,/subscriptions/6276588a-9234-41ee-a81c-7538ea3a817e/resourcegroups/mc_commandcenter_cc-test_eastus,KioSoft Globalazure  Subscription,6276588a-9234-41ee-a81c-7538ea3a817e,aks-e4asv4pool-25145647-vmss / 1,/subscriptions/6276588a-9234-41ee-a81c-7538ea3a817e/resourcegroups/mc_commandcenter_cc-test_eastus/providers/microsoft.compute/virtualmachinescalesets/aks-e4asv4pool-25145647-vmss/virtualmachines/1,Virtual machine scale set instance,US East,"[""\""aks-managed-consolidated-additional-properties\"":\""9a5bcf84-c1b6-11ef-a201-eea95be70579\"""",""\""aks-managed-createoperationid\"":\"""",""\""aks-managed-creationsource\"":\""vmssclient-aks-e4asv4pool-25145647-vmss\"""",""\""aks-managed-kubeletidentityclientid\"":\""381c8a37-fe59-4b85-a962-02c208c0f841\"""",""\""aks-managed-operationid\"":\""7d0f9284-f517-4504-8d19-6d56030791b4\"""",""\""aks-managed-orchestrator\"":\""kubernetes:1.29.10\"""",""\""aks-managed-poolname\"":\""e4asv4pool\"""",""\""aks-managed-resourcenamesuffix\"":\""18672872\"""",""\""aks-managed-ssh-access\"":\""localuser\""""]",0.160219036,0.160219036,USD
mc_commandcenter_cc-test_eastus,/subscriptions/6276588a-9234-41ee-a81c-7538ea3a817e/resourcegroups/mc_commandcenter_cc-test_eastus,KioSoft Globalazure  Subscription,6276588a-9234-41ee-a81c-7538ea3a817e,test-redis-pvc-alert,/subscriptions/6276588a-9234-41ee-a81c-7538ea3a817e/resourcegroups/mc_commandcenter_cc-test_eastus/providers/microsoft.insights/metricalerts/test-redis-pvc-alert,microsoft.insights/metricalerts,Unknown,[],0.081909795,0.081909795,USD
mc_commandcenter_cc-test_eastus,/subscriptions/6276588a-9234-41ee-a81c-7538ea3a817e/resourcegroups/mc_commandcenter_cc-test_eastus,KioSoft Globalazure  Subscription,6276588a-9234-41ee-a81c-7538ea3a817e,aks-e4asv4pool-25145647-vmss,/subscriptions/6276588a-9234-41ee-a81c-7538ea3a817e/resourcegroups/mc_commandcenter_cc-test_eastus/providers/microsoft.compute/virtualmachinescalesets/aks-e4asv4pool-25145647-vmss,Virtual machine scale set,"US East, Intercontinental","[""\""aks-managed-consolidated-additional-properties\"":\""9a5bcf84-c1b6-11ef-a201-eea95be70579\"""",""\""aks-managed-createoperationid\"":\"""",""\""aks-managed-creationsource\"":\""vmssclient-aks-e4asv4pool-25145647-vmss\"""",""\""aks-managed-kubeletidentityclientid\"":\""381c8a37-fe59-4b85-a962-02c208c0f841\"""",""\""aks-managed-orchestrator\"":\""kubernetes:1.29.10\"""",""\""aks-managed-poolname\"":\""e4asv4pool\"""",""\""aks-managed-resourcenamesuffix\"":\""18672872\"""",""\""aks-managed-ssh-access\"":\""localuser\"""",""\""aks-managed-operationid\"":\""7d0f9284-f517-4504-8d19-6d56030791b4\""""]",0.079091423,0.079091423,USD
mc_commandcenter_cc-test_eastus,/subscriptions/6276588a-9234-41ee-a81c-7538ea3a817e/resourcegroups/mc_commandcenter_cc-test_eastus,KioSoft Globalazure  Subscription,6276588a-9234-41ee-a81c-7538ea3a817e,kubernetes-a8619d4a0c52c424dba152cae9cdebbc,/subscriptions/6276588a-9234-41ee-a81c-7538ea3a817e/resourcegroups/mc_commandcenter_cc-test_eastus/providers/microsoft.network/publicipaddresses/kubernetes-a8619d4a0c52c424dba152cae9cdebbc,Public IP address,US East,"[""\""aks-managed-cluster-name\"":\""cc-test\"""",""\""aks-managed-cluster-rg\"":\""commandcenter\"""",""\""k8s-azure-cluster-name\"":\""kubernetes\"""",""\""k8s-azure-service\"":\""emqx/emqx\""""]",0.025694433,0.025694433,USD
mc_commandcenter_cc-test_eastus,/subscriptions/6276588a-9234-41ee-a81c-7538ea3a817e/resourcegroups/mc_commandcenter_cc-test_eastus,KioSoft Globalazure  Subscription,6276588a-9234-41ee-a81c-7538ea3a817e,kubernetes-a143c43a7d17d4d58a868713f093788e,/subscriptions/6276588a-9234-41ee-a81c-7538ea3a817e/resourcegroups/mc_commandcenter_cc-test_eastus/providers/microsoft.network/publicipaddresses/kubernetes-a143c43a7d17d4d58a868713f093788e,Public IP address,US East,"[""\""aks-managed-cluster-name\"":\""cc-test\"""",""\""aks-managed-cluster-rg\"":\""commandcenter\"""",""\""k8s-azure-cluster-name\"":\""kubernetes\"""",""\""k8s-azure-service\"":\""flink/flink-jobmanager\""""]",0.017683178,0.017683178,USD
mc_commandcenter_cc-test_eastus,/subscriptions/6276588a-9234-41ee-a81c-7538ea3a817e/resourcegroups/mc_commandcenter_cc-test_eastus,KioSoft Globalazure  Subscription,6276588a-9234-41ee-a81c-7538ea3a817e,kubernetes-a4084174cb3854c4cbb36af63ce751b0,/subscriptions/6276588a-9234-41ee-a81c-7538ea3a817e/resourcegroups/mc_commandcenter_cc-test_eastus/providers/microsoft.network/publicipaddresses/kubernetes-a4084174cb3854c4cbb36af63ce751b0,Public IP address,US East,"[""\""aks-managed-cluster-name\"":\""cc-test\"""",""\""aks-managed-cluster-rg\"":\""commandcenter\"""",""\""k8s-azure-cluster-name\"":\""kubernetes\"""",""\""k8s-azure-service\"":\""emqx/emqx\""""]",0.01192926,0.01192926,USD
mc_commandcenter_cc-test_eastus,/subscriptions/6276588a-9234-41ee-a81c-7538ea3a817e/resourcegroups/mc_commandcenter_cc-test_eastus,KioSoft Globalazure  Subscription,6276588a-9234-41ee-a81c-7538ea3a817e,kubernetes-af44045ee019644959d3c0e3de2d42ac,/subscriptions/6276588a-9234-41ee-a81c-7538ea3a817e/resourcegroups/mc_commandcenter_cc-test_eastus/providers/microsoft.network/publicipaddresses/kubernetes-af44045ee019644959d3c0e3de2d42ac,Public IP address,US East,"[""\""aks-managed-cluster-name\"":\""cc-test\"""",""\""aks-managed-cluster-rg\"":\""commandcenter\"""",""\""k8s-azure-cluster-name\"":\""kubernetes\"""",""\""k8s-azure-service\"":\""emqx/emqx\""""]",0.003500752,0.003500752,USD
rg20004-prod-internal,/subscriptions/6276588a-9234-41ee-a81c-7538ea3a817e/resourcegroups/rg20004-prod-internal,KioSoft Globalazure  Subscription,6276588a-9234-41ee-a81c-7538ea3a817e,vm20010-prod-internal-web02,/subscriptions/6276588a-9234-41ee-a81c-7538ea3a817e/resourcegroups/rg20004-prod-internal/providers/microsoft.compute/virtualmachines/vm20010-prod-internal-web02,Virtual machine,US East,"[""\""environment\"":\""prod\"""",""\""product\"":\""internal-server\""""]",39.97880977,39.97880977,USD
rg20004-prod-internal,/subscriptions/6276588a-9234-41ee-a81c-7538ea3a817e/resourcegroups/rg20004-prod-internal,KioSoft Globalazure  Subscription,6276588a-9234-41ee-a81c-7538ea3a817e,vm20009-prod-internal-web01,/subscriptions/6276588a-9234-41ee-a81c-7538ea3a817e/resourcegroups/rg20004-prod-internal/providers/microsoft.compute/virtualmachines/vm20009-prod-internal-web01,Virtual machine,"US East, Intercontinental","[""\""environment\"":\""prod\"""",""\""product\"":\""internal-server\""""]",38.81770416,38.81770416,USD
rg20004-prod-internal,/subscriptions/6276588a-9234-41ee-a81c-7538ea3a817e/resourcegroups/rg20004-prod-internal,KioSoft Globalazure  Subscription,6276588a-9234-41ee-a81c-7538ea3a817e,sa36prodinternal,/subscriptions/6276588a-9234-41ee-a81c-7538ea3a817e/resourcegroups/rg20004-prod-internal/providers/microsoft.storage/storageaccounts/sa36prodinternal,Storage account,US East,[],20.43013918,20.43013918,USD
rg20004-prod-internal,/subscriptions/6276588a-9234-41ee-a81c-7538ea3a817e/resourcegroups/rg20004-prod-internal,KioSoft Globalazure  Subscription,6276588a-9234-41ee-a81c-7538ea3a817e,disk20014-prod-internal-web02-os,/subscriptions/6276588a-9234-41ee-a81c-7538ea3a817e/resourcegroups/rg20004-prod-internal/providers/microsoft.compute/disks/disk20014-prod-internal-web02-os,Disk,US East,"[""\""environment\"":\""prod\"""",""\""product\"":\""internal-server\""""]",20.13962042,20.13962042,USD
rg20004-prod-internal,/subscriptions/6276588a-9234-41ee-a81c-7538ea3a817e/resourcegroups/rg20004-prod-internal,KioSoft Globalazure  Subscription,6276588a-9234-41ee-a81c-7538ea3a817e,disk20013-prod-internal-web01-os,/subscriptions/6276588a-9234-41ee-a81c-7538ea3a817e/resourcegroups/rg20004-prod-internal/providers/microsoft.compute/disks/disk20013-prod-internal-web01-os,Disk,US East,"[""\""environment\"":\""prod\"""",""\""product\"":\""internal-server\""""]",20.11219877,20.11219877,USD
rg20004-prod-internal,/subscriptions/6276588a-9234-41ee-a81c-7538ea3a817e/resourcegroups/rg20004-prod-internal,KioSoft Globalazure  Subscription,6276588a-9234-41ee-a81c-7538ea3a817e,pip20009-prod-internal-web01,/subscriptions/6276588a-9234-41ee-a81c-7538ea3a817e/resourcegroups/rg20004-prod-internal/providers/microsoft.network/publicipaddresses/pip20009-prod-internal-web01,Public IP address,US East,[],3.720198896,3.720198896,USD
rg20004-prod-internal,/subscriptions/6276588a-9234-41ee-a81c-7538ea3a817e/resourcegroups/rg20004-prod-internal,KioSoft Globalazure  Subscription,6276588a-9234-41ee-a81c-7538ea3a817e,pip20010-prod-internal-web02,/subscriptions/6276588a-9234-41ee-a81c-7538ea3a817e/resourcegroups/rg20004-prod-internal/providers/microsoft.network/publicipaddresses/pip20010-prod-internal-web02,Public IP address,US East,[],3.720198896,3.720198896,USD
rg20001-prod-devops,/subscriptions/6276588a-9234-41ee-a81c-7538ea3a817e/resourcegroups/rg20001-prod-devops,KioSoft Globalazure  Subscription,6276588a-9234-41ee-a81c-7538ea3a817e,disk20008-prod-jenkins01-data01,/subscriptions/6276588a-9234-41ee-a81c-7538ea3a817e/resourcegroups/rg20001-prod-devops/providers/microsoft.compute/disks/disk20008-prod-jenkins01-data01,Disk,US East,[],74.89750505,74.89750505,USD
rg20001-prod-devops,/subscriptions/6276588a-9234-41ee-a81c-7538ea3a817e/resourcegroups/rg20001-prod-devops,KioSoft Globalazure  Subscription,6276588a-9234-41ee-a81c-7538ea3a817e,vm20004-prod-jenkins01,/subscriptions/6276588a-9234-41ee-a81c-7538ea3a817e/resourcegroups/rg20001-prod-devops/providers/microsoft.compute/virtualmachines/vm20004-prod-jenkins01,Virtual machine,"US East, Intercontinental","[""\""environment\"":\""production\"""",""\""product\"":\""jenkins\""""]",25.03764995,25.03764995,USD
rg20001-prod-devops,/subscriptions/6276588a-9234-41ee-a81c-7538ea3a817e/resourcegroups/rg20001-prod-devops,KioSoft Globalazure  Subscription,6276588a-9234-41ee-a81c-7538ea3a817e,disk20007-prod-jenkins01-os,/subscriptions/6276588a-9234-41ee-a81c-7538ea3a817e/resourcegroups/rg20001-prod-devops/providers/microsoft.compute/disks/disk20007-prod-jenkins01-os,Disk,US East,"[""\""environment\"":\""production\"""",""\""product\"":\""jenkins\""""]",20.11219877,20.11219877,USD
rg20001-prod-devops,/subscriptions/6276588a-9234-41ee-a81c-7538ea3a817e/resourcegroups/rg20001-prod-devops,KioSoft Globalazure  Subscription,6276588a-9234-41ee-a81c-7538ea3a817e,pip20004-prod-jenkins01,/subscriptions/6276588a-9234-41ee-a81c-7538ea3a817e/resourcegroups/rg20001-prod-devops/providers/microsoft.network/publicipaddresses/pip20004-prod-jenkins01,Public IP address,US East,[],3.720198896,3.720198896,USD
kiopos_test,/subscriptions/6276588a-9234-41ee-a81c-7538ea3a817e/resourcegroups/kiopos_test,KioSoft Globalazure  Subscription,6276588a-9234-41ee-a81c-7538ea3a817e,kioposqa-webapp01_osdisk_1_31a1955d239941059922cbec1a0ece09,/subscriptions/6276588a-9234-41ee-a81c-7538ea3a817e/resourcegroups/kiopos_test/providers/microsoft.compute/disks/kioposqa-webapp01_osdisk_1_31a1955d239941059922cbec1a0ece09,Disk,US East,[],21.30983665,21.30983665,USD
kiopos_test,/subscriptions/6276588a-9234-41ee-a81c-7538ea3a817e/resourcegroups/kiopos_test,KioSoft Globalazure  Subscription,6276588a-9234-41ee-a81c-7538ea3a817e,kioposqa-softapp01_osdisk_1_520ba8f3d68f4dec830dc429dfea7c13,/subscriptions/6276588a-9234-41ee-a81c-7538ea3a817e/resourcegroups/kiopos_test/providers/microsoft.compute/disks/kioposqa-softapp01_osdisk_1_520ba8f3d68f4dec830dc429dfea7c13,Disk,US East,[],20.67081131,20.67081131,USD
kiopos_test,/subscriptions/6276588a-9234-41ee-a81c-7538ea3a817e/resourcegroups/kiopos_test,KioSoft Globalazure  Subscription,6276588a-9234-41ee-a81c-7538ea3a817e,kioposqa-db01_osdisk_1_4fdedc51a1fb4bb89c7623d04e3508e6,/subscriptions/6276588a-9234-41ee-a81c-7538ea3a817e/resourcegroups/kiopos_test/providers/microsoft.compute/disks/kioposqa-db01_osdisk_1_4fdedc51a1fb4bb89c7623d04e3508e6,Disk,US East,[],20.48054801,20.48054801,USD
kiopos_test,/subscriptions/6276588a-9234-41ee-a81c-7538ea3a817e/resourcegroups/kiopos_test,KioSoft Globalazure  Subscription,6276588a-9234-41ee-a81c-7538ea3a817e,kioposqa-webapp01,/subscriptions/6276588a-9234-41ee-a81c-7538ea3a817e/resourcegroups/kiopos_test/providers/microsoft.compute/virtualmachines/kioposqa-webapp01,Virtual machine,"US East, Intercontinental","[""\""environment\"":\""qa\"""",""\""product\"":\""test - kiopos web01\"""",""\""squad\"":\""phoenix\"""",""\""publisher\"":\""cognosys\""""]",14.88307687,14.88307687,USD
kiopos_test,/subscriptions/6276588a-9234-41ee-a81c-7538ea3a817e/resourcegroups/kiopos_test,KioSoft Globalazure  Subscription,6276588a-9234-41ee-a81c-7538ea3a817e,kioposqa-softapp01,/subscriptions/6276588a-9234-41ee-a81c-7538ea3a817e/resourcegroups/kiopos_test/providers/microsoft.compute/virtualmachines/kioposqa-softapp01,Virtual machine,US East,"[""\""environment\"":\""qa\"""",""\""product\"":\""test - kiopos soft01\"""",""\""squad\"":\""phoenix\"""",""\""publisher\"":\""cognosys\""""]",14.87885615,14.87885615,USD
kiopos_test,/subscriptions/6276588a-9234-41ee-a81c-7538ea3a817e/resourcegroups/kiopos_test,KioSoft Globalazure  Subscription,6276588a-9234-41ee-a81c-7538ea3a817e,kioposqa-db01,/subscriptions/6276588a-9234-41ee-a81c-7538ea3a817e/resourcegroups/kiopos_test/providers/microsoft.compute/virtualmachines/kioposqa-db01,Virtual machine,US East,"[""\""environment\"":\""qa\"""",""\""squad\"":\""phoenix\"""",""\""publisher\"":\""cognosys\"""",""\""product\"":\""test - kiopos db01\""""]",14.86624458,14.86624458,USD
kiopos_test,/subscriptions/6276588a-9234-41ee-a81c-7538ea3a817e/resourcegroups/kiopos_test,KioSoft Globalazure  Subscription,6276588a-9234-41ee-a81c-7538ea3a817e,kioposqa-db01-ip,/subscriptions/6276588a-9234-41ee-a81c-7538ea3a817e/resourcegroups/kiopos_test/providers/microsoft.network/publicipaddresses/kioposqa-db01-ip,Public IP address,US East,[],3.720198896,3.720198896,USD
kiopos_test,/subscriptions/6276588a-9234-41ee-a81c-7538ea3a817e/resourcegroups/kiopos_test,KioSoft Globalazure  Subscription,6276588a-9234-41ee-a81c-7538ea3a817e,kioposqa-softapp01-ip,/subscriptions/6276588a-9234-41ee-a81c-7538ea3a817e/resourcegroups/kiopos_test/providers/microsoft.network/publicipaddresses/kioposqa-softapp01-ip,Public IP address,US East,[],3.720198896,3.720198896,USD
kiopos_test,/subscriptions/6276588a-9234-41ee-a81c-7538ea3a817e/resourcegroups/kiopos_test,KioSoft Globalazure  Subscription,6276588a-9234-41ee-a81c-7538ea3a817e,kioposqa-webapp01-ip,/subscriptions/6276588a-9234-41ee-a81c-7538ea3a817e/resourcegroups/kiopos_test/providers/microsoft.network/publicipaddresses/kioposqa-webapp01-ip,Public IP address,US East,[],3.720198896,3.720198896,USD
mc_rg20007-prod-kiocentral-aks_aks20000-prod-kiocentral_eastus,/subscriptions/6276588a-9234-41ee-a81c-7538ea3a817e/resourcegroups/mc_rg20007-prod-kiocentral-aks_aks20000-prod-kiocentral_eastus,KioSoft Globalazure  Subscription,6276588a-9234-41ee-a81c-7538ea3a817e,kubernetes,/subscriptions/6276588a-9234-41ee-a81c-7538ea3a817e/resourcegroups/mc_rg20007-prod-kiocentral-aks_aks20000-prod-kiocentral_eastus/providers/microsoft.network/loadbalancers/kubernetes,Load balancer,US East,"[""\""aks-managed-cluster-name\"":\""aks20000-prod-kiocentral\"""",""\""aks-managed-cluster-rg\"":\""rg20007-prod-kiocentral-aks\""""]",26.01768749,26.01768749,USD
mc_rg20007-prod-kiocentral-aks_aks20000-prod-kiocentral_eastus,/subscriptions/6276588a-9234-41ee-a81c-7538ea3a817e/resourcegroups/mc_rg20007-prod-kiocentral-aks_aks20000-prod-kiocentral_eastus,KioSoft Globalazure  Subscription,6276588a-9234-41ee-a81c-7538ea3a817e,aks-agentpool-124070aks-agentpool-1240702os__1_e26676ec8d1643a7a79695c0fc57cd42,/subscriptions/6276588a-9234-41ee-a81c-7538ea3a817e/resourcegroups/mc_rg20007-prod-kiocentral-aks_aks20000-prod-kiocentral_eastus/providers/microsoft.compute/disks/aks-agentpool-124070aks-agentpool-1240702os__1_e26676ec8d1643a7a79695c0fc57cd42,Disk,US East,"[""\""aks-managed-bootstrap-profile-acr-name\"":\"""",""\""aks-managed-consolidated-additional-properties\"":\""fe7c9ba2-879d-11f0-8895-f69b8d46e55c\"""",""\""aks-managed-createoperationid\"":\""babe9ed8-8fe4-4f8b-b793-1cefb1e5d3b7\"""",""\""aks-managed-creationsource\"":\""vmssclient-aks-agentpool-12407023-vmss\"""",""\""aks-managed-enable-imds-restriction\"":\""false\"""",""\""aks-managed-kubeletidentityclientid\"":\""3e2c3798-1c31-4385-b483-d0e8956ea585\"""",""\""aks-managed-orchestrator\"":\""kubernetes:1.33.2\"""",""\""aks-managed-poolname\"":\""agentpool\"""",""\""aks-managed-resourcenamesuffix\"":\""24917981\"""",""\""aks-managed-ssh-access\"":\""localuser\"""",""\""aks-managed-networkisolated-outbound-type\"":\"""",""\""aks-managed-coordination\"":\""true\""""]",12.40175875,12.40175875,USD
mc_rg20007-prod-kiocentral-aks_aks20000-prod-kiocentral_eastus,/subscriptions/6276588a-9234-41ee-a81c-7538ea3a817e/resourcegroups/mc_rg20007-prod-kiocentral-aks_aks20000-prod-kiocentral_eastus,KioSoft Globalazure  Subscription,6276588a-9234-41ee-a81c-7538ea3a817e,aks-agentpool-124070aks-agentpool-1240702os__1_fa5179932c094aa09d6a6fecba69ccab,/subscriptions/6276588a-9234-41ee-a81c-7538ea3a817e/resourcegroups/mc_rg20007-prod-kiocentral-aks_aks20000-prod-kiocentral_eastus/providers/microsoft.compute/disks/aks-agentpool-124070aks-agentpool-1240702os__1_fa5179932c094aa09d6a6fecba69ccab,Disk,US East,"[""\""aks-managed-bootstrap-profile-acr-name\"":\"""",""\""aks-managed-consolidated-additional-properties\"":\""fe7c9ba2-879d-11f0-8895-f69b8d46e55c\"""",""\""aks-managed-createoperationid\"":\""babe9ed8-8fe4-4f8b-b793-1cefb1e5d3b7\"""",""\""aks-managed-creationsource\"":\""vmssclient-aks-agentpool-12407023-vmss\"""",""\""aks-managed-enable-imds-restriction\"":\""false\"""",""\""aks-managed-kubeletidentityclientid\"":\""3e2c3798-1c31-4385-b483-d0e8956ea585\"""",""\""aks-managed-orchestrator\"":\""kubernetes:1.33.2\"""",""\""aks-managed-poolname\"":\""agentpool\"""",""\""aks-managed-resourcenamesuffix\"":\""24917981\"""",""\""aks-managed-ssh-access\"":\""localuser\"""",""\""aks-managed-networkisolated-outbound-type\"":\"""",""\""aks-managed-coordination\"":\""true\""""]",12.40175875,12.40175875,USD
mc_rg20007-prod-kiocentral-aks_aks20000-prod-kiocentral_eastus,/subscriptions/6276588a-9234-41ee-a81c-7538ea3a817e/resourcegroups/mc_rg20007-prod-kiocentral-aks_aks20000-prod-kiocentral_eastus,KioSoft Globalazure  Subscription,6276588a-9234-41ee-a81c-7538ea3a817e,aks-e4asv4pool-12407aks-e4asv4pool-124070os__1_326bdbc4bf6c4ddcb79b4603b3664721,/subscriptions/6276588a-9234-41ee-a81c-7538ea3a817e/resourcegroups/mc_rg20007-prod-kiocentral-aks_aks20000-prod-kiocentral_eastus/providers/microsoft.compute/disks/aks-e4asv4pool-12407aks-e4asv4pool-124070os__1_326bdbc4bf6c4ddcb79b4603b3664721,Disk,US East,"[""\""aks-managed-bootstrap-profile-acr-name\"":\"""",""\""aks-managed-consolidated-additional-properties\"":\""fe7c9e2f-879d-11f0-8895-f69b8d46e55c\"""",""\""aks-managed-createoperationid\"":\""babe9ed8-8fe4-4f8b-b793-1cefb1e5d3b7\"""",""\""aks-managed-creationsource\"":\""vmssclient-aks-e4asv4pool-12407023-vmss\"""",""\""aks-managed-enable-imds-restriction\"":\""false\"""",""\""aks-managed-kubeletidentityclientid\"":\""3e2c3798-1c31-4385-b483-d0e8956ea585\"""",""\""aks-managed-orchestrator\"":\""kubernetes:1.33.2\"""",""\""aks-managed-poolname\"":\""e4asv4pool\"""",""\""aks-managed-resourcenamesuffix\"":\""24917981\"""",""\""aks-managed-ssh-access\"":\""localuser\"""",""\""aks-managed-coordination\"":\""true\"""",""\""aks-managed-networkisolated-outbound-type\"":\""\""""]",10.67432796,10.67432796,USD
mc_rg20007-prod-kiocentral-aks_aks20000-prod-kiocentral_eastus,/subscriptions/6276588a-9234-41ee-a81c-7538ea3a817e/resourcegroups/mc_rg20007-prod-kiocentral-aks_aks20000-prod-kiocentral_eastus,KioSoft Globalazure  Subscription,6276588a-9234-41ee-a81c-7538ea3a817e,aks-agentpool-12407023-vmss / 0,/subscriptions/6276588a-9234-41ee-a81c-7538ea3a817e/resourcegroups/mc_rg20007-prod-kiocentral-aks_aks20000-prod-kiocentral_eastus/providers/microsoft.compute/virtualmachinescalesets/aks-agentpool-12407023-vmss/virtualmachines/0,Virtual machine scale set instance,US East,"[""\""aks-managed-bootstrap-profile-acr-name\"":\"""",""\""aks-managed-consolidated-additional-properties\"":\""fe7c9ba2-879d-11f0-8895-f69b8d46e55c\"""",""\""aks-managed-createoperationid\"":\""babe9ed8-8fe4-4f8b-b793-1cefb1e5d3b7\"""",""\""aks-managed-creationsource\"":\""vmssclient-aks-agentpool-12407023-vmss\"""",""\""aks-managed-enable-imds-restriction\"":\""false\"""",""\""aks-managed-kubeletidentityclientid\"":\""3e2c3798-1c31-4385-b483-d0e8956ea585\"""",""\""aks-managed-orchestrator\"":\""kubernetes:1.33.2\"""",""\""aks-managed-poolname\"":\""agentpool\"""",""\""aks-managed-resourcenamesuffix\"":\""24917981\"""",""\""aks-managed-ssh-access\"":\""localuser\"""",""\""aks-managed-networkisolated-outbound-type\"":\"""",""\""aks-managed-coordination\"":\""true\""""]",9.052265991,9.052265991,USD
mc_rg20007-prod-kiocentral-aks_aks20000-prod-kiocentral_eastus,/subscriptions/6276588a-9234-41ee-a81c-7538ea3a817e/resourcegroups/mc_rg20007-prod-kiocentral-aks_aks20000-prod-kiocentral_eastus,KioSoft Globalazure  Subscription,6276588a-9234-41ee-a81c-7538ea3a817e,aks-agentpool-12407023-vmss / 1,/subscriptions/6276588a-9234-41ee-a81c-7538ea3a817e/resourcegroups/mc_rg20007-prod-kiocentral-aks_aks20000-prod-kiocentral_eastus/providers/microsoft.compute/virtualmachinescalesets/aks-agentpool-12407023-vmss/virtualmachines/1,Virtual machine scale set instance,US East,"[""\""aks-managed-bootstrap-profile-acr-name\"":\"""",""\""aks-managed-consolidated-additional-properties\"":\""fe7c9ba2-879d-11f0-8895-f69b8d46e55c\"""",""\""aks-managed-createoperationid\"":\""babe9ed8-8fe4-4f8b-b793-1cefb1e5d3b7\"""",""\""aks-managed-creationsource\"":\""vmssclient-aks-agentpool-12407023-vmss\"""",""\""aks-managed-enable-imds-restriction\"":\""false\"""",""\""aks-managed-kubeletidentityclientid\"":\""3e2c3798-1c31-4385-b483-d0e8956ea585\"""",""\""aks-managed-orchestrator\"":\""kubernetes:1.33.2\"""",""\""aks-managed-poolname\"":\""agentpool\"""",""\""aks-managed-resourcenamesuffix\"":\""24917981\"""",""\""aks-managed-ssh-access\"":\""localuser\"""",""\""aks-managed-networkisolated-outbound-type\"":\"""",""\""aks-managed-coordination\"":\""true\""""]",9.052265991,9.052265991,USD
mc_rg20007-prod-kiocentral-aks_aks20000-prod-kiocentral_eastus,/subscriptions/6276588a-9234-41ee-a81c-7538ea3a817e/resourcegroups/mc_rg20007-prod-kiocentral-aks_aks20000-prod-kiocentral_eastus,KioSoft Globalazure  Subscription,6276588a-9234-41ee-a81c-7538ea3a817e,aks-e4asv4pool-12407023-vmss / 0,/subscriptions/6276588a-9234-41ee-a81c-7538ea3a817e/resourcegroups/mc_rg20007-prod-kiocentral-aks_aks20000-prod-kiocentral_eastus/providers/microsoft.compute/virtualmachinescalesets/aks-e4asv4pool-12407023-vmss/virtualmachines/0,Virtual machine scale set instance,US East,"[""\""aks-managed-bootstrap-profile-acr-name\"":\"""",""\""aks-managed-consolidated-additional-properties\"":\""fe7c9e2f-879d-11f0-8895-f69b8d46e55c\"""",""\""aks-managed-createoperationid\"":\""babe9ed8-8fe4-4f8b-b793-1cefb1e5d3b7\"""",""\""aks-managed-creationsource\"":\""vmssclient-aks-e4asv4pool-12407023-vmss\"""",""\""aks-managed-enable-imds-restriction\"":\""false\"""",""\""aks-managed-kubeletidentityclientid\"":\""3e2c3798-1c31-4385-b483-d0e8956ea585\"""",""\""aks-managed-orchestrator\"":\""kubernetes:1.33.2\"""",""\""aks-managed-poolname\"":\""e4asv4pool\"""",""\""aks-managed-resourcenamesuffix\"":\""24917981\"""",""\""aks-managed-ssh-access\"":\""localuser\"""",""\""aks-managed-coordination\"":\""true\"""",""\""aks-managed-networkisolated-outbound-type\"":\""\""""]",7.770623225,7.770623225,USD
mc_rg20007-prod-kiocentral-aks_aks20000-prod-kiocentral_eastus,/subscriptions/6276588a-9234-41ee-a81c-7538ea3a817e/resourcegroups/mc_rg20007-prod-kiocentral-aks_aks20000-prod-kiocentral_eastus,KioSoft Globalazure  Subscription,6276588a-9234-41ee-a81c-7538ea3a817e,aks-e2asv4pool-31020aks-e2asv4pool-310200os__1_110cd2f919104b56830b7a3fa60ebbeb,/subscriptions/6276588a-9234-41ee-a81c-7538ea3a817e/resourcegroups/mc_rg20007-prod-kiocentral-aks_aks20000-prod-kiocentral_eastus/providers/microsoft.compute/disks/aks-e2asv4pool-31020aks-e2asv4pool-310200os__1_110cd2f919104b56830b7a3fa60ebbeb,Disk,US East,"[""\""aks-managed-bootstrap-profile-acr-name\"":\"""",""\""aks-managed-consolidated-additional-properties\"":\""0f88922c-8ee0-11f0-a407-6a72cca1037c\"""",""\""aks-managed-createoperationid\"":\""0adf93d4-4943-4eb8-8e82-b9062059df03\"""",""\""aks-managed-creationsource\"":\""vmssclient-aks-e2asv4pool-31020068-vmss\"""",""\""aks-managed-enable-imds-restriction\"":\""false\"""",""\""aks-managed-kubeletidentityclientid\"":\""3e2c3798-1c31-4385-b483-d0e8956ea585\"""",""\""aks-managed-orchestrator\"":\""kubernetes:1.33.2\"""",""\""aks-managed-poolname\"":\""e2asv4pool\"""",""\""aks-managed-resourcenamesuffix\"":\""24917981\"""",""\""aks-managed-ssh-access\"":\""localuser\"""",""\""aks-managed-networkisolated-outbound-type\"":\"""",""\""aks-managed-coordination\"":\""true\""""]",6.323963334,6.323963334,USD
mc_rg20007-prod-kiocentral-aks_aks20000-prod-kiocentral_eastus,/subscriptions/6276588a-9234-41ee-a81c-7538ea3a817e/resourcegroups/mc_rg20007-prod-kiocentral-aks_aks20000-prod-kiocentral_eastus,KioSoft Globalazure  Subscription,6276588a-9234-41ee-a81c-7538ea3a817e,ff5c9fa757a8e4a31ab7f6e,/subscriptions/6276588a-9234-41ee-a81c-7538ea3a817e/resourcegroups/mc_rg20007-prod-kiocentral-aks_aks20000-prod-kiocentral_eastus/providers/microsoft.storage/storageaccounts/ff5c9fa757a8e4a31ab7f6e,Storage account,US East,"[""\""k8s-azure-created-by\"":\""azure\""""]",6.155917347,6.155917347,USD
mc_rg20007-prod-kiocentral-aks_aks20000-prod-kiocentral_eastus,/subscriptions/6276588a-9234-41ee-a81c-7538ea3a817e/resourcegroups/mc_rg20007-prod-kiocentral-aks_aks20000-prod-kiocentral_eastus,KioSoft Globalazure  Subscription,6276588a-9234-41ee-a81c-7538ea3a817e,aks-e2asv4pool-31020068-vmss / 0,/subscriptions/6276588a-9234-41ee-a81c-7538ea3a817e/resourcegroups/mc_rg20007-prod-kiocentral-aks_aks20000-prod-kiocentral_eastus/providers/microsoft.compute/virtualmachinescalesets/aks-e2asv4pool-31020068-vmss/virtualmachines/0,Virtual machine scale set instance,US East,"[""\""aks-managed-bootstrap-profile-acr-name\"":\"""",""\""aks-managed-consolidated-additional-properties\"":\""0f88922c-8ee0-11f0-a407-6a72cca1037c\"""",""\""aks-managed-createoperationid\"":\""0adf93d4-4943-4eb8-8e82-b9062059df03\"""",""\""aks-managed-creationsource\"":\""vmssclient-aks-e2asv4pool-31020068-vmss\"""",""\""aks-managed-enable-imds-restriction\"":\""false\"""",""\""aks-managed-kubeletidentityclientid\"":\""3e2c3798-1c31-4385-b483-d0e8956ea585\"""",""\""aks-managed-orchestrator\"":\""kubernetes:1.33.2\"""",""\""aks-managed-poolname\"":\""e2asv4pool\"""",""\""aks-managed-resourcenamesuffix\"":\""24917981\"""",""\""aks-managed-ssh-access\"":\""localuser\"""",""\""aks-managed-networkisolated-outbound-type\"":\"""",""\""aks-managed-coordination\"":\""true\""""]",4.626215134,4.626215134,USD
mc_rg20007-prod-kiocentral-aks_aks20000-prod-kiocentral_eastus,/subscriptions/6276588a-9234-41ee-a81c-7538ea3a817e/resourcegroups/mc_rg20007-prod-kiocentral-aks_aks20000-prod-kiocentral_eastus,KioSoft Globalazure  Subscription,6276588a-9234-41ee-a81c-7538ea3a817e,aks-e2asv4pool-31020aks-e2asv4pool-310200os__1_8157d663eb40472f8f0da43be164d201,/subscriptions/6276588a-9234-41ee-a81c-7538ea3a817e/resourcegroups/mc_rg20007-prod-kiocentral-aks_aks20000-prod-kiocentral_eastus/providers/microsoft.compute/disks/aks-e2asv4pool-31020aks-e2asv4pool-310200os__1_8157d663eb40472f8f0da43be164d201,Disk,US East,"[""\""aks-managed-bootstrap-profile-acr-name\"":\"""",""\""aks-managed-consolidated-additional-properties\"":\""0f88922c-8ee0-11f0-a407-6a72cca1037c\"""",""\""aks-managed-createoperationid\"":\""0adf93d4-4943-4eb8-8e82-b9062059df03\"""",""\""aks-managed-creationsource\"":\""vmssclient-aks-e2asv4pool-31020068-vmss\"""",""\""aks-managed-enable-imds-restriction\"":\""false\"""",""\""aks-managed-kubeletidentityclientid\"":\""3e2c3798-1c31-4385-b483-d0e8956ea585\"""",""\""aks-managed-orchestrator\"":\""kubernetes:1.33.2\"""",""\""aks-managed-poolname\"":\""e2asv4pool\"""",""\""aks-managed-resourcenamesuffix\"":\""24917981\"""",""\""aks-managed-ssh-access\"":\""localuser\"""",""\""aks-managed-networkisolated-outbound-type\"":\""\""""]",2.390387279,2.390387279,USD
mc_rg20007-prod-kiocentral-aks_aks20000-prod-kiocentral_eastus,/subscriptions/6276588a-9234-41ee-a81c-7538ea3a817e/resourcegroups/mc_rg20007-prod-kiocentral-aks_aks20000-prod-kiocentral_eastus,KioSoft Globalazure  Subscription,6276588a-9234-41ee-a81c-7538ea3a817e,02559940-92d3-4914-b3ac-cc3365d2bb2b,/subscriptions/6276588a-9234-41ee-a81c-7538ea3a817e/resourcegroups/mc_rg20007-prod-kiocentral-aks_aks20000-prod-kiocentral_eastus/providers/microsoft.network/publicipaddresses/02559940-92d3-4914-b3ac-cc3365d2bb2b,Public IP address,US East,"[""\""aks-managed-cluster-name\"":\""aks20000-prod-kiocentral\"""",""\""aks-managed-cluster-rg\"":\""rg20007-prod-kiocentral-aks\"""",""\""aks-managed-type\"":\""aks-slb-managed-outbound-ip\""""]",2.264595481,2.264595481,USD
mc_rg20007-prod-kiocentral-aks_aks20000-prod-kiocentral_eastus,/subscriptions/6276588a-9234-41ee-a81c-7538ea3a817e/resourcegroups/mc_rg20007-prod-kiocentral-aks_aks20000-prod-kiocentral_eastus,KioSoft Globalazure  Subscription,6276588a-9234-41ee-a81c-7538ea3a817e,kubernetes-a3d3323bd21bb4fe1bf240028f83e7eb,/subscriptions/6276588a-9234-41ee-a81c-7538ea3a817e/resourcegroups/mc_rg20007-prod-kiocentral-aks_aks20000-prod-kiocentral_eastus/providers/microsoft.network/publicipaddresses/kubernetes-a3d3323bd21bb4fe1bf240028f83e7eb,Public IP address,US East,"[""\""aks-managed-cluster-name\"":\""aks20000-prod-kiocentral\"""",""\""aks-managed-cluster-rg\"":\""rg20007-prod-kiocentral-aks\"""",""\""k8s-azure-cluster-name\"":\""kubernetes\"""",""\""k8s-azure-service\"":\""istio-system/istio-ingressgateway\""""]",2.263548177,2.263548177,USD
mc_rg20007-prod-kiocentral-aks_aks20000-prod-kiocentral_eastus,/subscriptions/6276588a-9234-41ee-a81c-7538ea3a817e/resourcegroups/mc_rg20007-prod-kiocentral-aks_aks20000-prod-kiocentral_eastus,KioSoft Globalazure  Subscription,6276588a-9234-41ee-a81c-7538ea3a817e,kubernetes-ae3659d744daf4a81b25ef73b1899182,/subscriptions/6276588a-9234-41ee-a81c-7538ea3a817e/resourcegroups/mc_rg20007-prod-kiocentral-aks_aks20000-prod-kiocentral_eastus/providers/microsoft.network/publicipaddresses/kubernetes-ae3659d744daf4a81b25ef73b1899182,Public IP address,US East,"[""\""aks-managed-cluster-name\"":\""aks20000-prod-kiocentral\"""",""\""aks-managed-cluster-rg\"":\""rg20007-prod-kiocentral-aks\"""",""\""k8s-azure-cluster-name\"":\""kubernetes\"""",""\""k8s-azure-service\"":\""prod-tools/nginx-proxy\""""]",2.246002692,2.246002692,USD
mc_rg20007-prod-kiocentral-aks_aks20000-prod-kiocentral_eastus,/subscriptions/6276588a-9234-41ee-a81c-7538ea3a817e/resourcegroups/mc_rg20007-prod-kiocentral-aks_aks20000-prod-kiocentral_eastus,KioSoft Globalazure  Subscription,6276588a-9234-41ee-a81c-7538ea3a817e,aks-e2asv4pool-31020068-vmss / 1,/subscriptions/6276588a-9234-41ee-a81c-7538ea3a817e/resourcegroups/mc_rg20007-prod-kiocentral-aks_aks20000-prod-kiocentral_eastus/providers/microsoft.compute/virtualmachinescalesets/aks-e2asv4pool-31020068-vmss/virtualmachines/1,Virtual machine scale set instance,US East,"[""\""aks-managed-bootstrap-profile-acr-name\"":\"""",""\""aks-managed-consolidated-additional-properties\"":\""0f88922c-8ee0-11f0-a407-6a72cca1037c\"""",""\""aks-managed-createoperationid\"":\""0adf93d4-4943-4eb8-8e82-b9062059df03\"""",""\""aks-managed-creationsource\"":\""vmssclient-aks-e2asv4pool-31020068-vmss\"""",""\""aks-managed-enable-imds-restriction\"":\""false\"""",""\""aks-managed-kubeletidentityclientid\"":\""3e2c3798-1c31-4385-b483-d0e8956ea585\"""",""\""aks-managed-orchestrator\"":\""kubernetes:1.33.2\"""",""\""aks-managed-poolname\"":\""e2asv4pool\"""",""\""aks-managed-resourcenamesuffix\"":\""24917981\"""",""\""aks-managed-ssh-access\"":\""localuser\"""",""\""aks-managed-networkisolated-outbound-type\"":\""\""""]",1.742272494,1.742272494,USD
mc_rg20007-prod-kiocentral-aks_aks20000-prod-kiocentral_eastus,/subscriptions/6276588a-9234-41ee-a81c-7538ea3a817e/resourcegroups/mc_rg20007-prod-kiocentral-aks_aks20000-prod-kiocentral_eastus,KioSoft Globalazure  Subscription,6276588a-9234-41ee-a81c-7538ea3a817e,pvc-ad01910c-3bac-4eaa-ac2a-f93d7a33d801,/subscriptions/6276588a-9234-41ee-a81c-7538ea3a817e/resourcegroups/mc_rg20007-prod-kiocentral-aks_aks20000-prod-kiocentral_eastus/providers/microsoft.compute/disks/pvc-ad01910c-3bac-4eaa-ac2a-f93d7a33d801,Disk,US East,"[""\""kubernetes.io-created-for-pv-name\"":\""pvc-ad01910c-3bac-4eaa-ac2a-f93d7a33d801\"""",""\""kubernetes.io-created-for-pvc-name\"":\""storage-loki-0\"""",""\""kubernetes.io-created-for-pvc-namespace\"":\""istio-system\"""",""\""k8s-azure-created-by\"":\""kubernetes-azure-dd\""""]",1.187550342,1.187550342,USD
mc_rg20007-prod-kiocentral-aks_aks20000-prod-kiocentral_eastus,/subscriptions/6276588a-9234-41ee-a81c-7538ea3a817e/resourcegroups/mc_rg20007-prod-kiocentral-aks_aks20000-prod-kiocentral_eastus,KioSoft Globalazure  Subscription,6276588a-9234-41ee-a81c-7538ea3a817e,aks-agentpool-12407023-vmss,/subscriptions/6276588a-9234-41ee-a81c-7538ea3a817e/resourcegroups/mc_rg20007-prod-kiocentral-aks_aks20000-prod-kiocentral_eastus/providers/microsoft.compute/virtualmachinescalesets/aks-agentpool-12407023-vmss,Virtual machine scale set,US East,"[""\""aks-managed-bootstrap-profile-acr-name\"":\"""",""\""aks-managed-consolidated-additional-properties\"":\""fe7c9ba2-879d-11f0-8895-f69b8d46e55c\"""",""\""aks-managed-createoperationid\"":\""babe9ed8-8fe4-4f8b-b793-1cefb1e5d3b7\"""",""\""aks-managed-creationsource\"":\""vmssclient-aks-agentpool-12407023-vmss\"""",""\""aks-managed-enable-imds-restriction\"":\""false\"""",""\""aks-managed-kubeletidentityclientid\"":\""3e2c3798-1c31-4385-b483-d0e8956ea585\"""",""\""aks-managed-orchestrator\"":\""kubernetes:1.33.2\"""",""\""aks-managed-poolname\"":\""agentpool\"""",""\""aks-managed-resourcenamesuffix\"":\""24917981\"""",""\""aks-managed-ssh-access\"":\""localuser\"""",""\""aks-managed-networkisolated-outbound-type\"":\"""",""\""aks-managed-coordination\"":\""true\""""]",0.487203938,0.487203938,USD
mc_rg20007-prod-kiocentral-aks_aks20000-prod-kiocentral_eastus,/subscriptions/6276588a-9234-41ee-a81c-7538ea3a817e/resourcegroups/mc_rg20007-prod-kiocentral-aks_aks20000-prod-kiocentral_eastus,KioSoft Globalazure  Subscription,6276588a-9234-41ee-a81c-7538ea3a817e,aks-e2asv4pool-31020068-vmss,/subscriptions/6276588a-9234-41ee-a81c-7538ea3a817e/resourcegroups/mc_rg20007-prod-kiocentral-aks_aks20000-prod-kiocentral_eastus/providers/microsoft.compute/virtualmachinescalesets/aks-e2asv4pool-31020068-vmss,Virtual machine scale set,"US East, Intercontinental","[""\""aks-managed-bootstrap-profile-acr-name\"":\"""",""\""aks-managed-consolidated-additional-properties\"":\""0f88922c-8ee0-11f0-a407-6a72cca1037c\"""",""\""aks-managed-createoperationid\"":\""0adf93d4-4943-4eb8-8e82-b9062059df03\"""",""\""aks-managed-creationsource\"":\""vmssclient-aks-e2asv4pool-31020068-vmss\"""",""\""aks-managed-enable-imds-restriction\"":\""false\"""",""\""aks-managed-kubeletidentityclientid\"":\""3e2c3798-1c31-4385-b483-d0e8956ea585\"""",""\""aks-managed-orchestrator\"":\""kubernetes:1.33.2\"""",""\""aks-managed-poolname\"":\""e2asv4pool\"""",""\""aks-managed-resourcenamesuffix\"":\""24917981\"""",""\""aks-managed-ssh-access\"":\""localuser\"""",""\""aks-managed-networkisolated-outbound-type\"":\"""",""\""aks-managed-coordination\"":\""true\"""",""\""aks-managed-networkisolated-outbound-type\"":\""\""""]",0.144315412,0.144315412,USD
mc_rg20007-prod-kiocentral-aks_aks20000-prod-kiocentral_eastus,/subscriptions/6276588a-9234-41ee-a81c-7538ea3a817e/resourcegroups/mc_rg20007-prod-kiocentral-aks_aks20000-prod-kiocentral_eastus,KioSoft Globalazure  Subscription,6276588a-9234-41ee-a81c-7538ea3a817e,aks-e4asv4pool-12407023-vmss,/subscriptions/6276588a-9234-41ee-a81c-7538ea3a817e/resourcegroups/mc_rg20007-prod-kiocentral-aks_aks20000-prod-kiocentral_eastus/providers/microsoft.compute/virtualmachinescalesets/aks-e4asv4pool-12407023-vmss,Virtual machine scale set,"US East, Intercontinental","[""\""aks-managed-bootstrap-profile-acr-name\"":\"""",""\""aks-managed-consolidated-additional-properties\"":\""fe7c9e2f-879d-11f0-8895-f69b8d46e55c\"""",""\""aks-managed-createoperationid\"":\""babe9ed8-8fe4-4f8b-b793-1cefb1e5d3b7\"""",""\""aks-managed-creationsource\"":\""vmssclient-aks-e4asv4pool-12407023-vmss\"""",""\""aks-managed-enable-imds-restriction\"":\""false\"""",""\""aks-managed-kubeletidentityclientid\"":\""3e2c3798-1c31-4385-b483-d0e8956ea585\"""",""\""aks-managed-orchestrator\"":\""kubernetes:1.33.2\"""",""\""aks-managed-poolname\"":\""e4asv4pool\"""",""\""aks-managed-resourcenamesuffix\"":\""24917981\"""",""\""aks-managed-ssh-access\"":\""localuser\"""",""\""aks-managed-coordination\"":\""true\"""",""\""aks-managed-networkisolated-outbound-type\"":\""\"""",""\""aks-managed-networkisolated-outbound-type\"":\""""]",0.030480608,0.030480608,USD
mc_rg20007-prod-kiocentral-aks_aks20000-prod-kiocentral_eastus,/subscriptions/6276588a-9234-41ee-a81c-7538ea3a817e/resourcegroups/mc_rg20007-prod-kiocentral-aks_aks20000-prod-kiocentral_eastus,KioSoft Globalazure  Subscription,6276588a-9234-41ee-a81c-7538ea3a817e,kubernetes-a84abd7e26cb044cfbc207655bb2a449,/subscriptions/6276588a-9234-41ee-a81c-7538ea3a817e/resourcegroups/mc_rg20007-prod-kiocentral-aks_aks20000-prod-kiocentral_eastus/providers/microsoft.network/publicipaddresses/kubernetes-a84abd7e26cb044cfbc207655bb2a449,Public IP address,US East,"[""\""aks-managed-cluster-name\"":\""aks20000-prod-kiocentral\"""",""\""aks-managed-cluster-rg\"":\""rg20007-prod-kiocentral-aks\"""",""\""k8s-azure-cluster-name\"":\""kubernetes\"""",""\""k8s-azure-service\"":\""test-tools/nginx-proxy\""""]",0.022260442,0.022260442,USD
mc_rg20007-prod-kiocentral-aks_aks20000-prod-kiocentral_eastus,/subscriptions/6276588a-9234-41ee-a81c-7538ea3a817e/resourcegroups/mc_rg20007-prod-kiocentral-aks_aks20000-prod-kiocentral_eastus,KioSoft Globalazure  Subscription,6276588a-9234-41ee-a81c-7538ea3a817e,aks-agentpool-88478187-vmss / 0,/subscriptions/6276588a-9234-41ee-a81c-7538ea3a817e/resourcegroups/mc_rg20007-prod-kiocentral-aks_aks20000-prod-kiocentral_eastus/providers/microsoft.compute/virtualmachinescalesets/aks-agentpool-88478187-vmss/virtualmachines/0,Virtual machine scale set instance,US East,"[""\""aks-managed-bootstrap-profile-acr-name\"":\"""",""\""aks-managed-consolidated-additional-properties\"":\""e27fba2f-8797-11f0-ba41-961658eb5a19\"""",""\""aks-managed-createoperationid\"":\""5ac285e7-0707-4971-8505-6ead14843dd6\"""",""\""aks-managed-creationsource\"":\""vmssclient-aks-agentpool-88478187-vmss\"""",""\""aks-managed-enable-imds-restriction\"":\""false\"""",""\""aks-managed-kubeletidentityclientid\"":\""d98ad00c-641c-49e6-a5b8-df5704960efa\"""",""\""aks-managed-orchestrator\"":\""kubernetes:1.33.2\"""",""\""aks-managed-poolname\"":\""agentpool\"""",""\""aks-managed-resourcenamesuffix\"":\""24917981\"""",""\""aks-managed-ssh-access\"":\""localuser\"""",""\""aks-managed-networkisolated-outbound-type\"":\"""",""\""aks-managed-coordination\"":\""true\""""]",0.020027379,0.020027379,USD
mc_rg20007-prod-kiocentral-aks_aks20000-prod-kiocentral_eastus,/subscriptions/6276588a-9234-41ee-a81c-7538ea3a817e/resourcegroups/mc_rg20007-prod-kiocentral-aks_aks20000-prod-kiocentral_eastus,KioSoft Globalazure  Subscription,6276588a-9234-41ee-a81c-7538ea3a817e,aks-agentpool-88478187-vmss / 1,/subscriptions/6276588a-9234-41ee-a81c-7538ea3a817e/resourcegroups/mc_rg20007-prod-kiocentral-aks_aks20000-prod-kiocentral_eastus/providers/microsoft.compute/virtualmachinescalesets/aks-agentpool-88478187-vmss/virtualmachines/1,Virtual machine scale set instance,US East,"[""\""aks-managed-bootstrap-profile-acr-name\"":\"""",""\""aks-managed-consolidated-additional-properties\"":\""e27fba2f-8797-11f0-ba41-961658eb5a19\"""",""\""aks-managed-createoperationid\"":\""5ac285e7-0707-4971-8505-6ead14843dd6\"""",""\""aks-managed-creationsource\"":\""vmssclient-aks-agentpool-88478187-vmss\"""",""\""aks-managed-enable-imds-restriction\"":\""false\"""",""\""aks-managed-kubeletidentityclientid\"":\""d98ad00c-641c-49e6-a5b8-df5704960efa\"""",""\""aks-managed-orchestrator\"":\""kubernetes:1.33.2\"""",""\""aks-managed-poolname\"":\""agentpool\"""",""\""aks-managed-resourcenamesuffix\"":\""24917981\"""",""\""aks-managed-ssh-access\"":\""localuser\"""",""\""aks-managed-networkisolated-outbound-type\"":\"""",""\""aks-managed-coordination\"":\""true\""""]",0.020027379,0.020027379,USD
mc_rg20007-prod-kiocentral-aks_aks20000-prod-kiocentral_eastus,/subscriptions/6276588a-9234-41ee-a81c-7538ea3a817e/resourcegroups/mc_rg20007-prod-kiocentral-aks_aks20000-prod-kiocentral_eastus,KioSoft Globalazure  Subscription,6276588a-9234-41ee-a81c-7538ea3a817e,aks-e4asv4pool-88478187-vmss / 0,/subscriptions/6276588a-9234-41ee-a81c-7538ea3a817e/resourcegroups/mc_rg20007-prod-kiocentral-aks_aks20000-prod-kiocentral_eastus/providers/microsoft.compute/virtualmachinescalesets/aks-e4asv4pool-88478187-vmss/virtualmachines/0,Virtual machine scale set instance,US East,"[""\""aks-managed-bootstrap-profile-acr-name\"":\"""",""\""aks-managed-consolidated-additional-properties\"":\""e27fc038-8797-11f0-ba41-961658eb5a19\"""",""\""aks-managed-createoperationid\"":\""5ac285e7-0707-4971-8505-6ead14843dd6\"""",""\""aks-managed-creationsource\"":\""vmssclient-aks-e4asv4pool-88478187-vmss\"""",""\""aks-managed-enable-imds-restriction\"":\""false\"""",""\""aks-managed-kubeletidentityclientid\"":\""d98ad00c-641c-49e6-a5b8-df5704960efa\"""",""\""aks-managed-orchestrator\"":\""kubernetes:1.33.2\"""",""\""aks-managed-poolname\"":\""e4asv4pool\"""",""\""aks-managed-resourcenamesuffix\"":\""24917981\"""",""\""aks-managed-ssh-access\"":\""localuser\"""",""\""aks-managed-networkisolated-outbound-type\"":\"""",""\""aks-managed-coordination\"":\""true\""""]",0.020027379,0.020027379,USD
mc_rg20007-prod-kiocentral-aks_aks20000-prod-kiocentral_eastus,/subscriptions/6276588a-9234-41ee-a81c-7538ea3a817e/resourcegroups/mc_rg20007-prod-kiocentral-aks_aks20000-prod-kiocentral_eastus,KioSoft Globalazure  Subscription,6276588a-9234-41ee-a81c-7538ea3a817e,aks-agentpool-884781aks-agentpool-8847818os__1_b1d3796b48a1454392bdb6bd101a60fc,/subscriptions/6276588a-9234-41ee-a81c-7538ea3a817e/resourcegroups/mc_rg20007-prod-kiocentral-aks_aks20000-prod-kiocentral_eastus/providers/microsoft.compute/disks/aks-agentpool-884781aks-agentpool-8847818os__1_b1d3796b48a1454392bdb6bd101a60fc,Disk,US East,"[""\""aks-managed-bootstrap-profile-acr-name\"":\"""",""\""aks-managed-consolidated-additional-properties\"":\""e27fba2f-8797-11f0-ba41-961658eb5a19\"""",""\""aks-managed-createoperationid\"":\""5ac285e7-0707-4971-8505-6ead14843dd6\"""",""\""aks-managed-creationsource\"":\""vmssclient-aks-agentpool-88478187-vmss\"""",""\""aks-managed-enable-imds-restriction\"":\""false\"""",""\""aks-managed-kubeletidentityclientid\"":\""d98ad00c-641c-49e6-a5b8-df5704960efa\"""",""\""aks-managed-orchestrator\"":\""kubernetes:1.33.2\"""",""\""aks-managed-poolname\"":\""agentpool\"""",""\""aks-managed-resourcenamesuffix\"":\""24917981\"""",""\""aks-managed-ssh-access\"":\""localuser\"""",""\""aks-managed-networkisolated-outbound-type\"":\"""",""\""aks-managed-coordination\"":\""true\""""]",0.01453012,0.01453012,USD
mc_rg20007-prod-kiocentral-aks_aks20000-prod-kiocentral_eastus,/subscriptions/6276588a-9234-41ee-a81c-7538ea3a817e/resourcegroups/mc_rg20007-prod-kiocentral-aks_aks20000-prod-kiocentral_eastus,KioSoft Globalazure  Subscription,6276588a-9234-41ee-a81c-7538ea3a817e,aks-agentpool-884781aks-agentpool-8847818os__1_bde3c98401804ff49f77d39cc468c00a,/subscriptions/6276588a-9234-41ee-a81c-7538ea3a817e/resourcegroups/mc_rg20007-prod-kiocentral-aks_aks20000-prod-kiocentral_eastus/providers/microsoft.compute/disks/aks-agentpool-884781aks-agentpool-8847818os__1_bde3c98401804ff49f77d39cc468c00a,Disk,US East,"[""\""aks-managed-bootstrap-profile-acr-name\"":\"""",""\""aks-managed-consolidated-additional-properties\"":\""e27fba2f-8797-11f0-ba41-961658eb5a19\"""",""\""aks-managed-createoperationid\"":\""5ac285e7-0707-4971-8505-6ead14843dd6\"""",""\""aks-managed-creationsource\"":\""vmssclient-aks-agentpool-88478187-vmss\"""",""\""aks-managed-enable-imds-restriction\"":\""false\"""",""\""aks-managed-kubeletidentityclientid\"":\""d98ad00c-641c-49e6-a5b8-df5704960efa\"""",""\""aks-managed-orchestrator\"":\""kubernetes:1.33.2\"""",""\""aks-managed-poolname\"":\""agentpool\"""",""\""aks-managed-resourcenamesuffix\"":\""24917981\"""",""\""aks-managed-ssh-access\"":\""localuser\"""",""\""aks-managed-networkisolated-outbound-type\"":\"""",""\""aks-managed-coordination\"":\""true\""""]",0.01453012,0.01453012,USD
mc_rg20007-prod-kiocentral-aks_aks20000-prod-kiocentral_eastus,/subscriptions/6276588a-9234-41ee-a81c-7538ea3a817e/resourcegroups/mc_rg20007-prod-kiocentral-aks_aks20000-prod-kiocentral_eastus,KioSoft Globalazure  Subscription,6276588a-9234-41ee-a81c-7538ea3a817e,aks-e4asv4pool-88478aks-e4asv4pool-884781os__1_f1dbafae48a94a59bc9fc62207f7ab32,/subscriptions/6276588a-9234-41ee-a81c-7538ea3a817e/resourcegroups/mc_rg20007-prod-kiocentral-aks_aks20000-prod-kiocentral_eastus/providers/microsoft.compute/disks/aks-e4asv4pool-88478aks-e4asv4pool-884781os__1_f1dbafae48a94a59bc9fc62207f7ab32,Disk,US East,"[""\""aks-managed-bootstrap-profile-acr-name\"":\"""",""\""aks-managed-consolidated-additional-properties\"":\""e27fc038-8797-11f0-ba41-961658eb5a19\"""",""\""aks-managed-createoperationid\"":\""5ac285e7-0707-4971-8505-6ead14843dd6\"""",""\""aks-managed-creationsource\"":\""vmssclient-aks-e4asv4pool-88478187-vmss\"""",""\""aks-managed-enable-imds-restriction\"":\""false\"""",""\""aks-managed-kubeletidentityclientid\"":\""d98ad00c-641c-49e6-a5b8-df5704960efa\"""",""\""aks-managed-orchestrator\"":\""kubernetes:1.33.2\"""",""\""aks-managed-poolname\"":\""e4asv4pool\"""",""\""aks-managed-resourcenamesuffix\"":\""24917981\"""",""\""aks-managed-ssh-access\"":\""localuser\"""",""\""aks-managed-networkisolated-outbound-type\"":\"""",""\""aks-managed-coordination\"":\""true\""""]",0.01453012,0.01453012,USD
mc_rg20007-prod-kiocentral-aks_aks20000-prod-kiocentral_eastus,/subscriptions/6276588a-9234-41ee-a81c-7538ea3a817e/resourcegroups/mc_rg20007-prod-kiocentral-aks_aks20000-prod-kiocentral_eastus,KioSoft Globalazure  Subscription,6276588a-9234-41ee-a81c-7538ea3a817e,49d7f08f-b3f2-4081-b558-5b0cbeeee479,/subscriptions/6276588a-9234-41ee-a81c-7538ea3a817e/resourcegroups/mc_rg20007-prod-kiocentral-aks_aks20000-prod-kiocentral_eastus/providers/microsoft.network/publicipaddresses/49d7f08f-b3f2-4081-b558-5b0cbeeee479,Public IP address,US East,"[""\""aks-managed-cluster-name\"":\""aks20000-prod-kiocentral\"""",""\""aks-managed-cluster-rg\"":\""rg20007-prod-kiocentral-aks\"""",""\""aks-managed-type\"":\""aks-slb-managed-outbound-ip\""""]",0.00511552,0.00511552,USD
mc_rg20007-prod-kiocentral-aks_aks20000-prod-kiocentral_eastus,/subscriptions/6276588a-9234-41ee-a81c-7538ea3a817e/resourcegroups/mc_rg20007-prod-kiocentral-aks_aks20000-prod-kiocentral_eastus,KioSoft Globalazure  Subscription,6276588a-9234-41ee-a81c-7538ea3a817e,aks-agentpool-88478187-vmss,/subscriptions/6276588a-9234-41ee-a81c-7538ea3a817e/resourcegroups/mc_rg20007-prod-kiocentral-aks_aks20000-prod-kiocentral_eastus/providers/microsoft.compute/virtualmachinescalesets/aks-agentpool-88478187-vmss,Virtual machine scale set,US East,"[""\""aks-managed-bootstrap-profile-acr-name\"":\"""",""\""aks-managed-consolidated-additional-properties\"":\""e27fba2f-8797-11f0-ba41-961658eb5a19\"""",""\""aks-managed-createoperationid\"":\""5ac285e7-0707-4971-8505-6ead14843dd6\"""",""\""aks-managed-creationsource\"":\""vmssclient-aks-agentpool-88478187-vmss\"""",""\""aks-managed-enable-imds-restriction\"":\""false\"""",""\""aks-managed-kubeletidentityclientid\"":\""d98ad00c-641c-49e6-a5b8-df5704960efa\"""",""\""aks-managed-orchestrator\"":\""kubernetes:1.33.2\"""",""\""aks-managed-poolname\"":\""agentpool\"""",""\""aks-managed-resourcenamesuffix\"":\""24917981\"""",""\""aks-managed-ssh-access\"":\""localuser\"""",""\""aks-managed-networkisolated-outbound-type\"":\"""",""\""aks-managed-coordination\"":\""true\""""]",7.25146E-05,7.25146E-05,USD
mc_rg20007-prod-kiocentral-aks_aks20000-prod-kiocentral_eastus,/subscriptions/6276588a-9234-41ee-a81c-7538ea3a817e/resourcegroups/mc_rg20007-prod-kiocentral-aks_aks20000-prod-kiocentral_eastus,KioSoft Globalazure  Subscription,6276588a-9234-41ee-a81c-7538ea3a817e,aks-e4asv4pool-88478187-vmss,/subscriptions/6276588a-9234-41ee-a81c-7538ea3a817e/resourcegroups/mc_rg20007-prod-kiocentral-aks_aks20000-prod-kiocentral_eastus/providers/microsoft.compute/virtualmachinescalesets/aks-e4asv4pool-88478187-vmss,Virtual machine scale set,US East,"[""\""aks-managed-bootstrap-profile-acr-name\"":\"""",""\""aks-managed-consolidated-additional-properties\"":\""e27fc038-8797-11f0-ba41-961658eb5a19\"""",""\""aks-managed-createoperationid\"":\""5ac285e7-0707-4971-8505-6ead14843dd6\"""",""\""aks-managed-creationsource\"":\""vmssclient-aks-e4asv4pool-88478187-vmss\"""",""\""aks-managed-enable-imds-restriction\"":\""false\"""",""\""aks-managed-kubeletidentityclientid\"":\""d98ad00c-641c-49e6-a5b8-df5704960efa\"""",""\""aks-managed-orchestrator\"":\""kubernetes:1.33.2\"""",""\""aks-managed-poolname\"":\""e4asv4pool\"""",""\""aks-managed-resourcenamesuffix\"":\""24917981\"""",""\""aks-managed-ssh-access\"":\""localuser\"""",""\""aks-managed-coordination\"":\""true\"""",""\""aks-managed-networkisolated-outbound-type\"":\""\""""]",2.40113E-07,2.40113E-07,USD
rg10002-test-devops,/subscriptions/6276588a-9234-41ee-a81c-7538ea3a817e/resourcegroups/rg10002-test-devops,KioSoft Globalazure  Subscription,6276588a-9234-41ee-a81c-7538ea3a817e,disk10005-test-elk01-data01,/subscriptions/6276588a-9234-41ee-a81c-7538ea3a817e/resourcegroups/rg10002-test-devops/providers/microsoft.compute/disks/disk10005-test-elk01-data01,Disk,US East,[],74.69382509,74.69382509,USD
rg10002-test-devops,/subscriptions/6276588a-9234-41ee-a81c-7538ea3a817e/resourcegroups/rg10002-test-devops,KioSoft Globalazure  Subscription,6276588a-9234-41ee-a81c-7538ea3a817e,disk10004-test-elk01-os,/subscriptions/6276588a-9234-41ee-a81c-7538ea3a817e/resourcegroups/rg10002-test-devops/providers/microsoft.compute/disks/disk10004-test-elk01-os,Disk,US East,"[""\""environment\"":\""test\"""",""\""product\"":\""elk-server\""""]",20.13962042,20.13962042,USD
rg10002-test-devops,/subscriptions/6276588a-9234-41ee-a81c-7538ea3a817e/resourcegroups/rg10002-test-devops,KioSoft Globalazure  Subscription,6276588a-9234-41ee-a81c-7538ea3a817e,vm10003-test-elk01,/subscriptions/6276588a-9234-41ee-a81c-7538ea3a817e/resourcegroups/rg10002-test-devops/providers/microsoft.compute/virtualmachines/vm10003-test-elk01,Virtual machine,US East,"[""\""environment\"":\""test\"""",""\""product\"":\""elk-server\""""]",14.99339887,14.99339887,USD
rg10002-test-devops,/subscriptions/6276588a-9234-41ee-a81c-7538ea3a817e/resourcegroups/rg10002-test-devops,KioSoft Globalazure  Subscription,6276588a-9234-41ee-a81c-7538ea3a817e,pip10003-test-elk01,/subscriptions/6276588a-9234-41ee-a81c-7538ea3a817e/resourcegroups/rg10002-test-devops/providers/microsoft.network/publicipaddresses/pip10003-test-elk01,Public IP address,US East,[],3.720198896,3.720198896,USD
usprod,/subscriptions/6276588a-9234-41ee-a81c-7538ea3a817e/resourcegroups/usprod,KioSoft Globalazure  Subscription,6276588a-9234-41ee-a81c-7538ea3a817e,usprod-v4-29prefix,/subscriptions/6276588a-9234-41ee-a81c-7538ea3a817e/resourcegroups/usprod/providers/microsoft.network/publicipprefixes/usprod-v4-29prefix,Public IP Prefix,US East,"[""\""environment\"":\""production\""""]",35.70981427,35.70981427,USD
usprod,/subscriptions/6276588a-9234-41ee-a81c-7538ea3a817e/resourcegroups/usprod,KioSoft Globalazure  Subscription,6276588a-9234-41ee-a81c-7538ea3a817e,usprod-natgw01,/subscriptions/6276588a-9234-41ee-a81c-7538ea3a817e/resourcegroups/usprod/providers/microsoft.network/natgateways/usprod-natgw01,NAT gateway,US East,[],33.47981513,33.47981513,USD
usprod,/subscriptions/6276588a-9234-41ee-a81c-7538ea3a817e/resourcegroups/usprod,KioSoft Globalazure  Subscription,6276588a-9234-41ee-a81c-7538ea3a817e,usprod-demoportal01_disk1_2e16994519694305b0887b4dd5e17989,/subscriptions/6276588a-9234-41ee-a81c-7538ea3a817e/resourcegroups/usprod/providers/microsoft.compute/disks/usprod-demoportal01_disk1_2e16994519694305b0887b4dd5e17989,Disk,US East,[],20.51326598,20.51326598,USD
usprod,/subscriptions/6276588a-9234-41ee-a81c-7538ea3a817e/resourcegroups/usprod,KioSoft Globalazure  Subscription,6276588a-9234-41ee-a81c-7538ea3a817e,usprod-demoportal01,/subscriptions/6276588a-9234-41ee-a81c-7538ea3a817e/resourcegroups/usprod/providers/microsoft.compute/virtualmachines/usprod-demoportal01,Virtual machine,"US East, Intercontinental","[""\""environment\"":\""demo\"""",""\""product\"":\""test - pheonix - route\"""",""\""squad\"":\""phoenix\"""",""\""publisher\"":\""openlogic\""""]",14.91005236,14.91005236,USD
usprod,/subscriptions/6276588a-9234-41ee-a81c-7538ea3a817e/resourcegroups/usprod,KioSoft Globalazure  Subscription,6276588a-9234-41ee-a81c-7538ea3a817e,usprod-demoportal01-ip,/subscriptions/6276588a-9234-41ee-a81c-7538ea3a817e/resourcegroups/usprod/providers/microsoft.network/publicipaddresses/usprod-demoportal01-ip,Public IP address,US East,[],3.720198896,3.720198896,USD
usprod,/subscriptions/6276588a-9234-41ee-a81c-7538ea3a817e/resourcegroups/usprod,KioSoft Globalazure  Subscription,6276588a-9234-41ee-a81c-7538ea3a817e,azusprod.kiosoft.com,/subscriptions/6276588a-9234-41ee-a81c-7538ea3a817e/resourcegroups/usprod/providers/microsoft.network/dnszones/azusprod.kiosoft.com,DNS zone,Unknown,[],0.501979734,0.501979734,USD
usprod,/subscriptions/6276588a-9234-41ee-a81c-7538ea3a817e/resourcegroups/usprod,KioSoft Globalazure  Subscription,6276588a-9234-41ee-a81c-7538ea3a817e,privatelink.file.core.windows.net,/subscriptions/6276588a-9234-41ee-a81c-7538ea3a817e/resourcegroups/usprod/providers/microsoft.network/privatednszones/privatelink.file.core.windows.net,Private DNS zone,Unknown,[],0.499539681,0.499539681,USD
rg20008-prod-latamcleanstore,/subscriptions/6276588a-9234-41ee-a81c-7538ea3a817e/resourcegroups/rg20008-prod-latamcleanstore,KioSoft Globalazure  Subscription,6276588a-9234-41ee-a81c-7538ea3a817e,vm20020-prod-latamcleanstore-web03,/subscriptions/6276588a-9234-41ee-a81c-7538ea3a817e/resourcegroups/rg20008-prod-latamcleanstore/providers/microsoft.compute/virtualmachines/vm20020-prod-latamcleanstore-web03,Virtual machine,US South Central,"[""\""environment\"":\""prod\"""",""\""product\"":\""latamcleanstore\""""]",25.00270789,25.00270789,USD
rg20008-prod-latamcleanstore,/subscriptions/6276588a-9234-41ee-a81c-7538ea3a817e/resourcegroups/rg20008-prod-latamcleanstore,KioSoft Globalazure  Subscription,6276588a-9234-41ee-a81c-7538ea3a817e,vm20019-prod-latamcleanstore-web02,/subscriptions/6276588a-9234-41ee-a81c-7538ea3a817e/resourcegroups/rg20008-prod-latamcleanstore/providers/microsoft.compute/virtualmachines/vm20019-prod-latamcleanstore-web02,Virtual machine,US South Central,"[""\""environment\"":\""prod\"""",""\""product\"":\""latamcleanstore\""""]",23.44826575,23.44826575,USD
rg20008-prod-latamcleanstore,/subscriptions/6276588a-9234-41ee-a81c-7538ea3a817e/resourcegroups/rg20008-prod-latamcleanstore,KioSoft Globalazure  Subscription,6276588a-9234-41ee-a81c-7538ea3a817e,vm20018-prod-latamcleanstore-web01,/subscriptions/6276588a-9234-41ee-a81c-7538ea3a817e/resourcegroups/rg20008-prod-latamcleanstore/providers/microsoft.compute/virtualmachines/vm20018-prod-latamcleanstore-web01,Virtual machine,US South Central,"[""\""environment\"":\""prod\"""",""\""product\"":\""latamcleanstore\""""]",23.35360553,23.35360553,USD
rg20008-prod-latamcleanstore,/subscriptions/6276588a-9234-41ee-a81c-7538ea3a817e/resourcegroups/rg20008-prod-latamcleanstore,KioSoft Globalazure  Subscription,6276588a-9234-41ee-a81c-7538ea3a817e,disk20023-prod-latamcleanstore-web02-os,/subscriptions/6276588a-9234-41ee-a81c-7538ea3a817e/resourcegroups/rg20008-prod-latamcleanstore/providers/microsoft.compute/disks/disk20023-prod-latamcleanstore-web02-os,Disk,US South Central,"[""\""environment\"":\""prod\"""",""\""product\"":\""latamcleanstore\""""]",9.321565279,9.321565279,USD
rg20008-prod-latamcleanstore,/subscriptions/6276588a-9234-41ee-a81c-7538ea3a817e/resourcegroups/rg20008-prod-latamcleanstore,KioSoft Globalazure  Subscription,6276588a-9234-41ee-a81c-7538ea3a817e,disk20024-prod-latamcleanstore-web03-os,/subscriptions/6276588a-9234-41ee-a81c-7538ea3a817e/resourcegroups/rg20008-prod-latamcleanstore/providers/microsoft.compute/disks/disk20024-prod-latamcleanstore-web03-os,Disk,US South Central,"[""\""environment\"":\""prod\"""",""\""product\"":\""latamcleanstore\""""]",9.310505153,9.310505153,USD
rg20008-prod-latamcleanstore,/subscriptions/6276588a-9234-41ee-a81c-7538ea3a817e/resourcegroups/rg20008-prod-latamcleanstore,KioSoft Globalazure  Subscription,6276588a-9234-41ee-a81c-7538ea3a817e,disk20022-prod-latamcleanstore-web01-os,/subscriptions/6276588a-9234-41ee-a81c-7538ea3a817e/resourcegroups/rg20008-prod-latamcleanstore/providers/microsoft.compute/disks/disk20022-prod-latamcleanstore-web01-os,Disk,US South Central,"[""\""environment\"":\""prod\"""",""\""product\"":\""latamcleanstore\""""]",9.298690928,9.298690928,USD
rg20008-prod-latamcleanstore,/subscriptions/6276588a-9234-41ee-a81c-7538ea3a817e/resourcegroups/rg20008-prod-latamcleanstore,KioSoft Globalazure  Subscription,6276588a-9234-41ee-a81c-7538ea3a817e,pip20016-prod-latamcleanstore-web01,/subscriptions/6276588a-9234-41ee-a81c-7538ea3a817e/resourcegroups/rg20008-prod-latamcleanstore/providers/microsoft.network/publicipaddresses/pip20016-prod-latamcleanstore-web01,Public IP address,US South Central,[],1.546469969,1.546469969,USD
rg20008-prod-latamcleanstore,/subscriptions/6276588a-9234-41ee-a81c-7538ea3a817e/resourcegroups/rg20008-prod-latamcleanstore,KioSoft Globalazure  Subscription,6276588a-9234-41ee-a81c-7538ea3a817e,pip20017-prod-latamcleanstore-web02,/subscriptions/6276588a-9234-41ee-a81c-7538ea3a817e/resourcegroups/rg20008-prod-latamcleanstore/providers/microsoft.network/publicipaddresses/pip20017-prod-latamcleanstore-web02,Public IP address,US South Central,[],1.541045681,1.541045681,USD
rg20008-prod-latamcleanstore,/subscriptions/6276588a-9234-41ee-a81c-7538ea3a817e/resourcegroups/rg20008-prod-latamcleanstore,KioSoft Globalazure  Subscription,6276588a-9234-41ee-a81c-7538ea3a817e,pip20018-prod-latamcleanstore-web03,/subscriptions/6276588a-9234-41ee-a81c-7538ea3a817e/resourcegroups/rg20008-prod-latamcleanstore/providers/microsoft.network/publicipaddresses/pip20018-prod-latamcleanstore-web03,Public IP address,US South Central,[],1.539877373,1.539877373,USD
rg20008-prod-latamcleanstore,/subscriptions/6276588a-9234-41ee-a81c-7538ea3a817e/resourcegroups/rg20008-prod-latamcleanstore,KioSoft Globalazure  Subscription,6276588a-9234-41ee-a81c-7538ea3a817e,pip171-vm143-prod-latamcleanstore-web03,/subscriptions/6276588a-9234-41ee-a81c-7538ea3a817e/resourcegroups/rg20008-prod-latamcleanstore/providers/microsoft.network/publicipaddresses/pip171-vm143-prod-latamcleanstore-web03,Public IP address,US South Central,[],0.330443355,0.330443355,USD
rg20008-prod-latamcleanstore,/subscriptions/6276588a-9234-41ee-a81c-7538ea3a817e/resourcegroups/rg20008-prod-latamcleanstore,KioSoft Globalazure  Subscription,6276588a-9234-41ee-a81c-7538ea3a817e,pip172-vm142-prod-latamcleanstore-web02,/subscriptions/6276588a-9234-41ee-a81c-7538ea3a817e/resourcegroups/rg20008-prod-latamcleanstore/providers/microsoft.network/publicipaddresses/pip172-vm142-prod-latamcleanstore-web02,Public IP address,US South Central,[],0.330436376,0.330436376,USD
rg20008-prod-latamcleanstore,/subscriptions/6276588a-9234-41ee-a81c-7538ea3a817e/resourcegroups/rg20008-prod-latamcleanstore,KioSoft Globalazure  Subscription,6276588a-9234-41ee-a81c-7538ea3a817e,prod-internationalretail-ip,/subscriptions/6276588a-9234-41ee-a81c-7538ea3a817e/resourcegroups/rg20008-prod-latamcleanstore/providers/microsoft.network/publicipaddresses/prod-internationalretail-ip,Public IP address,US South Central,[],0.330436376,0.330436376,USD
rg20008-prod-latamcleanstore,/subscriptions/6276588a-9234-41ee-a81c-7538ea3a817e/resourcegroups/rg20008-prod-latamcleanstore,KioSoft Globalazure  Subscription,6276588a-9234-41ee-a81c-7538ea3a817e,vm20020-prod-latamcleanstore-web03_cpu-memory-alert,/subscriptions/6276588a-9234-41ee-a81c-7538ea3a817e/resourcegroups/rg20008-prod-latamcleanstore/providers/microsoft.insights/metricalerts/vm20020-prod-latamcleanstore-web03_cpu-memory-alert,microsoft.insights/metricalerts,Unknown,[],0.092868548,0.092868548,USD
rg20008-prod-latamcleanstore,/subscriptions/6276588a-9234-41ee-a81c-7538ea3a817e/resourcegroups/rg20008-prod-latamcleanstore,KioSoft Globalazure  Subscription,6276588a-9234-41ee-a81c-7538ea3a817e,vm20018-prod-latamcleanstore-web01_cpu-memory-alert,/subscriptions/6276588a-9234-41ee-a81c-7538ea3a817e/resourcegroups/rg20008-prod-latamcleanstore/providers/microsoft.insights/metricalerts/vm20018-prod-latamcleanstore-web01_cpu-memory-alert,microsoft.insights/metricalerts,Unknown,[],0.092739556,0.092739556,USD
rg20008-prod-latamcleanstore,/subscriptions/6276588a-9234-41ee-a81c-7538ea3a817e/resourcegroups/rg20008-prod-latamcleanstore,KioSoft Globalazure  Subscription,6276588a-9234-41ee-a81c-7538ea3a817e,vm20019-prod-latamcleanstore-web02_cpu-memory-alert,/subscriptions/6276588a-9234-41ee-a81c-7538ea3a817e/resourcegroups/rg20008-prod-latamcleanstore/providers/microsoft.insights/metricalerts/vm20019-prod-latamcleanstore-web02_cpu-memory-alert,microsoft.insights/metricalerts,Unknown,[],0.092739556,0.092739556,USD
rg56-prod-amusement,/subscriptions/6276588a-9234-41ee-a81c-7538ea3a817e/resourcegroups/rg56-prod-amusement,KioSoft Globalazure  Subscription,6276588a-9234-41ee-a81c-7538ea3a817e,sa27prodamusement,/subscriptions/6276588a-9234-41ee-a81c-7538ea3a817e/resourcegroups/rg56-prod-amusement/providers/microsoft.storage/storageaccounts/sa27prodamusement,Storage account,US East,[],20.43013918,20.43013918,USD
rg56-prod-amusement,/subscriptions/6276588a-9234-41ee-a81c-7538ea3a817e/resourcegroups/rg56-prod-amusement,KioSoft Globalazure  Subscription,6276588a-9234-41ee-a81c-7538ea3a817e,vm134-prod-amusement-web02-os,/subscriptions/6276588a-9234-41ee-a81c-7538ea3a817e/resourcegroups/rg56-prod-amusement/providers/microsoft.compute/disks/vm134-prod-amusement-web02-os,Disk,US East,[],20.13962042,20.13962042,USD
rg56-prod-amusement,/subscriptions/6276588a-9234-41ee-a81c-7538ea3a817e/resourcegroups/rg56-prod-amusement,KioSoft Globalazure  Subscription,6276588a-9234-41ee-a81c-7538ea3a817e,vm135-prod-amusement-web03-os,/subscriptions/6276588a-9234-41ee-a81c-7538ea3a817e/resourcegroups/rg56-prod-amusement/providers/microsoft.compute/disks/vm135-prod-amusement-web03-os,Disk,US East,[],20.13962042,20.13962042,USD
rg56-prod-amusement,/subscriptions/6276588a-9234-41ee-a81c-7538ea3a817e/resourcegroups/rg56-prod-amusement,KioSoft Globalazure  Subscription,6276588a-9234-41ee-a81c-7538ea3a817e,vm134-prod-amusement-web02,/subscriptions/6276588a-9234-41ee-a81c-7538ea3a817e/resourcegroups/rg56-prod-amusement/providers/microsoft.compute/virtualmachines/vm134-prod-amusement-web02,Virtual machine,"US East, Intercontinental","[""\""environment\"":\""production\"""",""\""publisher\"":\""openlogic\"""",""\""product\"":\""market - amusement\""""]",16.84184809,16.84184809,USD
rg56-prod-amusement,/subscriptions/6276588a-9234-41ee-a81c-7538ea3a817e/resourcegroups/rg56-prod-amusement,KioSoft Globalazure  Subscription,6276588a-9234-41ee-a81c-7538ea3a817e,vm135-prod-amusement-web03,/subscriptions/6276588a-9234-41ee-a81c-7538ea3a817e/resourcegroups/rg56-prod-amusement/providers/microsoft.compute/virtualmachines/vm135-prod-amusement-web03,Virtual machine,"US East, Intercontinental","[""\""environment\"":\""production\"""",""\""publisher\"":\""openlogic\"""",""\""product\"":\""market - amusement\""""]",16.75396238,16.75396238,USD
rg56-prod-amusement,/subscriptions/6276588a-9234-41ee-a81c-7538ea3a817e/resourcegroups/rg56-prod-amusement,KioSoft Globalazure  Subscription,6276588a-9234-41ee-a81c-7538ea3a817e,pe01-sa27-prod-amusement,/subscriptions/6276588a-9234-41ee-a81c-7538ea3a817e/resourcegroups/rg56-prod-amusement/providers/microsoft.network/privateendpoints/pe01-sa27-prod-amusement,Private endpoint,US East,[],7.438121032,7.438121032,USD
rg56-prod-amusement,/subscriptions/6276588a-9234-41ee-a81c-7538ea3a817e/resourcegroups/rg56-prod-amusement,KioSoft Globalazure  Subscription,6276588a-9234-41ee-a81c-7538ea3a817e,privatelink.file.core.windows.net,/subscriptions/6276588a-9234-41ee-a81c-7538ea3a817e/resourcegroups/rg56-prod-amusement/providers/microsoft.network/privatednszones/privatelink.file.core.windows.net,Private DNS zone,Unknown,[],0.499539681,0.499539681,USD
rg45-prod-om,/subscriptions/6276588a-9234-41ee-a81c-7538ea3a817e/resourcegroups/rg45-prod-om,KioSoft Globalazure  Subscription,6276588a-9234-41ee-a81c-7538ea3a817e,sa30prodbackup,/subscriptions/6276588a-9234-41ee-a81c-7538ea3a817e/resourcegroups/rg45-prod-om/providers/microsoft.storage/storageaccounts/sa30prodbackup,Storage account,US East,[],97.25423717,97.25423717,USD
rg10001-test-olap,/subscriptions/6276588a-9234-41ee-a81c-7538ea3a817e/resourcegroups/rg10001-test-olap,KioSoft Globalazure  Subscription,6276588a-9234-41ee-a81c-7538ea3a817e,vm10002-test-olap01,/subscriptions/6276588a-9234-41ee-a81c-7538ea3a817e/resourcegroups/rg10001-test-olap/providers/microsoft.compute/virtualmachines/vm10002-test-olap01,Virtual machine,US East,"[""\""environment\"":\""prod\"""",""\""product\"":\""doris\""""]",38.09813116,38.09813116,USD
rg10001-test-olap,/subscriptions/6276588a-9234-41ee-a81c-7538ea3a817e/resourcegroups/rg10001-test-olap,KioSoft Globalazure  Subscription,6276588a-9234-41ee-a81c-7538ea3a817e,disk10003-test-olap01-data,/subscriptions/6276588a-9234-41ee-a81c-7538ea3a817e/resourcegroups/rg10001-test-olap/providers/microsoft.compute/disks/disk10003-test-olap01-data,Disk,US East,[],33.18013846,33.18013846,USD
rg10001-test-olap,/subscriptions/6276588a-9234-41ee-a81c-7538ea3a817e/resourcegroups/rg10001-test-olap,KioSoft Globalazure  Subscription,6276588a-9234-41ee-a81c-7538ea3a817e,disk10002-test-olap01,/subscriptions/6276588a-9234-41ee-a81c-7538ea3a817e/resourcegroups/rg10001-test-olap/providers/microsoft.compute/disks/disk10002-test-olap01,Disk,US East,"[""\""environment\"":\""prod\"""",""\""product\"":\""doris\""""]",20.77416116,20.77416116,USD
rg10001-test-olap,/subscriptions/6276588a-9234-41ee-a81c-7538ea3a817e/resourcegroups/rg10001-test-olap,KioSoft Globalazure  Subscription,6276588a-9234-41ee-a81c-7538ea3a817e,pip10002-test-olap01,/subscriptions/6276588a-9234-41ee-a81c-7538ea3a817e/resourcegroups/rg10001-test-olap/providers/microsoft.network/publicipaddresses/pip10002-test-olap01,Public IP address,US East,[],3.720198896,3.720198896,USD
armtmsrsc,/subscriptions/6276588a-9234-41ee-a81c-7538ea3a817e/resourcegroups/armtmsrsc,KioSoft Globalazure  Subscription,6276588a-9234-41ee-a81c-7538ea3a817e,newtmsdesign,/subscriptions/6276588a-9234-41ee-a81c-7538ea3a817e/resourcegroups/armtmsrsc/providers/microsoft.storage/storageaccounts/newtmsdesign,Storage account,US East,[],20.85878579,20.85878579,USD
armtmsrsc,/subscriptions/6276588a-9234-41ee-a81c-7538ea3a817e/resourcegroups/armtmsrsc,KioSoft Globalazure  Subscription,6276588a-9234-41ee-a81c-7538ea3a817e,tmsserver1,/subscriptions/6276588a-9234-41ee-a81c-7538ea3a817e/resourcegroups/armtmsrsc/providers/microsoft.compute/virtualmachines/tmsserver1,Virtual machine,"US East, Intercontinental","[""\""environment\"":\""qa\"""",""\""squad\"":\""skynet\"""",""\""publisher\"":\""debian\"""",""\""product\"":\""tms\""""]",14.88534171,14.88534171,USD
armtmsrsc,/subscriptions/6276588a-9234-41ee-a81c-7538ea3a817e/resourcegroups/armtmsrsc,KioSoft Globalazure  Subscription,6276588a-9234-41ee-a81c-7538ea3a817e,tmsserver2,/subscriptions/6276588a-9234-41ee-a81c-7538ea3a817e/resourcegroups/armtmsrsc/providers/microsoft.compute/virtualmachines/tmsserver2,Virtual machine,"US East, Intercontinental","[""\""environment\"":\""qa\"""",""\""product\"":\""tms\"""",""\""squad\"":\""skynet\"""",""\""publisher\"":\""debian\""""]",13.44884196,13.44884196,USD
armtmsrsc,/subscriptions/6276588a-9234-41ee-a81c-7538ea3a817e/resourcegroups/armtmsrsc,KioSoft Globalazure  Subscription,6276588a-9234-41ee-a81c-7538ea3a817e,tmsnginx,/subscriptions/6276588a-9234-41ee-a81c-7538ea3a817e/resourcegroups/armtmsrsc/providers/microsoft.compute/virtualmachines/tmsnginx,Virtual machine,"US East, Intercontinental","[""\""environment\"":\""qa\"""",""\""squad\"":\""skynet\"""",""\""publisher\"":\""openlogic\"""",""\""product\"":\""tms\""""]",11.45409871,11.45409871,USD
armtmsrsc,/subscriptions/6276588a-9234-41ee-a81c-7538ea3a817e/resourcegroups/armtmsrsc,KioSoft Globalazure  Subscription,6276588a-9234-41ee-a81c-7538ea3a817e,tmsserver1-osdisk-20230704-032302,/subscriptions/6276588a-9234-41ee-a81c-7538ea3a817e/resourcegroups/armtmsrsc/providers/microsoft.compute/disks/tmsserver1-osdisk-20230704-032302,Disk,US East,"[""\""rsvaultbackup\"":\""cf24498e-81ca-4b1d-b22d-0bf82680fd22\""""]",5.71090285,5.71090285,USD
armtmsrsc,/subscriptions/6276588a-9234-41ee-a81c-7538ea3a817e/resourcegroups/armtmsrsc,KioSoft Globalazure  Subscription,6276588a-9234-41ee-a81c-7538ea3a817e,tmsserver2_osdisk_1_cbac7d887c924200b44055b3d5ba316a,/subscriptions/6276588a-9234-41ee-a81c-7538ea3a817e/resourcegroups/armtmsrsc/providers/microsoft.compute/disks/tmsserver2_osdisk_1_cbac7d887c924200b44055b3d5ba316a,Disk,US East,[],5.64226844,5.64226844,USD
armtmsrsc,/subscriptions/6276588a-9234-41ee-a81c-7538ea3a817e/resourcegroups/armtmsrsc,KioSoft Globalazure  Subscription,6276588a-9234-41ee-a81c-7538ea3a817e,tmsprod-lb01_osdisk_1_41aeade537234520b8d6a326e96775c0-202306301141-disk-2023063,/subscriptions/6276588a-9234-41ee-a81c-7538ea3a817e/resourcegroups/armtmsrsc/providers/microsoft.compute/disks/tmsprod-lb01_osdisk_1_41aeade537234520b8d6a326e96775c0-202306301141-disk-2023063,Disk,US East,[],5.592953113,5.592953113,USD
armtmsrsc,/subscriptions/6276588a-9234-41ee-a81c-7538ea3a817e/resourcegroups/armtmsrsc,KioSoft Globalazure  Subscription,6276588a-9234-41ee-a81c-7538ea3a817e,tmsnginxip149,/subscriptions/6276588a-9234-41ee-a81c-7538ea3a817e/resourcegroups/armtmsrsc/providers/microsoft.network/publicipaddresses/tmsnginxip149,Public IP address,US East,[],3.720198896,3.720198896,USD
armtmsrsc,/subscriptions/6276588a-9234-41ee-a81c-7538ea3a817e/resourcegroups/armtmsrsc,KioSoft Globalazure  Subscription,6276588a-9234-41ee-a81c-7538ea3a817e,tmsserver1ip341,/subscriptions/6276588a-9234-41ee-a81c-7538ea3a817e/resourcegroups/armtmsrsc/providers/microsoft.network/publicipaddresses/tmsserver1ip341,Public IP address,US East,[],3.720198896,3.720198896,USD
armtmsrsc,/subscriptions/6276588a-9234-41ee-a81c-7538ea3a817e/resourcegroups/armtmsrsc,KioSoft Globalazure  Subscription,6276588a-9234-41ee-a81c-7538ea3a817e,tmsserver2ip827,/subscriptions/6276588a-9234-41ee-a81c-7538ea3a817e/resourcegroups/armtmsrsc/providers/microsoft.network/publicipaddresses/tmsserver2ip827,Public IP address,US East,[],3.720198896,3.720198896,USD
armtmsrsc,/subscriptions/6276588a-9234-41ee-a81c-7538ea3a817e/resourcegroups/armtmsrsc,KioSoft Globalazure  Subscription,6276588a-9234-41ee-a81c-7538ea3a817e,privatelink.file.core.windows.net,/subscriptions/6276588a-9234-41ee-a81c-7538ea3a817e/resourcegroups/armtmsrsc/providers/microsoft.network/privatednszones/privatelink.file.core.windows.net,Private DNS zone,Unknown,[],0.499539833,0.499539833,USD
armtmsrsc,/subscriptions/6276588a-9234-41ee-a81c-7538ea3a817e/resourcegroups/armtmsrsc,KioSoft Globalazure  Subscription,6276588a-9234-41ee-a81c-7538ea3a817e,privatelink.mariadb.database.azure.com,/subscriptions/6276588a-9234-41ee-a81c-7538ea3a817e/resourcegroups/armtmsrsc/providers/microsoft.network/privatednszones/privatelink.mariadb.database.azure.com,Private DNS zone,Unknown,[],0.499539216,0.499539216,USD
rg_test_route_als,/subscriptions/6276588a-9234-41ee-a81c-7538ea3a817e/resourcegroups/rg_test_route_als,KioSoft Globalazure  Subscription,6276588a-9234-41ee-a81c-7538ea3a817e,loadbalance05-test-route-als,/subscriptions/6276588a-9234-41ee-a81c-7538ea3a817e/resourcegroups/rg_test_route_als/providers/microsoft.network/loadbalancers/loadbalance05-test-route-als,Load balancer,US East,[],33.48307562,33.48307562,USD
rg_test_route_als,/subscriptions/6276588a-9234-41ee-a81c-7538ea3a817e/resourcegroups/rg_test_route_als,KioSoft Globalazure  Subscription,6276588a-9234-41ee-a81c-7538ea3a817e,vm58-test-route-als-web02,/subscriptions/6276588a-9234-41ee-a81c-7538ea3a817e/resourcegroups/rg_test_route_als/providers/microsoft.compute/virtualmachines/vm58-test-route-als-web02,Virtual machine,"US East, Intercontinental","[""\""environment\"":\""stage\"""",""\""squad\"":\""o&m\"""",""\""publisher\"":\""openlogic\"""",""\""product\"":\""route\""""]",14.87858114,14.87858114,USD
rg_test_route_als,/subscriptions/6276588a-9234-41ee-a81c-7538ea3a817e/resourcegroups/rg_test_route_als,KioSoft Globalazure  Subscription,6276588a-9234-41ee-a81c-7538ea3a817e,vm57-test-route-als-web01,/subscriptions/6276588a-9234-41ee-a81c-7538ea3a817e/resourcegroups/rg_test_route_als/providers/microsoft.compute/virtualmachines/vm57-test-route-als-web01,Virtual machine,US East,"[""\""environment\"":\""stage\"""",""\""squad\"":\""o&m\"""",""\""publisher\"":\""openlogic\"""",""\""product\"":\""route\""""]",14.85910206,14.85910206,USD
rg_test_route_als,/subscriptions/6276588a-9234-41ee-a81c-7538ea3a817e/resourcegroups/rg_test_route_als,KioSoft Globalazure  Subscription,6276588a-9234-41ee-a81c-7538ea3a817e,vm58-test-route-als-web02_osdisk_1_2b08909888dc42bcac2b1fe2be4a08b2,/subscriptions/6276588a-9234-41ee-a81c-7538ea3a817e/resourcegroups/rg_test_route_als/providers/microsoft.compute/disks/vm58-test-route-als-web02_osdisk_1_2b08909888dc42bcac2b1fe2be4a08b2,Disk,US East,[],5.867931357,5.867931357,USD
rg_test_route_als,/subscriptions/6276588a-9234-41ee-a81c-7538ea3a817e/resourcegroups/rg_test_route_als,KioSoft Globalazure  Subscription,6276588a-9234-41ee-a81c-7538ea3a817e,vm57-test-route-als-web01_osdisk_1_7f41ea7e98b84410bfe318d323cb3c65,/subscriptions/6276588a-9234-41ee-a81c-7538ea3a817e/resourcegroups/rg_test_route_als/providers/microsoft.compute/disks/vm57-test-route-als-web01_osdisk_1_7f41ea7e98b84410bfe318d323cb3c65,Disk,US East,[],5.799863502,5.799863502,USD
rg_test_route_als,/subscriptions/6276588a-9234-41ee-a81c-7538ea3a817e/resourcegroups/rg_test_route_als,KioSoft Globalazure  Subscription,6276588a-9234-41ee-a81c-7538ea3a817e,loadbalance,/subscriptions/6276588a-9234-41ee-a81c-7538ea3a817e/resourcegroups/rg_test_route_als/providers/microsoft.network/publicipaddresses/loadbalance,Public IP address,US East,[],3.720198896,3.720198896,USD
rg_test_route_als,/subscriptions/6276588a-9234-41ee-a81c-7538ea3a817e/resourcegroups/rg_test_route_als,KioSoft Globalazure  Subscription,6276588a-9234-41ee-a81c-7538ea3a817e,vm57-test-route-als-web01-ip,/subscriptions/6276588a-9234-41ee-a81c-7538ea3a817e/resourcegroups/rg_test_route_als/providers/microsoft.network/publicipaddresses/vm57-test-route-als-web01-ip,Public IP address,US East,[],3.720198896,3.720198896,USD
rg_test_route_als,/subscriptions/6276588a-9234-41ee-a81c-7538ea3a817e/resourcegroups/rg_test_route_als,KioSoft Globalazure  Subscription,6276588a-9234-41ee-a81c-7538ea3a817e,vm58-test-route-als-web02-ip,/subscriptions/6276588a-9234-41ee-a81c-7538ea3a817e/resourcegroups/rg_test_route_als/providers/microsoft.network/publicipaddresses/vm58-test-route-als-web02-ip,Public IP address,US East,[],3.720198896,3.720198896,USD
rg_test_route_als,/subscriptions/6276588a-9234-41ee-a81c-7538ea3a817e/resourcegroups/rg_test_route_als,KioSoft Globalazure  Subscription,6276588a-9234-41ee-a81c-7538ea3a817e,test1,/subscriptions/6276588a-9234-41ee-a81c-7538ea3a817e/resourcegroups/rg_test_route_als/providers/microsoft.insights/metricalerts/test1,microsoft.insights/metricalerts,Unknown,[],0.095838135,0.095838135,USD
rg53-automated_testing_platform,/subscriptions/6276588a-9234-41ee-a81c-7538ea3a817e/resourcegroups/rg53-automated_testing_platform,KioSoft Globalazure  Subscription,6276588a-9234-41ee-a81c-7538ea3a817e,vm126-automated-testing-platform,/subscriptions/6276588a-9234-41ee-a81c-7538ea3a817e/resourcegroups/rg53-automated_testing_platform/providers/microsoft.compute/virtualmachines/vm126-automated-testing-platform,Virtual machine,US East,"[""\""environment\"":\""production\"""",""\""squad\"":\""qa\"""",""\""publisher\"":\""canonical\"""",""\""product\"":\""automated-platform\""""]",58.14607988,58.14607988,USD
rg53-automated_testing_platform,/subscriptions/6276588a-9234-41ee-a81c-7538ea3a817e/resourcegroups/rg53-automated_testing_platform,KioSoft Globalazure  Subscription,6276588a-9234-41ee-a81c-7538ea3a817e,vm126-automated-testing-platform_osdisk_1_ffd07256ddcf488980faed125034b72b,/subscriptions/6276588a-9234-41ee-a81c-7538ea3a817e/resourcegroups/rg53-automated_testing_platform/providers/microsoft.compute/disks/vm126-automated-testing-platform_osdisk_1_ffd07256ddcf488980faed125034b72b,Disk,US East,[],20.13962042,20.13962042,USD
rg53-automated_testing_platform,/subscriptions/6276588a-9234-41ee-a81c-7538ea3a817e/resourcegroups/rg53-automated_testing_platform,KioSoft Globalazure  Subscription,6276588a-9234-41ee-a81c-7538ea3a817e,pip157-vm126-automated-testing-platform,/subscriptions/6276588a-9234-41ee-a81c-7538ea3a817e/resourcegroups/rg53-automated_testing_platform/providers/microsoft.network/publicipaddresses/pip157-vm126-automated-testing-platform,Public IP address,US East,[],3.720198896,3.720198896,USD
rg49-test-kiopos,/subscriptions/6276588a-9234-41ee-a81c-7538ea3a817e/resourcegroups/rg49-test-kiopos,KioSoft Globalazure  Subscription,6276588a-9234-41ee-a81c-7538ea3a817e,vm71-test-kiopos-soft01_osdisk_1_b1c9c0a43ad14e66a5ded5a1da484c77,/subscriptions/6276588a-9234-41ee-a81c-7538ea3a817e/resourcegroups/rg49-test-kiopos/providers/microsoft.compute/disks/vm71-test-kiopos-soft01_osdisk_1_b1c9c0a43ad14e66a5ded5a1da484c77,Disk,US East,[],20.97149475,20.97149475,USD
rg49-test-kiopos,/subscriptions/6276588a-9234-41ee-a81c-7538ea3a817e/resourcegroups/rg49-test-kiopos,KioSoft Globalazure  Subscription,6276588a-9234-41ee-a81c-7538ea3a817e,vm72-test-kiopos-web01_osdisk_1_1a7f2bed3d8c43359921c3e41b45a926,/subscriptions/6276588a-9234-41ee-a81c-7538ea3a817e/resourcegroups/rg49-test-kiopos/providers/microsoft.compute/disks/vm72-test-kiopos-web01_osdisk_1_1a7f2bed3d8c43359921c3e41b45a926,Disk,US East,[],20.66240689,20.66240689,USD
rg49-test-kiopos,/subscriptions/6276588a-9234-41ee-a81c-7538ea3a817e/resourcegroups/rg49-test-kiopos,KioSoft Globalazure  Subscription,6276588a-9234-41ee-a81c-7538ea3a817e,vm72-test-kiopos-web01,/subscriptions/6276588a-9234-41ee-a81c-7538ea3a817e/resourcegroups/rg49-test-kiopos/providers/microsoft.compute/virtualmachines/vm72-test-kiopos-web01,Virtual machine,"US East, Intercontinental","[""\""environment\"":\""qa\"""",""\""squad\"":\""phoenix\"""",""\""publisher\"":\""openlogic\"""",""\""product\"":\""test - kiopos web01\""""]",14.96092973,14.96092973,USD
rg49-test-kiopos,/subscriptions/6276588a-9234-41ee-a81c-7538ea3a817e/resourcegroups/rg49-test-kiopos,KioSoft Globalazure  Subscription,6276588a-9234-41ee-a81c-7538ea3a817e,vm71-test-kiopos-soft01,/subscriptions/6276588a-9234-41ee-a81c-7538ea3a817e/resourcegroups/rg49-test-kiopos/providers/microsoft.compute/virtualmachines/vm71-test-kiopos-soft01,Virtual machine,US East,"[""\""environment\"":\""qa\"""",""\""squad\"":\""phoenix\"""",""\""publisher\"":\""openlogic\"""",""\""product\"":\""test - kiopos soft01\""""]",14.88949335,14.88949335,USD
rg49-test-kiopos,/subscriptions/6276588a-9234-41ee-a81c-7538ea3a817e/resourcegroups/rg49-test-kiopos,KioSoft Globalazure  Subscription,6276588a-9234-41ee-a81c-7538ea3a817e,pip106-test-kiopos-soft01,/subscriptions/6276588a-9234-41ee-a81c-7538ea3a817e/resourcegroups/rg49-test-kiopos/providers/microsoft.network/publicipaddresses/pip106-test-kiopos-soft01,Public IP address,US East,[],3.720198896,3.720198896,USD
rg49-test-kiopos,/subscriptions/6276588a-9234-41ee-a81c-7538ea3a817e/resourcegroups/rg49-test-kiopos,KioSoft Globalazure  Subscription,6276588a-9234-41ee-a81c-7538ea3a817e,pip107-test-kiopos-web01,/subscriptions/6276588a-9234-41ee-a81c-7538ea3a817e/resourcegroups/rg49-test-kiopos/providers/microsoft.network/publicipaddresses/pip107-test-kiopos-web01,Public IP address,US East,[],3.720198896,3.720198896,USD
rg49-test-kiopos,/subscriptions/6276588a-9234-41ee-a81c-7538ea3a817e/resourcegroups/rg49-test-kiopos,KioSoft Globalazure  Subscription,6276588a-9234-41ee-a81c-7538ea3a817e,vm94stagekioposweb01-osdisk-20231025-092420,/subscriptions/6276588a-9234-41ee-a81c-7538ea3a817e/resourcegroups/rg49-test-kiopos/providers/microsoft.compute/disks/vm94stagekioposweb01-osdisk-20231025-092420,Disk,US East,"[""\""rsvaultbackup\"":\""94abb6fd-4a89-4e77-8074-a461be7fdb24\""""]",0.904834231,0.904834231,USD
rg49-test-kiopos,/subscriptions/6276588a-9234-41ee-a81c-7538ea3a817e/resourcegroups/rg49-test-kiopos,KioSoft Globalazure  Subscription,6276588a-9234-41ee-a81c-7538ea3a817e,vm93stagekiopossoft01-osdisk-20231025-094437,/subscriptions/6276588a-9234-41ee-a81c-7538ea3a817e/resourcegroups/rg49-test-kiopos/providers/microsoft.compute/disks/vm93stagekiopossoft01-osdisk-20231025-094437,Disk,US East,"[""\""rsvaultbackup\"":\""9f41e144-93b9-4966-9caa-7d90b38b671a\""""]",0.877478433,0.877478433,USD
rg49-test-kiopos,/subscriptions/6276588a-9234-41ee-a81c-7538ea3a817e/resourcegroups/rg49-test-kiopos,KioSoft Globalazure  Subscription,6276588a-9234-41ee-a81c-7538ea3a817e,sa19testkiopos,/subscriptions/6276588a-9234-41ee-a81c-7538ea3a817e/resourcegroups/rg49-test-kiopos/providers/microsoft.storage/storageaccounts/sa19testkiopos,Storage account,US East,[],0.304730984,0.304730984,USD
rg49-test-kiopos,/subscriptions/6276588a-9234-41ee-a81c-7538ea3a817e/resourcegroups/rg49-test-kiopos,KioSoft Globalazure  Subscription,6276588a-9234-41ee-a81c-7538ea3a817e,pip128-vm93-stage-kiopos-soft01,/subscriptions/6276588a-9234-41ee-a81c-7538ea3a817e/resourcegroups/rg49-test-kiopos/providers/microsoft.network/publicipaddresses/pip128-vm93-stage-kiopos-soft01,Public IP address,US East,[],0.175246216,0.175246216,USD
rg49-test-kiopos,/subscriptions/6276588a-9234-41ee-a81c-7538ea3a817e/resourcegroups/rg49-test-kiopos,KioSoft Globalazure  Subscription,6276588a-9234-41ee-a81c-7538ea3a817e,pip129-vm94-stage-kiopos-web01,/subscriptions/6276588a-9234-41ee-a81c-7538ea3a817e/resourcegroups/rg49-test-kiopos/providers/microsoft.network/publicipaddresses/pip129-vm94-stage-kiopos-web01,Public IP address,US East,[],0.175246216,0.175246216,USD
rg49-test-kiopos,/subscriptions/6276588a-9234-41ee-a81c-7538ea3a817e/resourcegroups/rg49-test-kiopos,KioSoft Globalazure  Subscription,6276588a-9234-41ee-a81c-7538ea3a817e,vm93-stage-kiopos-soft01,/subscriptions/6276588a-9234-41ee-a81c-7538ea3a817e/resourcegroups/rg49-test-kiopos/providers/microsoft.compute/virtualmachines/vm93-stage-kiopos-soft01,Virtual machine,US East,"[""\""environment\"":\""stage\"""",""\""product\"":\""stage - kiopos soft01\"""",""\""squad\"":\""o&m\"""",""\""publisher\"":\""openlogic\""""]",0.120382204,0.120382204,USD
rg49-test-kiopos,/subscriptions/6276588a-9234-41ee-a81c-7538ea3a817e/resourcegroups/rg49-test-kiopos,KioSoft Globalazure  Subscription,6276588a-9234-41ee-a81c-7538ea3a817e,vm94-stage-kiopos-web01,/subscriptions/6276588a-9234-41ee-a81c-7538ea3a817e/resourcegroups/rg49-test-kiopos/providers/microsoft.compute/virtualmachines/vm94-stage-kiopos-web01,Virtual machine,US East,"[""\""environment\"":\""stage\"""",""\""squad\"":\""o&m\"""",""\""product\"":\""stage - kiopos web01\"""",""\""publisher\"":\""openlogic\""""]",0.120299187,0.120299187,USD
rg49-test-kiopos,/subscriptions/6276588a-9234-41ee-a81c-7538ea3a817e/resourcegroups/rg49-test-kiopos,KioSoft Globalazure  Subscription,6276588a-9234-41ee-a81c-7538ea3a817e,high cpu usage-mysql,/subscriptions/6276588a-9234-41ee-a81c-7538ea3a817e/resourcegroups/rg49-test-kiopos/providers/microsoft.insights/metricalerts/high cpu usage-mysql,microsoft.insights/metricalerts,Unknown,[],0.095838135,0.095838135,USD
rg49-test-kiopos,/subscriptions/6276588a-9234-41ee-a81c-7538ea3a817e/resourcegroups/rg49-test-kiopos,KioSoft Globalazure  Subscription,6276588a-9234-41ee-a81c-7538ea3a817e,high memory usage-mysql02-test-kiopos,/subscriptions/6276588a-9234-41ee-a81c-7538ea3a817e/resourcegroups/rg49-test-kiopos/providers/microsoft.insights/metricalerts/high memory usage-mysql02-test-kiopos,microsoft.insights/metricalerts,Unknown,[],0.095838135,0.095838135,USD
rg49-test-kiopos,/subscriptions/6276588a-9234-41ee-a81c-7538ea3a817e/resourcegroups/rg49-test-kiopos,KioSoft Globalazure  Subscription,6276588a-9234-41ee-a81c-7538ea3a817e,high storage usage-mysql02-test-kiopos,/subscriptions/6276588a-9234-41ee-a81c-7538ea3a817e/resourcegroups/rg49-test-kiopos/providers/microsoft.insights/metricalerts/high storage usage-mysql02-test-kiopos,microsoft.insights/metricalerts,Unknown,[],0.095838135,0.095838135,USD
rg55-prod-wazan,/subscriptions/6276588a-9234-41ee-a81c-7538ea3a817e/resourcegroups/rg55-prod-wazan,KioSoft Globalazure  Subscription,6276588a-9234-41ee-a81c-7538ea3a817e,vm136-prod-wazan-web01,/subscriptions/6276588a-9234-41ee-a81c-7538ea3a817e/resourcegroups/rg55-prod-wazan/providers/microsoft.compute/virtualmachines/vm136-prod-wazan-web01,Virtual machine,"US East, Intercontinental","[""\""environment\"":\""production\"""",""\""publisher\"":\""canonical\"""",""\""product\"":\""wazan-web01\""""]",57.39166124,57.39166124,USD
rg55-prod-wazan,/subscriptions/6276588a-9234-41ee-a81c-7538ea3a817e/resourcegroups/rg55-prod-wazan,KioSoft Globalazure  Subscription,6276588a-9234-41ee-a81c-7538ea3a817e,vm136-prod-wazan-web01_osdisk_1_75074322860c414f921c689d0224db50,/subscriptions/6276588a-9234-41ee-a81c-7538ea3a817e/resourcegroups/rg55-prod-wazan/providers/microsoft.compute/disks/vm136-prod-wazan-web01_osdisk_1_75074322860c414f921c689d0224db50,Disk,US East,[],20.11219877,20.11219877,USD
rg55-prod-wazan,/subscriptions/6276588a-9234-41ee-a81c-7538ea3a817e/resourcegroups/rg55-prod-wazan,KioSoft Globalazure  Subscription,6276588a-9234-41ee-a81c-7538ea3a817e,pip168-vm136-prod-wazan-web01,/subscriptions/6276588a-9234-41ee-a81c-7538ea3a817e/resourcegroups/rg55-prod-wazan/providers/microsoft.network/publicipaddresses/pip168-vm136-prod-wazan-web01,Public IP address,US East,[],3.720198896,3.720198896,USD
rg20005-prod-kiopos,/subscriptions/6276588a-9234-41ee-a81c-7538ea3a817e/resourcegroups/rg20005-prod-kiopos,KioSoft Globalazure  Subscription,6276588a-9234-41ee-a81c-7538ea3a817e,disk20016-prod-kiopos-web01,/subscriptions/6276588a-9234-41ee-a81c-7538ea3a817e/resourcegroups/rg20005-prod-kiopos/providers/microsoft.compute/disks/disk20016-prod-kiopos-web01,Disk,US East,"[""\""environment\"":\""prod\"""",""\""product\"":\""kiopos\""""]",20.13962042,20.13962042,USD
rg20005-prod-kiopos,/subscriptions/6276588a-9234-41ee-a81c-7538ea3a817e/resourcegroups/rg20005-prod-kiopos,KioSoft Globalazure  Subscription,6276588a-9234-41ee-a81c-7538ea3a817e,disk20017-prod-kiopos-soft01,/subscriptions/6276588a-9234-41ee-a81c-7538ea3a817e/resourcegroups/rg20005-prod-kiopos/providers/microsoft.compute/disks/disk20017-prod-kiopos-soft01,Disk,US East,"[""\""environment\"":\""prod\"""",""\""product\"":\""kiopos\""""]",20.13962042,20.13962042,USD
rg20005-prod-kiopos,/subscriptions/6276588a-9234-41ee-a81c-7538ea3a817e/resourcegroups/rg20005-prod-kiopos,KioSoft Globalazure  Subscription,6276588a-9234-41ee-a81c-7538ea3a817e,vm20012-prod-kiopos-web01,/subscriptions/6276588a-9234-41ee-a81c-7538ea3a817e/resourcegroups/rg20005-prod-kiopos/providers/microsoft.compute/virtualmachines/vm20012-prod-kiopos-web01,Virtual machine,US East,"[""\""environment\"":\""prod\"""",""\""product\"":\""kiopos\""""]",16.34250358,16.34250358,USD
rg20005-prod-kiopos,/subscriptions/6276588a-9234-41ee-a81c-7538ea3a817e/resourcegroups/rg20005-prod-kiopos,KioSoft Globalazure  Subscription,6276588a-9234-41ee-a81c-7538ea3a817e,vm20013-prod-kiopos-soft01,/subscriptions/6276588a-9234-41ee-a81c-7538ea3a817e/resourcegroups/rg20005-prod-kiopos/providers/microsoft.compute/virtualmachines/vm20013-prod-kiopos-soft01,Virtual machine,US East,"[""\""environment\"":\""prod\"""",""\""product\"":\""kiopos\""""]",14.86384959,14.86384959,USD
rg20005-prod-kiopos,/subscriptions/6276588a-9234-41ee-a81c-7538ea3a817e/resourcegroups/rg20005-prod-kiopos,KioSoft Globalazure  Subscription,6276588a-9234-41ee-a81c-7538ea3a817e,vm59-prod-kiopos-web01-ip,/subscriptions/6276588a-9234-41ee-a81c-7538ea3a817e/resourcegroups/rg20005-prod-kiopos/providers/microsoft.network/publicipaddresses/vm59-prod-kiopos-web01-ip,Public IP address,US East,[],3.720198896,3.720198896,USD
rg20005-prod-kiopos,/subscriptions/6276588a-9234-41ee-a81c-7538ea3a817e/resourcegroups/rg20005-prod-kiopos,KioSoft Globalazure  Subscription,6276588a-9234-41ee-a81c-7538ea3a817e,vm60-prod-kiopos-soft01-ip,/subscriptions/6276588a-9234-41ee-a81c-7538ea3a817e/resourcegroups/rg20005-prod-kiopos/providers/microsoft.network/publicipaddresses/vm60-prod-kiopos-soft01-ip,Public IP address,US East,[],3.720198896,3.720198896,USD
rg20005-prod-kiopos,/subscriptions/6276588a-9234-41ee-a81c-7538ea3a817e/resourcegroups/rg20005-prod-kiopos,KioSoft Globalazure  Subscription,6276588a-9234-41ee-a81c-7538ea3a817e,vm-cpu-memory-alert,/subscriptions/6276588a-9234-41ee-a81c-7538ea3a817e/resourcegroups/rg20005-prod-kiopos/providers/microsoft.insights/metricalerts/vm-cpu-memory-alert,microsoft.insights/metricalerts,Unknown,[],0.191416436,0.191416436,USD
rg10004-stage-kiocentral,/subscriptions/6276588a-9234-41ee-a81c-7538ea3a817e/resourcegroups/rg10004-stage-kiocentral,KioSoft Globalazure  Subscription,6276588a-9234-41ee-a81c-7538ea3a817e,disk10008-stage-market-single,/subscriptions/6276588a-9234-41ee-a81c-7538ea3a817e/resourcegroups/rg10004-stage-kiocentral/providers/microsoft.compute/disks/disk10008-stage-market-single,Disk,US East,"[""\""environment\"":\""stage\"""",""\""product\"":\""test - stage /retail/coffee\""""]",20.39165336,20.39165336,USD
rg10004-stage-kiocentral,/subscriptions/6276588a-9234-41ee-a81c-7538ea3a817e/resourcegroups/rg10004-stage-kiocentral,KioSoft Globalazure  Subscription,6276588a-9234-41ee-a81c-7538ea3a817e,vm10006-stage-market-single,/subscriptions/6276588a-9234-41ee-a81c-7538ea3a817e/resourcegroups/rg10004-stage-kiocentral/providers/microsoft.compute/virtualmachines/vm10006-stage-market-single,Virtual machine,"US East, Intercontinental","[""\""environment\"":\""stage\"""",""\""product\"":\""test - stage /retail/coffee\""""]",14.90503597,14.90503597,USD
rg10004-stage-kiocentral,/subscriptions/6276588a-9234-41ee-a81c-7538ea3a817e/resourcegroups/rg10004-stage-kiocentral,KioSoft Globalazure  Subscription,6276588a-9234-41ee-a81c-7538ea3a817e,vm10008-stage-market-web01,/subscriptions/6276588a-9234-41ee-a81c-7538ea3a817e/resourcegroups/rg10004-stage-kiocentral/providers/microsoft.compute/virtualmachines/vm10008-stage-market-web01,Virtual machine,US East,"[""\""environment\"":\""stage\"""",""\""product\"":\""test - stage retail\""""]",11.34601771,11.34601771,USD
rg10004-stage-kiocentral,/subscriptions/6276588a-9234-41ee-a81c-7538ea3a817e/resourcegroups/rg10004-stage-kiocentral,KioSoft Globalazure  Subscription,6276588a-9234-41ee-a81c-7538ea3a817e,vm10009-stage-market-web02,/subscriptions/6276588a-9234-41ee-a81c-7538ea3a817e/resourcegroups/rg10004-stage-kiocentral/providers/microsoft.compute/virtualmachines/vm10009-stage-market-web02,Virtual machine,"US East, Intercontinental","[""\""environment\"":\""stage\"""",""\""product\"":\""test - stage retail\""""]",11.02827823,11.02827823,USD
rg10004-stage-kiocentral,/subscriptions/6276588a-9234-41ee-a81c-7538ea3a817e/resourcegroups/rg10004-stage-kiocentral,KioSoft Globalazure  Subscription,6276588a-9234-41ee-a81c-7538ea3a817e,disk10010-stage-market-web01,/subscriptions/6276588a-9234-41ee-a81c-7538ea3a817e/resourcegroups/rg10004-stage-kiocentral/providers/microsoft.compute/disks/disk10010-stage-market-web01,Disk,US East,"[""\""environment\"":\""stage\"""",""\""product\"":\""test - stage retail\""""]",4.229871594,4.229871594,USD
rg10004-stage-kiocentral,/subscriptions/6276588a-9234-41ee-a81c-7538ea3a817e/resourcegroups/rg10004-stage-kiocentral,KioSoft Globalazure  Subscription,6276588a-9234-41ee-a81c-7538ea3a817e,disk10011-stage-market-web02,/subscriptions/6276588a-9234-41ee-a81c-7538ea3a817e/resourcegroups/rg10004-stage-kiocentral/providers/microsoft.compute/disks/disk10011-stage-market-web02,Disk,US East,"[""\""environment\"":\""stage\"""",""\""product\"":\""test - stage retail\""""]",4.129199421,4.129199421,USD
rg10004-stage-kiocentral,/subscriptions/6276588a-9234-41ee-a81c-7538ea3a817e/resourcegroups/rg10004-stage-kiocentral,KioSoft Globalazure  Subscription,6276588a-9234-41ee-a81c-7538ea3a817e,pip10006-stage-market-single,/subscriptions/6276588a-9234-41ee-a81c-7538ea3a817e/resourcegroups/rg10004-stage-kiocentral/providers/microsoft.network/publicipaddresses/pip10006-stage-market-single,Public IP address,US East,[],3.720198896,3.720198896,USD
rg10004-stage-kiocentral,/subscriptions/6276588a-9234-41ee-a81c-7538ea3a817e/resourcegroups/rg10004-stage-kiocentral,KioSoft Globalazure  Subscription,6276588a-9234-41ee-a81c-7538ea3a817e,pip10008-stage-market-web01,/subscriptions/6276588a-9234-41ee-a81c-7538ea3a817e/resourcegroups/rg10004-stage-kiocentral/providers/microsoft.network/publicipaddresses/pip10008-stage-market-web01,Public IP address,US East,[],2.830522537,2.830522537,USD
rg10004-stage-kiocentral,/subscriptions/6276588a-9234-41ee-a81c-7538ea3a817e/resourcegroups/rg10004-stage-kiocentral,KioSoft Globalazure  Subscription,6276588a-9234-41ee-a81c-7538ea3a817e,pip10009-stage-market-web02,/subscriptions/6276588a-9234-41ee-a81c-7538ea3a817e/resourcegroups/rg10004-stage-kiocentral/providers/microsoft.network/publicipaddresses/pip10009-stage-market-web02,Public IP address,US East,[],2.747988524,2.747988524,USD
rg10004-stage-kiocentral,/subscriptions/6276588a-9234-41ee-a81c-7538ea3a817e/resourcegroups/rg10004-stage-kiocentral,KioSoft Globalazure  Subscription,6276588a-9234-41ee-a81c-7538ea3a817e,vm10006-stage-market-single_cpu-memory-alert,/subscriptions/6276588a-9234-41ee-a81c-7538ea3a817e/resourcegroups/rg10004-stage-kiocentral/providers/microsoft.insights/metricalerts/vm10006-stage-market-single_cpu-memory-alert,microsoft.insights/metricalerts,Unknown,[],0.191545428,0.191545428,USD
rg10004-stage-kiocentral,/subscriptions/6276588a-9234-41ee-a81c-7538ea3a817e/resourcegroups/rg10004-stage-kiocentral,KioSoft Globalazure  Subscription,6276588a-9234-41ee-a81c-7538ea3a817e,vm10008-stage-market-web01_cpu-memory-alert,/subscriptions/6276588a-9234-41ee-a81c-7538ea3a817e/resourcegroups/rg10004-stage-kiocentral/providers/microsoft.insights/metricalerts/vm10008-stage-market-web01_cpu-memory-alert,microsoft.insights/metricalerts,Unknown,[],0.145495354,0.145495354,USD
rg10004-stage-kiocentral,/subscriptions/6276588a-9234-41ee-a81c-7538ea3a817e/resourcegroups/rg10004-stage-kiocentral,KioSoft Globalazure  Subscription,6276588a-9234-41ee-a81c-7538ea3a817e,vm10009-stage-market-web02_cpu-memory-alert,/subscriptions/6276588a-9234-41ee-a81c-7538ea3a817e/resourcegroups/rg10004-stage-kiocentral/providers/microsoft.insights/metricalerts/vm10009-stage-market-web02_cpu-memory-alert,microsoft.insights/metricalerts,Unknown,[],0.1416256,0.1416256,USD
rg9999-test-infrastructure,/subscriptions/6276588a-9234-41ee-a81c-7538ea3a817e/resourcegroups/rg9999-test-infrastructure,KioSoft Globalazure  Subscription,6276588a-9234-41ee-a81c-7538ea3a817e,vm20011prodpometheusbackup-osdisk-20250820-035004,/subscriptions/6276588a-9234-41ee-a81c-7538ea3a817e/resourcegroups/rg9999-test-infrastructure/providers/microsoft.compute/disks/vm20011prodpometheusbackup-osdisk-20250820-035004,Disk,US East,"[""\""rsvaultbackup\"":\""ffe2ba59-d5e9-441a-875e-c8df5747d55e\"""",""\""environment\"":\""production\"""",""\""product\"":\""prometheus\""""]",26.40797001,26.40797001,USD
rg9999-test-infrastructure,/subscriptions/6276588a-9234-41ee-a81c-7538ea3a817e/resourcegroups/rg9999-test-infrastructure,KioSoft Globalazure  Subscription,6276588a-9234-41ee-a81c-7538ea3a817e,snipe-it,/subscriptions/6276588a-9234-41ee-a81c-7538ea3a817e/resourcegroups/rg9999-test-infrastructure/providers/microsoft.compute/virtualmachines/snipe-it,Virtual machine,US East,[],14.88020422,14.88020422,USD
rg9999-test-infrastructure,/subscriptions/6276588a-9234-41ee-a81c-7538ea3a817e/resourcegroups/rg9999-test-infrastructure,KioSoft Globalazure  Subscription,6276588a-9234-41ee-a81c-7538ea3a817e,snipe-it_osdisk_1_b13ca6878cec4dbf9550fe81abb9fa39,/subscriptions/6276588a-9234-41ee-a81c-7538ea3a817e/resourcegroups/rg9999-test-infrastructure/providers/microsoft.compute/disks/snipe-it_osdisk_1_b13ca6878cec4dbf9550fe81abb9fa39,Disk,US East,[],10.41296393,10.41296393,USD
rg9999-test-infrastructure,/subscriptions/6276588a-9234-41ee-a81c-7538ea3a817e/resourcegroups/rg9999-test-infrastructure,KioSoft Globalazure  Subscription,6276588a-9234-41ee-a81c-7538ea3a817e,vm20011-prod-pometheus-backup,/subscriptions/6276588a-9234-41ee-a81c-7538ea3a817e/resourcegroups/rg9999-test-infrastructure/providers/microsoft.compute/virtualmachines/vm20011-prod-pometheus-backup,Virtual machine,"US East, Intercontinental","[""\""environment\"":\""production\"""",""\""product\"":\""prometheus\""""]",8.092945469,8.092945469,USD
rg9999-test-infrastructure,/subscriptions/6276588a-9234-41ee-a81c-7538ea3a817e/resourcegroups/rg9999-test-infrastructure,KioSoft Globalazure  Subscription,6276588a-9234-41ee-a81c-7538ea3a817e,snipe-it-ip,/subscriptions/6276588a-9234-41ee-a81c-7538ea3a817e/resourcegroups/rg9999-test-infrastructure/providers/microsoft.network/publicipaddresses/snipe-it-ip,Public IP address,US East,[],3.720198896,3.720198896,USD
rg9999-test-infrastructure,/subscriptions/6276588a-9234-41ee-a81c-7538ea3a817e/resourcegroups/rg9999-test-infrastructure,KioSoft Globalazure  Subscription,6276588a-9234-41ee-a81c-7538ea3a817e,prometheus-backup,/subscriptions/6276588a-9234-41ee-a81c-7538ea3a817e/resourcegroups/rg9999-test-infrastructure/providers/microsoft.network/publicipaddresses/prometheus-backup,Public IP address,US East,[],2.553587719,2.553587719,USD
rg9999-test-infrastructure,/subscriptions/6276588a-9234-41ee-a81c-7538ea3a817e/resourcegroups/rg9999-test-infrastructure,KioSoft Globalazure  Subscription,6276588a-9234-41ee-a81c-7538ea3a817e,vm-cpu-memory-alert,/subscriptions/6276588a-9234-41ee-a81c-7538ea3a817e/resourcegroups/rg9999-test-infrastructure/providers/microsoft.insights/metricalerts/vm-cpu-memory-alert,microsoft.insights/metricalerts,Unknown,[],0.09583721,0.09583721,USD
rg57-prod-devops-infrastructure,/subscriptions/6276588a-9234-41ee-a81c-7538ea3a817e/resourcegroups/rg57-prod-devops-infrastructure,KioSoft Globalazure  Subscription,6276588a-9234-41ee-a81c-7538ea3a817e,vm140-prod-devops-ai_osdisk_1_83b9e79bcd134b239c4100f995f1c8cb,/subscriptions/6276588a-9234-41ee-a81c-7538ea3a817e/resourcegroups/rg57-prod-devops-infrastructure/providers/microsoft.compute/disks/vm140-prod-devops-ai_osdisk_1_83b9e79bcd134b239c4100f995f1c8cb,Disk,US East,[],38.83323151,38.83323151,USD
rg57-prod-devops-infrastructure,/subscriptions/6276588a-9234-41ee-a81c-7538ea3a817e/resourcegroups/rg57-prod-devops-infrastructure,KioSoft Globalazure  Subscription,6276588a-9234-41ee-a81c-7538ea3a817e,vm140-prod-devops-ai,/subscriptions/6276588a-9234-41ee-a81c-7538ea3a817e/resourcegroups/rg57-prod-devops-infrastructure/providers/microsoft.compute/virtualmachines/vm140-prod-devops-ai,Virtual machine,"US East, Intercontinental","[""\""environment\"":\""production\"""",""\""publisher\"":\""canonical\"""",""\""product\"":\""devops-ai\""""]",16.26284855,16.26284855,USD
rg57-prod-devops-infrastructure,/subscriptions/6276588a-9234-41ee-a81c-7538ea3a817e/resourcegroups/rg57-prod-devops-infrastructure,KioSoft Globalazure  Subscription,6276588a-9234-41ee-a81c-7538ea3a817e,pip170-vm140-prod-devops-ai,/subscriptions/6276588a-9234-41ee-a81c-7538ea3a817e/resourcegroups/rg57-prod-devops-infrastructure/providers/microsoft.network/publicipaddresses/pip170-vm140-prod-devops-ai,Public IP address,US East,[],3.720198896,3.720198896,USD
rg9997-test-devops-infrastructure,/subscriptions/6276588a-9234-41ee-a81c-7538ea3a817e/resourcegroups/rg9997-test-devops-infrastructure,KioSoft Globalazure  Subscription,6276588a-9234-41ee-a81c-7538ea3a817e,seatunnel-cluster-test1,/subscriptions/6276588a-9234-41ee-a81c-7538ea3a817e/resourcegroups/rg9997-test-devops-infrastructure/providers/microsoft.compute/virtualmachines/seatunnel-cluster-test1,Virtual machine,US East,"[""\""environment\"":\""test\"""",""\""product\"":\""seatunnel\""""]",31.75152803,31.75152803,USD
rg9997-test-devops-infrastructure,/subscriptions/6276588a-9234-41ee-a81c-7538ea3a817e/resourcegroups/rg9997-test-devops-infrastructure,KioSoft Globalazure  Subscription,6276588a-9234-41ee-a81c-7538ea3a817e,seatunnel-cluster-test1,/subscriptions/6276588a-9234-41ee-a81c-7538ea3a817e/resourcegroups/rg9997-test-devops-infrastructure/providers/microsoft.compute/disks/seatunnel-cluster-test1,Disk,US East,"[""\""environment\"":\""test\"""",""\""product\"":\""seatunnel\""""]",21.55558981,21.55558981,USD
rg9997-test-devops-infrastructure,/subscriptions/6276588a-9234-41ee-a81c-7538ea3a817e/resourcegroups/rg9997-test-devops-infrastructure,KioSoft Globalazure  Subscription,6276588a-9234-41ee-a81c-7538ea3a817e,seatunnel-cluster-test1,/subscriptions/6276588a-9234-41ee-a81c-7538ea3a817e/resourcegroups/rg9997-test-devops-infrastructure/providers/microsoft.network/publicipaddresses/seatunnel-cluster-test1,Public IP address,US East,[],3.720198896,3.720198896,USD
rg9997-test-devops-infrastructure,/subscriptions/6276588a-9234-41ee-a81c-7538ea3a817e/resourcegroups/rg9997-test-devops-infrastructure,KioSoft Globalazure  Subscription,6276588a-9234-41ee-a81c-7538ea3a817e,cpu usage percentage - aks-test,/subscriptions/6276588a-9234-41ee-a81c-7538ea3a817e/resourcegroups/rg9997-test-devops-infrastructure/providers/microsoft.insights/metricalerts/cpu usage percentage - aks-test,microsoft.insights/metricalerts,Unknown,[],0.095838135,0.095838135,USD
rg9997-test-devops-infrastructure,/subscriptions/6276588a-9234-41ee-a81c-7538ea3a817e/resourcegroups/rg9997-test-devops-infrastructure,KioSoft Globalazure  Subscription,6276588a-9234-41ee-a81c-7538ea3a817e,memory working set percentage - aks-test,/subscriptions/6276588a-9234-41ee-a81c-7538ea3a817e/resourcegroups/rg9997-test-devops-infrastructure/providers/microsoft.insights/metricalerts/memory working set percentage - aks-test,microsoft.insights/metricalerts,Unknown,[],0.095838135,0.095838135,USD
rg9997-test-devops-infrastructure,/subscriptions/6276588a-9234-41ee-a81c-7538ea3a817e/resourcegroups/rg9997-test-devops-infrastructure,KioSoft Globalazure  Subscription,6276588a-9234-41ee-a81c-7538ea3a817e,myosdisk2,/subscriptions/6276588a-9234-41ee-a81c-7538ea3a817e/resourcegroups/rg9997-test-devops-infrastructure/providers/microsoft.compute/disks/myosdisk2,Disk,US East,"[""\""environment\"":\""test\"""",""\""product\"":\""web-server\""""]",0.02728346,0.02728346,USD
rg9997-test-devops-infrastructure,/subscriptions/6276588a-9234-41ee-a81c-7538ea3a817e/resourcegroups/rg9997-test-devops-infrastructure,KioSoft Globalazure  Subscription,6276588a-9234-41ee-a81c-7538ea3a817e,terraform_vm2,/subscriptions/6276588a-9234-41ee-a81c-7538ea3a817e/resourcegroups/rg9997-test-devops-infrastructure/providers/microsoft.compute/virtualmachines/terraform_vm2,Virtual machine,US East,"[""\""environment\"":\""test\"""",""\""product\"":\""web-server\""""]",0.020032832,0.020032832,USD
rg9997-test-devops-infrastructure,/subscriptions/6276588a-9234-41ee-a81c-7538ea3a817e/resourcegroups/rg9997-test-devops-infrastructure,KioSoft Globalazure  Subscription,6276588a-9234-41ee-a81c-7538ea3a817e,mypublicip2,/subscriptions/6276588a-9234-41ee-a81c-7538ea3a817e/resourcegroups/rg9997-test-devops-infrastructure/providers/microsoft.network/publicipaddresses/mypublicip2,Public IP address,US East,[],0.00758983,0.00758983,USD
rg9997-test-devops-infrastructure,/subscriptions/6276588a-9234-41ee-a81c-7538ea3a817e/resourcegroups/rg9997-test-devops-infrastructure,KioSoft Globalazure  Subscription,6276588a-9234-41ee-a81c-7538ea3a817e,datadisk_test1,/subscriptions/6276588a-9234-41ee-a81c-7538ea3a817e/resourcegroups/rg9997-test-devops-infrastructure/providers/microsoft.compute/disks/datadisk_test1,Disk,US East,[],0.005128641,0.005128641,USD
rg9997-test-devops-infrastructure,/subscriptions/6276588a-9234-41ee-a81c-7538ea3a817e/resourcegroups/rg9997-test-devops-infrastructure,KioSoft Globalazure  Subscription,6276588a-9234-41ee-a81c-7538ea3a817e,scsharetest,/subscriptions/6276588a-9234-41ee-a81c-7538ea3a817e/resourcegroups/rg9997-test-devops-infrastructure/providers/microsoft.storage/storageaccounts/scsharetest,Storage account,US East,[],0.001400981,0.001400981,USD
rg9997-test-devops-infrastructure,/subscriptions/6276588a-9234-41ee-a81c-7538ea3a817e/resourcegroups/rg9997-test-devops-infrastructure,KioSoft Globalazure  Subscription,6276588a-9234-41ee-a81c-7538ea3a817e,terraformstatsfile,/subscriptions/6276588a-9234-41ee-a81c-7538ea3a817e/resourcegroups/rg9997-test-devops-infrastructure/providers/microsoft.storage/storageaccounts/terraformstatsfile,Storage account,US East,"[""\""environment\"":\""staging\""""]",0.000792256,0.000792256,USD
rg20006-prod-integration,/subscriptions/6276588a-9234-41ee-a81c-7538ea3a817e/resourcegroups/rg20006-prod-integration,KioSoft Globalazure  Subscription,6276588a-9234-41ee-a81c-7538ea3a817e,disk20018-prod-integration-web01-os,/subscriptions/6276588a-9234-41ee-a81c-7538ea3a817e/resourcegroups/rg20006-prod-integration/providers/microsoft.compute/disks/disk20018-prod-integration-web01-os,Disk,US Central,"[""\""environment\"":\""prod\"""",""\""product\"":\""integration\""""]",20.13255072,20.13255072,USD
rg20006-prod-integration,/subscriptions/6276588a-9234-41ee-a81c-7538ea3a817e/resourcegroups/rg20006-prod-integration,KioSoft Globalazure  Subscription,6276588a-9234-41ee-a81c-7538ea3a817e,vm20014-prod-integration-web01,/subscriptions/6276588a-9234-41ee-a81c-7538ea3a817e/resourcegroups/rg20006-prod-integration/providers/microsoft.compute/virtualmachines/vm20014-prod-integration-web01,Virtual machine,"US Central, Intercontinental","[""\""environment\"":\""prod\"""",""\""product\"":\""integration\""""]",16.62783211,16.62783211,USD
rg20006-prod-integration,/subscriptions/6276588a-9234-41ee-a81c-7538ea3a817e/resourcegroups/rg20006-prod-integration,KioSoft Globalazure  Subscription,6276588a-9234-41ee-a81c-7538ea3a817e,prod-integrationserver-ip,/subscriptions/6276588a-9234-41ee-a81c-7538ea3a817e/resourcegroups/rg20006-prod-integration/providers/microsoft.network/publicipaddresses/prod-integrationserver-ip,Public IP address,US Central,"[""\""environment\"":\""production\"""",""\""product\"":\""retail\"""",""\""subproduct\"":\""integration\"""",""\""pointofcontact\"":\""om@techtrex.com\""""]",3.715198841,3.715198841,USD
rg20006-prod-integration,/subscriptions/6276588a-9234-41ee-a81c-7538ea3a817e/resourcegroups/rg20006-prod-integration,KioSoft Globalazure  Subscription,6276588a-9234-41ee-a81c-7538ea3a817e,vm20014-prod-integration-web01_cpu-memory-alert,/subscriptions/6276588a-9234-41ee-a81c-7538ea3a817e/resourcegroups/rg20006-prod-integration/providers/microsoft.insights/metricalerts/vm20014-prod-integration-web01_cpu-memory-alert,microsoft.insights/metricalerts,Unknown,[],0.191289294,0.191289294,USD
production,/subscriptions/6276588a-9234-41ee-a81c-7538ea3a817e/resourcegroups/production,KioSoft Globalazure  Subscription,6276588a-9234-41ee-a81c-7538ea3a817e,prod-mqtt-coffee_osdisk_1_747e1c7aa6e54ec1b5f8196f647640b5,/subscriptions/6276588a-9234-41ee-a81c-7538ea3a817e/resourcegroups/production/providers/microsoft.compute/disks/prod-mqtt-coffee_osdisk_1_747e1c7aa6e54ec1b5f8196f647640b5,Disk,US East,[],20.13962042,20.13962042,USD
production,/subscriptions/6276588a-9234-41ee-a81c-7538ea3a817e/resourcegroups/production,KioSoft Globalazure  Subscription,6276588a-9234-41ee-a81c-7538ea3a817e,prod-mqtt-coffee,/subscriptions/6276588a-9234-41ee-a81c-7538ea3a817e/resourcegroups/production/providers/microsoft.compute/virtualmachines/prod-mqtt-coffee,Virtual machine,"US East, Intercontinental","[""\""environment\"":\""production\"""",""\""publisher\"":\""canonical\"""",""\""product\"":\""market - coffee - mqtt\""""]",14.8925329,14.8925329,USD
production,/subscriptions/6276588a-9234-41ee-a81c-7538ea3a817e/resourcegroups/production,KioSoft Globalazure  Subscription,6276588a-9234-41ee-a81c-7538ea3a817e,prod-mqtt-coffee-ip,/subscriptions/6276588a-9234-41ee-a81c-7538ea3a817e/resourcegroups/production/providers/microsoft.network/publicipaddresses/prod-mqtt-coffee-ip,Public IP address,US East,[],3.720198896,3.720198896,USD
production,/subscriptions/6276588a-9234-41ee-a81c-7538ea3a817e/resourcegroups/production,KioSoft Globalazure  Subscription,6276588a-9234-41ee-a81c-7538ea3a817e,high cpu usage-mqtt-coffee,/subscriptions/6276588a-9234-41ee-a81c-7538ea3a817e/resourcegroups/production/providers/microsoft.insights/metricalerts/high cpu usage-mqtt-coffee,microsoft.insights/metricalerts,Unknown,[],0.09583721,0.09583721,USD
production,/subscriptions/6276588a-9234-41ee-a81c-7538ea3a817e/resourcegroups/production,KioSoft Globalazure  Subscription,6276588a-9234-41ee-a81c-7538ea3a817e,high mem usage-mqtt-coffee,/subscriptions/6276588a-9234-41ee-a81c-7538ea3a817e/resourcegroups/production/providers/microsoft.insights/metricalerts/high mem usage-mqtt-coffee,microsoft.insights/metricalerts,Unknown,[],0.09583721,0.09583721,USD
ttideploy,/subscriptions/6276588a-9234-41ee-a81c-7538ea3a817e/resourcegroups/ttideploy,KioSoft Globalazure  Subscription,6276588a-9234-41ee-a81c-7538ea3a817e,ttideployment-osdisk-20230807-055519,/subscriptions/6276588a-9234-41ee-a81c-7538ea3a817e/resourcegroups/ttideploy/providers/microsoft.compute/disks/ttideployment-osdisk-20230807-055519,Disk,US East,"[""\""rsvaultbackup\"":\""eea39dd8-8c86-4d36-ab9f-098a0748ac78\""""]",20.13962042,20.13962042,USD
ttideploy,/subscriptions/6276588a-9234-41ee-a81c-7538ea3a817e/resourcegroups/ttideploy,KioSoft Globalazure  Subscription,6276588a-9234-41ee-a81c-7538ea3a817e,ttideployment,/subscriptions/6276588a-9234-41ee-a81c-7538ea3a817e/resourcegroups/ttideploy/providers/microsoft.compute/virtualmachines/ttideployment,Virtual machine,US East,"[""\""environment\"":\""production\"""",""\""publisher\"":\""openlogic\"""",""\""product\"":\""om - jenkins prod\""""]",14.889056,14.889056,USD
ttideploy,/subscriptions/6276588a-9234-41ee-a81c-7538ea3a817e/resourcegroups/ttideploy,KioSoft Globalazure  Subscription,6276588a-9234-41ee-a81c-7538ea3a817e,ttideployment-ip,/subscriptions/6276588a-9234-41ee-a81c-7538ea3a817e/resourcegroups/ttideploy/providers/microsoft.network/publicipaddresses/ttideployment-ip,Public IP address,US East,[],3.720198896,3.720198896,USD
ttideploy,/subscriptions/6276588a-9234-41ee-a81c-7538ea3a817e/resourcegroups/ttideploy,KioSoft Globalazure  Subscription,6276588a-9234-41ee-a81c-7538ea3a817e,high cpu usage-ttideployment,/subscriptions/6276588a-9234-41ee-a81c-7538ea3a817e/resourcegroups/ttideploy/providers/microsoft.insights/metricalerts/high cpu usage-ttideployment,microsoft.insights/metricalerts,Unknown,[],0.095838135,0.095838135,USD
ttideploy,/subscriptions/6276588a-9234-41ee-a81c-7538ea3a817e/resourcegroups/ttideploy,KioSoft Globalazure  Subscription,6276588a-9234-41ee-a81c-7538ea3a817e,high mem usage-ttideployment,/subscriptions/6276588a-9234-41ee-a81c-7538ea3a817e/resourcegroups/ttideploy/providers/microsoft.insights/metricalerts/high mem usage-ttideployment,microsoft.insights/metricalerts,Unknown,[],0.095838135,0.095838135,USD
databricks-rg-kiodatabricks-63wh3jijrnppk,/subscriptions/6276588a-9234-41ee-a81c-7538ea3a817e/resourcegroups/databricks-rg-kiodatabricks-63wh3jijrnppk,KioSoft Globalazure  Subscription,6276588a-9234-41ee-a81c-7538ea3a817e,nat-gateway,/subscriptions/6276588a-9234-41ee-a81c-7538ea3a817e/resourcegroups/databricks-rg-kiodatabricks-63wh3jijrnppk/providers/microsoft.network/natgateways/nat-gateway,NAT gateway,US East,"[""\""application\"":\""databricks\"""",""\""databricks-environment\"":\""true\""""]",33.48221513,33.48221513,USD
databricks-rg-kiodatabricks-63wh3jijrnppk,/subscriptions/6276588a-9234-41ee-a81c-7538ea3a817e/resourcegroups/databricks-rg-kiodatabricks-63wh3jijrnppk,KioSoft Globalazure  Subscription,6276588a-9234-41ee-a81c-7538ea3a817e,nat-gw-public-ip,/subscriptions/6276588a-9234-41ee-a81c-7538ea3a817e/resourcegroups/databricks-rg-kiodatabricks-63wh3jijrnppk/providers/microsoft.network/publicipaddresses/nat-gw-public-ip,Public IP address,US East,"[""\""application\"":\""databricks\"""",""\""databricks-environment\"":\""true\""""]",3.720198896,3.720198896,USD
databricks-rg-kiodatabricks-63wh3jijrnppk,/subscriptions/6276588a-9234-41ee-a81c-7538ea3a817e/resourcegroups/databricks-rg-kiodatabricks-63wh3jijrnppk,KioSoft Globalazure  Subscription,6276588a-9234-41ee-a81c-7538ea3a817e,82a6a78971344addad285d2c1833c104,/subscriptions/6276588a-9234-41ee-a81c-7538ea3a817e/resourcegroups/databricks-rg-kiodatabricks-63wh3jijrnppk/providers/microsoft.compute/virtualmachines/82a6a78971344addad285d2c1833c104,Virtual machine,US East,"[""\""clusterid\"":\""0806-065053-74h1s9ku\"""",""\""clustername\"":\""gerald shi's cluster 2025-08-06 14:50:20\"""",""\""creator\"":\""geraldshi@techtrex.com\"""",""\""databricksenvironment\"":\""workerenv-3423063231707113\"""",""\""vendor\"":\""databricks\"""",""\""databricks-instance-name\"":\""82a6a78971344addad285d2c1833c104\"""",""\""management_service\"":\""instance_manager_service\"""",""\""resourceclass\"":\""singlenode\""""]",0.087294652,0.087294652,USD
databricks-rg-kiodatabricks-63wh3jijrnppk,/subscriptions/6276588a-9234-41ee-a81c-7538ea3a817e/resourcegroups/databricks-rg-kiodatabricks-63wh3jijrnppk,KioSoft Globalazure  Subscription,6276588a-9234-41ee-a81c-7538ea3a817e,cadeddacc94343899ddea2f0b37f6435,/subscriptions/6276588a-9234-41ee-a81c-7538ea3a817e/resourcegroups/databricks-rg-kiodatabricks-63wh3jijrnppk/providers/microsoft.compute/virtualmachines/cadeddacc94343899ddea2f0b37f6435,Virtual machine,US East,"[""\""clusterid\"":\""0806-065053-74h1s9ku\"""",""\""clustername\"":\""gerald shi's cluster 2025-08-06 14:50:20\"""",""\""creator\"":\""geraldshi@techtrex.com\"""",""\""databricksenvironment\"":\""workerenv-3423063231707113\"""",""\""vendor\"":\""databricks\"""",""\""databricks-instance-name\"":\""cadeddacc94343899ddea2f0b37f6435\"""",""\""management_service\"":\""instance_manager_service\"""",""\""resourceclass\"":\""singlenode\""""]",0.086451362,0.086451362,USD
databricks-rg-kiodatabricks-63wh3jijrnppk,/subscriptions/6276588a-9234-41ee-a81c-7538ea3a817e/resourcegroups/databricks-rg-kiodatabricks-63wh3jijrnppk,KioSoft Globalazure  Subscription,6276588a-9234-41ee-a81c-7538ea3a817e,e8959858a05b4c508f9071f6240f0676,/subscriptions/6276588a-9234-41ee-a81c-7538ea3a817e/resourcegroups/databricks-rg-kiodatabricks-63wh3jijrnppk/providers/microsoft.compute/virtualmachines/e8959858a05b4c508f9071f6240f0676,Virtual machine,US East,"[""\""clusterid\"":\""0806-065053-74h1s9ku\"""",""\""clustername\"":\""gerald shi's cluster 2025-08-06 14:50:20\"""",""\""creator\"":\""geraldshi@techtrex.com\"""",""\""databricksenvironment\"":\""workerenv-3423063231707113\"""",""\""vendor\"":\""databricks\"""",""\""databricks-instance-name\"":\""e8959858a05b4c508f9071f6240f0676\"""",""\""management_service\"":\""instance_manager_service\"""",""\""resourceclass\"":\""singlenode\""""]",0.086451015,0.086451015,USD
databricks-rg-kiodatabricks-63wh3jijrnppk,/subscriptions/6276588a-9234-41ee-a81c-7538ea3a817e/resourcegroups/databricks-rg-kiodatabricks-63wh3jijrnppk,KioSoft Globalazure  Subscription,6276588a-9234-41ee-a81c-7538ea3a817e,e8959858a05b4c508f9071f6240f0676-containerrootvolume,/subscriptions/6276588a-9234-41ee-a81c-7538ea3a817e/resourcegroups/databricks-rg-kiodatabricks-63wh3jijrnppk/providers/microsoft.compute/disks/e8959858a05b4c508f9071f6240f0676-containerrootvolume,Disk,US East,"[""\""clusterid\"":\""0806-065053-74h1s9ku\"""",""\""clustername\"":\""gerald shi's cluster 2025-08-06 14:50:20\"""",""\""creator\"":\""geraldshi@techtrex.com\"""",""\""databricksenvironment\"":\""workerenv-3423063231707113\"""",""\""vendor\"":\""databricks\"""",""\""databricks-instance-name\"":\""e8959858a05b4c508f9071f6240f0676\"""",""\""management_service\"":\""instance_manager_service\"""",""\""resourceclass\"":\""singlenode\""""]",0.016444741,0.016444741,USD
databricks-rg-kiodatabricks-63wh3jijrnppk,/subscriptions/6276588a-9234-41ee-a81c-7538ea3a817e/resourcegroups/databricks-rg-kiodatabricks-63wh3jijrnppk,KioSoft Globalazure  Subscription,6276588a-9234-41ee-a81c-7538ea3a817e,cadeddacc94343899ddea2f0b37f6435-containerrootvolume,/subscriptions/6276588a-9234-41ee-a81c-7538ea3a817e/resourcegroups/databricks-rg-kiodatabricks-63wh3jijrnppk/providers/microsoft.compute/disks/cadeddacc94343899ddea2f0b37f6435-containerrootvolume,Disk,US East,"[""\""clusterid\"":\""0806-065053-74h1s9ku\"""",""\""clustername\"":\""gerald shi's cluster 2025-08-06 14:50:20\"""",""\""creator\"":\""geraldshi@techtrex.com\"""",""\""databricksenvironment\"":\""workerenv-3423063231707113\"""",""\""vendor\"":\""databricks\"""",""\""databricks-instance-name\"":\""cadeddacc94343899ddea2f0b37f6435\"""",""\""management_service\"":\""instance_manager_service\"""",""\""resourceclass\"":\""singlenode\""""]",0.016064076,0.016064076,USD
databricks-rg-kiodatabricks-63wh3jijrnppk,/subscriptions/6276588a-9234-41ee-a81c-7538ea3a817e/resourcegroups/databricks-rg-kiodatabricks-63wh3jijrnppk,KioSoft Globalazure  Subscription,6276588a-9234-41ee-a81c-7538ea3a817e,82a6a78971344addad285d2c1833c104-containerrootvolume,/subscriptions/6276588a-9234-41ee-a81c-7538ea3a817e/resourcegroups/databricks-rg-kiodatabricks-63wh3jijrnppk/providers/microsoft.compute/disks/82a6a78971344addad285d2c1833c104-containerrootvolume,Disk,US East,"[""\""clusterid\"":\""0806-065053-74h1s9ku\"""",""\""clustername\"":\""gerald shi's cluster 2025-08-06 14:50:20\"""",""\""creator\"":\""geraldshi@techtrex.com\"""",""\""databricksenvironment\"":\""workerenv-3423063231707113\"""",""\""vendor\"":\""databricks\"""",""\""databricks-instance-name\"":\""82a6a78971344addad285d2c1833c104\"""",""\""management_service\"":\""instance_manager_service\"""",""\""resourceclass\"":\""singlenode\""""]",0.012638088,0.012638088,USD
databricks-rg-kiodatabricks-63wh3jijrnppk,/subscriptions/6276588a-9234-41ee-a81c-7538ea3a817e/resourcegroups/databricks-rg-kiodatabricks-63wh3jijrnppk,KioSoft Globalazure  Subscription,6276588a-9234-41ee-a81c-7538ea3a817e,e8959858a05b4c508f9071f6240f0676-0-scratchvolume,/subscriptions/6276588a-9234-41ee-a81c-7538ea3a817e/resourcegroups/databricks-rg-kiodatabricks-63wh3jijrnppk/providers/microsoft.compute/disks/e8959858a05b4c508f9071f6240f0676-0-scratchvolume,Disk,US East,"[""\""clusterid\"":\""0806-065053-74h1s9ku\"""",""\""clustername\"":\""gerald shi's cluster 2025-08-06 14:50:20\"""",""\""creator\"":\""geraldshi@techtrex.com\"""",""\""databricksenvironment\"":\""workerenv-3423063231707113\"""",""\""vendor\"":\""databricks\"""",""\""databricks-instance-name\"":\""e8959858a05b4c508f9071f6240f0676\"""",""\""management_service\"":\""instance_manager_service\"""",""\""resourceclass\"":\""singlenode\""""]",0.008508807,0.008508807,USD
databricks-rg-kiodatabricks-63wh3jijrnppk,/subscriptions/6276588a-9234-41ee-a81c-7538ea3a817e/resourcegroups/databricks-rg-kiodatabricks-63wh3jijrnppk,KioSoft Globalazure  Subscription,6276588a-9234-41ee-a81c-7538ea3a817e,cadeddacc94343899ddea2f0b37f6435-0-scratchvolume,/subscriptions/6276588a-9234-41ee-a81c-7538ea3a817e/resourcegroups/databricks-rg-kiodatabricks-63wh3jijrnppk/providers/microsoft.compute/disks/cadeddacc94343899ddea2f0b37f6435-0-scratchvolume,Disk,US East,"[""\""clusterid\"":\""0806-065053-74h1s9ku\"""",""\""clustername\"":\""gerald shi's cluster 2025-08-06 14:50:20\"""",""\""creator\"":\""geraldshi@techtrex.com\"""",""\""databricksenvironment\"":\""workerenv-3423063231707113\"""",""\""vendor\"":\""databricks\"""",""\""databricks-instance-name\"":\""cadeddacc94343899ddea2f0b37f6435\"""",""\""management_service\"":\""instance_manager_service\"""",""\""resourceclass\"":\""singlenode\""""]",0.008331129,0.008331129,USD
databricks-rg-kiodatabricks-63wh3jijrnppk,/subscriptions/6276588a-9234-41ee-a81c-7538ea3a817e/resourcegroups/databricks-rg-kiodatabricks-63wh3jijrnppk,KioSoft Globalazure  Subscription,6276588a-9234-41ee-a81c-7538ea3a817e,dbstoragemfwmlslycntz2,/subscriptions/6276588a-9234-41ee-a81c-7538ea3a817e/resourcegroups/databricks-rg-kiodatabricks-63wh3jijrnppk/providers/microsoft.storage/storageaccounts/dbstoragemfwmlslycntz2,Storage account,US East,"[""\""application\"":\""databricks\"""",""\""databricks-environment\"":\""true\""""]",0.006743117,0.006743117,USD
databricks-rg-kiodatabricks-63wh3jijrnppk,/subscriptions/6276588a-9234-41ee-a81c-7538ea3a817e/resourcegroups/databricks-rg-kiodatabricks-63wh3jijrnppk,KioSoft Globalazure  Subscription,6276588a-9234-41ee-a81c-7538ea3a817e,82a6a78971344addad285d2c1833c104-0-scratchvolume,/subscriptions/6276588a-9234-41ee-a81c-7538ea3a817e/resourcegroups/databricks-rg-kiodatabricks-63wh3jijrnppk/providers/microsoft.compute/disks/82a6a78971344addad285d2c1833c104-0-scratchvolume,Disk,US East,"[""\""clusterid\"":\""0806-065053-74h1s9ku\"""",""\""clustername\"":\""gerald shi's cluster 2025-08-06 14:50:20\"""",""\""creator\"":\""geraldshi@techtrex.com\"""",""\""databricksenvironment\"":\""workerenv-3423063231707113\"""",""\""vendor\"":\""databricks\"""",""\""databricks-instance-name\"":\""82a6a78971344addad285d2c1833c104\"""",""\""management_service\"":\""instance_manager_service\"""",""\""resourceclass\"":\""singlenode\""""]",0.006554348,0.006554348,USD
rg60-prod-kiocentraluk,/subscriptions/6276588a-9234-41ee-a81c-7538ea3a817e/resourcegroups/rg60-prod-kiocentraluk,KioSoft Globalazure  Subscription,6276588a-9234-41ee-a81c-7538ea3a817e,vm158-prod-kiocentraluk-web01-osdisk,/subscriptions/6276588a-9234-41ee-a81c-7538ea3a817e/resourcegroups/rg60-prod-kiocentraluk/providers/microsoft.compute/disks/vm158-prod-kiocentraluk-web01-osdisk,Disk,UK South,[],24.36309933,24.36309933,USD
rg60-prod-kiocentraluk,/subscriptions/6276588a-9234-41ee-a81c-7538ea3a817e/resourcegroups/rg60-prod-kiocentraluk,KioSoft Globalazure  Subscription,6276588a-9234-41ee-a81c-7538ea3a817e,mysql17-prod-kiocentraluk,/subscriptions/6276588a-9234-41ee-a81c-7538ea3a817e/resourcegroups/rg60-prod-kiocentraluk/providers/microsoft.dbformysql/flexibleservers/mysql17-prod-kiocentraluk,Azure Database for MySQL flexible server,UK South,"[""\""environment\"":\""production\"""",""\""db-size\"":\""general purpose, d2ads_v5, 2 vcores, 8 gib ram, 100 gib storage, 3200 iops\"""",""\""db-usage\"":\""kiocentral uk\""""]",6.408690307,6.408690307,USD
rg60-prod-kiocentraluk,/subscriptions/6276588a-9234-41ee-a81c-7538ea3a817e/resourcegroups/rg60-prod-kiocentraluk,KioSoft Globalazure  Subscription,6276588a-9234-41ee-a81c-7538ea3a817e,pip179-vm158-prod-kiocentraluk-web01,/subscriptions/6276588a-9234-41ee-a81c-7538ea3a817e/resourcegroups/rg60-prod-kiocentraluk/providers/microsoft.network/publicipaddresses/pip179-vm158-prod-kiocentraluk-web01,Public IP address,UK South,[],3.720205876,3.720205876,USD
rg60-prod-kiocentraluk,/subscriptions/6276588a-9234-41ee-a81c-7538ea3a817e/resourcegroups/rg60-prod-kiocentraluk,KioSoft Globalazure  Subscription,6276588a-9234-41ee-a81c-7538ea3a817e,[critical mysql online]-mysql17-prod-kiocentraluk,/subscriptions/6276588a-9234-41ee-a81c-7538ea3a817e/resourcegroups/rg60-prod-kiocentraluk/providers/microsoft.insights/metricalerts/[critical mysql online]-mysql17-prod-kiocentraluk,microsoft.insights/metricalerts,Unknown,[],0.089001569,0.089001569,USD
rg9998-test-bigdata-infrastructure,/subscriptions/6276588a-9234-41ee-a81c-7538ea3a817e/resourcegroups/rg9998-test-bigdata-infrastructure,KioSoft Globalazure  Subscription,6276588a-9234-41ee-a81c-7538ea3a817e,bigdata1datafactory,/subscriptions/6276588a-9234-41ee-a81c-7538ea3a817e/resourcegroups/rg9998-test-bigdata-infrastructure/providers/microsoft.datafactory/factories/bigdata1datafactory,Data factory (V2),US East,[],22.30460212,22.30460212,USD
rg9998-test-bigdata-infrastructure,/subscriptions/6276588a-9234-41ee-a81c-7538ea3a817e/resourcegroups/rg9998-test-bigdata-infrastructure,KioSoft Globalazure  Subscription,6276588a-9234-41ee-a81c-7538ea3a817e,bigdata1storageac,/subscriptions/6276588a-9234-41ee-a81c-7538ea3a817e/resourcegroups/rg9998-test-bigdata-infrastructure/providers/microsoft.storage/storageaccounts/bigdata1storageac,Storage account,US East,[],4.432695542,4.432695542,USD
rg9998-test-bigdata-infrastructure,/subscriptions/6276588a-9234-41ee-a81c-7538ea3a817e/resourcegroups/rg9998-test-bigdata-infrastructure,KioSoft Globalazure  Subscription,6276588a-9234-41ee-a81c-7538ea3a817e,elktestdatalake,/subscriptions/6276588a-9234-41ee-a81c-7538ea3a817e/resourcegroups/rg9998-test-bigdata-infrastructure/providers/microsoft.storage/storageaccounts/elktestdatalake,Storage account,US East,[],1.268510785,1.268510785,USD
rg9998-test-bigdata-infrastructure,/subscriptions/6276588a-9234-41ee-a81c-7538ea3a817e/resourcegroups/rg9998-test-bigdata-infrastructure,KioSoft Globalazure  Subscription,6276588a-9234-41ee-a81c-7538ea3a817e,kiodatabricks,/subscriptions/6276588a-9234-41ee-a81c-7538ea3a817e/resourcegroups/rg9998-test-bigdata-infrastructure/providers/microsoft.databricks/workspaces/kiodatabricks,Azure Databricks Service,US East,"[""\""clusterid\"":\""0806-065053-74h1s9ku\"""",""\""clustername\"":\""gerald shi's cluster 2025-08-06 14:50:20\"""",""\""creator\"":\""geraldshi@techtrex.com\"""",""\""vendor\"":\""databricks\"""",""\""billingoriginproduct\"":\""all_purpose\"""",""\""resourceclass\"":\""singlenode\""""]",0.28,0.28,USD
azurebackuprg_southcentralus_1,/subscriptions/6276588a-9234-41ee-a81c-7538ea3a817e/resourcegroups/azurebackuprg_southcentralus_1,KioSoft Globalazure  Subscription,6276588a-9234-41ee-a81c-7538ea3a817e,azurebackup_vm142-prod-latamcleanstore-web02_460229180565395657,/subscriptions/6276588a-9234-41ee-a81c-7538ea3a817e/resourcegroups/azurebackuprg_southcentralus_1/providers/microsoft.compute/restorepointcollections/azurebackup_vm142-prod-latamcleanstore-web02_460229180565395657,Restore Point Collection,US South Central,[],6.031646795,6.031646795,USD
azurebackuprg_southcentralus_1,/subscriptions/6276588a-9234-41ee-a81c-7538ea3a817e/resourcegroups/azurebackuprg_southcentralus_1,KioSoft Globalazure  Subscription,6276588a-9234-41ee-a81c-7538ea3a817e,azurebackup_vm122-prod-latamcleanstore-web01_460229179893883574,/subscriptions/6276588a-9234-41ee-a81c-7538ea3a817e/resourcegroups/azurebackuprg_southcentralus_1/providers/microsoft.compute/restorepointcollections/azurebackup_vm122-prod-latamcleanstore-web01_460229179893883574,Restore Point Collection,US South Central,[],6.023826723,6.023826723,USD
azurebackuprg_southcentralus_1,/subscriptions/6276588a-9234-41ee-a81c-7538ea3a817e/resourcegroups/azurebackuprg_southcentralus_1,KioSoft Globalazure  Subscription,6276588a-9234-41ee-a81c-7538ea3a817e,azurebackup_vm143-prod-latamcleanstore-web03_460229180905166998,/subscriptions/6276588a-9234-41ee-a81c-7538ea3a817e/resourcegroups/azurebackuprg_southcentralus_1/providers/microsoft.compute/restorepointcollections/azurebackup_vm143-prod-latamcleanstore-web03_460229180905166998,Restore Point Collection,US South Central,[],6.011801066,6.011801066,USD
azurebackuprg_southcentralus_1,/subscriptions/6276588a-9234-41ee-a81c-7538ea3a817e/resourcegroups/azurebackuprg_southcentralus_1,KioSoft Globalazure  Subscription,6276588a-9234-41ee-a81c-7538ea3a817e,azurebackup_vm20018-prod-latamcleanstore-web01_460229181087139705,/subscriptions/6276588a-9234-41ee-a81c-7538ea3a817e/resourcegroups/azurebackuprg_southcentralus_1/providers/microsoft.compute/restorepointcollections/azurebackup_vm20018-prod-latamcleanstore-web01_460229181087139705,Restore Point Collection,US South Central,[],0.56477908,0.56477908,USD
azurebackuprg_southcentralus_1,/subscriptions/6276588a-9234-41ee-a81c-7538ea3a817e/resourcegroups/azurebackuprg_southcentralus_1,KioSoft Globalazure  Subscription,6276588a-9234-41ee-a81c-7538ea3a817e,azurebackup_vm20019-prod-latamcleanstore-web02_460229179169971872,/subscriptions/6276588a-9234-41ee-a81c-7538ea3a817e/resourcegroups/azurebackuprg_southcentralus_1/providers/microsoft.compute/restorepointcollections/azurebackup_vm20019-prod-latamcleanstore-web02_460229179169971872,Restore Point Collection,US South Central,[],0.505013766,0.505013766,USD
azurebackuprg_southcentralus_1,/subscriptions/6276588a-9234-41ee-a81c-7538ea3a817e/resourcegroups/azurebackuprg_southcentralus_1,KioSoft Globalazure  Subscription,6276588a-9234-41ee-a81c-7538ea3a817e,azurebackup_vm20020-prod-latamcleanstore-web03_460229180512933154,/subscriptions/6276588a-9234-41ee-a81c-7538ea3a817e/resourcegroups/azurebackuprg_southcentralus_1/providers/microsoft.compute/restorepointcollections/azurebackup_vm20020-prod-latamcleanstore-web03_460229180512933154,Restore Point Collection,US South Central,[],0.478881699,0.478881699,USD
rg10003-test-datalake,/subscriptions/6276588a-9234-41ee-a81c-7538ea3a817e/resourcegroups/rg10003-test-datalake,KioSoft Globalazure  Subscription,6276588a-9234-41ee-a81c-7538ea3a817e,adf10000-test-datalake,/subscriptions/6276588a-9234-41ee-a81c-7538ea3a817e/resourcegroups/rg10003-test-datalake/providers/microsoft.datafactory/factories/adf10000-test-datalake,Data factory (V2),US East,[],14.84645914,14.84645914,USD
rg10003-test-datalake,/subscriptions/6276588a-9234-41ee-a81c-7538ea3a817e/resourcegroups/rg10003-test-datalake,KioSoft Globalazure  Subscription,6276588a-9234-41ee-a81c-7538ea3a817e,adls10000testdatalake,/subscriptions/6276588a-9234-41ee-a81c-7538ea3a817e/resourcegroups/rg10003-test-datalake/providers/microsoft.storage/storageaccounts/adls10000testdatalake,Storage account,US East,[],2.10392028,2.10392028,USD
rg10003-test-datalake,/subscriptions/6276588a-9234-41ee-a81c-7538ea3a817e/resourcegroups/rg10003-test-datalake,KioSoft Globalazure  Subscription,6276588a-9234-41ee-a81c-7538ea3a817e,datafactoryerror,/subscriptions/6276588a-9234-41ee-a81c-7538ea3a817e/resourcegroups/rg10003-test-datalake/providers/microsoft.insights/actiongroups/datafactoryerror,microsoft.insights/actiongroups,US West,[],6.16143E-06,6.16143E-06,USD
azurebackuprg_eastus2_1,/subscriptions/6276588a-9234-41ee-a81c-7538ea3a817e/resourcegroups/azurebackuprg_eastus2_1,KioSoft Globalazure  Subscription,6276588a-9234-41ee-a81c-7538ea3a817e,azurebackup_vm20005-prod-jumpserver_5414223954462998027,/subscriptions/6276588a-9234-41ee-a81c-7538ea3a817e/resourcegroups/azurebackuprg_eastus2_1/providers/microsoft.compute/restorepointcollections/azurebackup_vm20005-prod-jumpserver_5414223954462998027,Restore Point Collection,US East 2,[],5.109424109,5.109424109,USD
azurebackuprg_eastus2_1,/subscriptions/6276588a-9234-41ee-a81c-7538ea3a817e/resourcegroups/azurebackuprg_eastus2_1,KioSoft Globalazure  Subscription,6276588a-9234-41ee-a81c-7538ea3a817e,azurebackup_sutserver01_5414223955705124177,/subscriptions/6276588a-9234-41ee-a81c-7538ea3a817e/resourcegroups/azurebackuprg_eastus2_1/providers/microsoft.compute/restorepointcollections/azurebackup_sutserver01_5414223955705124177,Restore Point Collection,US East 2,[],3.094396301,3.094396301,USD
azurebackuprg_eastus2_1,/subscriptions/6276588a-9234-41ee-a81c-7538ea3a817e/resourcegroups/azurebackuprg_eastus2_1,KioSoft Globalazure  Subscription,6276588a-9234-41ee-a81c-7538ea3a817e,azurebackup_sutserver02_5414223954115939432,/subscriptions/6276588a-9234-41ee-a81c-7538ea3a817e/resourcegroups/azurebackuprg_eastus2_1/providers/microsoft.compute/restorepointcollections/azurebackup_sutserver02_5414223954115939432,Restore Point Collection,US East 2,[],0.881015857,0.881015857,USD
azurebackuprg_eastus2_1,/subscriptions/6276588a-9234-41ee-a81c-7538ea3a817e/resourcegroups/azurebackuprg_eastus2_1,KioSoft Globalazure  Subscription,6276588a-9234-41ee-a81c-7538ea3a817e,azurebackup_ks-fgt_5414223953941450345,/subscriptions/6276588a-9234-41ee-a81c-7538ea3a817e/resourcegroups/azurebackuprg_eastus2_1/providers/microsoft.compute/restorepointcollections/azurebackup_ks-fgt_5414223953941450345,Restore Point Collection,US East 2,[],0.169735954,0.169735954,USD
azurebackuprg_eastus2_1,/subscriptions/6276588a-9234-41ee-a81c-7538ea3a817e/resourcegroups/azurebackuprg_eastus2_1,KioSoft Globalazure  Subscription,6276588a-9234-41ee-a81c-7538ea3a817e,azurebackup_jy-test-ubuntu20_5414223955461370073,/subscriptions/6276588a-9234-41ee-a81c-7538ea3a817e/resourcegroups/azurebackuprg_eastus2_1/providers/microsoft.compute/restorepointcollections/azurebackup_jy-test-ubuntu20_5414223955461370073,Restore Point Collection,US East 2,[],0.012615263,0.012615263,USD
newwbserverscheme,/subscriptions/6276588a-9234-41ee-a81c-7538ea3a817e/resourcegroups/newwbserverscheme,KioSoft Globalazure  Subscription,6276588a-9234-41ee-a81c-7538ea3a817e,retail-loadbalance-stage-ip,/subscriptions/6276588a-9234-41ee-a81c-7538ea3a817e/resourcegroups/newwbserverscheme/providers/microsoft.network/publicipaddresses/retail-loadbalance-stage-ip,Public IP address,US East,[],3.720198896,3.720198896,USD
newwbserverscheme,/subscriptions/6276588a-9234-41ee-a81c-7538ea3a817e/resourcegroups/newwbserverscheme,KioSoft Globalazure  Subscription,6276588a-9234-41ee-a81c-7538ea3a817e,lbweb01-vm-cpu-high,/subscriptions/6276588a-9234-41ee-a81c-7538ea3a817e/resourcegroups/newwbserverscheme/providers/microsoft.insights/metricalerts/lbweb01-vm-cpu-high,microsoft.insights/metricalerts,Unknown,[],0.095838135,0.095838135,USD
azurebackuprg_centralus_1,/subscriptions/6276588a-9234-41ee-a81c-7538ea3a817e/resourcegroups/azurebackuprg_centralus_1,KioSoft Globalazure  Subscription,6276588a-9234-41ee-a81c-7538ea3a817e,azurebackup_vm20014-prod-integration-web01_35184734496430,/subscriptions/6276588a-9234-41ee-a81c-7538ea3a817e/resourcegroups/azurebackuprg_centralus_1/providers/microsoft.compute/restorepointcollections/azurebackup_vm20014-prod-integration-web01_35184734496430,Restore Point Collection,US Central,[],1.790399902,1.790399902,USD
azurebackuprg_centralus_1,/subscriptions/6276588a-9234-41ee-a81c-7538ea3a817e/resourcegroups/azurebackuprg_centralus_1,KioSoft Globalazure  Subscription,6276588a-9234-41ee-a81c-7538ea3a817e,azurebackup_prod-integrationserver_35184905005951,/subscriptions/6276588a-9234-41ee-a81c-7538ea3a817e/resourcegroups/azurebackuprg_centralus_1/providers/microsoft.compute/restorepointcollections/azurebackup_prod-integrationserver_35184905005951,Restore Point Collection,US Central,[],1.082331276,1.082331276,USD
azurebackuprg_centralus_1,/subscriptions/6276588a-9234-41ee-a81c-7538ea3a817e/resourcegroups/azurebackuprg_centralus_1,KioSoft Globalazure  Subscription,6276588a-9234-41ee-a81c-7538ea3a817e,azurebackup_tmsprod-oldtms1_35185633139871,/subscriptions/6276588a-9234-41ee-a81c-7538ea3a817e/resourcegroups/azurebackuprg_centralus_1/providers/microsoft.compute/restorepointcollections/azurebackup_tmsprod-oldtms1_35185633139871,Restore Point Collection,US Central,[],0.233688735,0.233688735,USD
azurebackuprg_uksouth_1,/subscriptions/6276588a-9234-41ee-a81c-7538ea3a817e/resourcegroups/azurebackuprg_uksouth_1,KioSoft Globalazure  Subscription,6276588a-9234-41ee-a81c-7538ea3a817e,azurebackup_vm158-prod-kiocentraluk-web01_351845567506023,/subscriptions/6276588a-9234-41ee-a81c-7538ea3a817e/resourcegroups/azurebackuprg_uksouth_1/providers/microsoft.compute/restorepointcollections/azurebackup_vm158-prod-kiocentraluk-web01_351845567506023,Restore Point Collection,UK South,[],1.950112342,1.950112342,USD
fim-datacollectionrules,/subscriptions/6276588a-9234-41ee-a81c-7538ea3a817e/resourcegroups/fim-datacollectionrules,KioSoft Globalazure  Subscription,6276588a-9234-41ee-a81c-7538ea3a817e,defaultworkspace-6276588a-9234-41ee-a81c-7538ea3a817e-fim,/subscriptions/6276588a-9234-41ee-a81c-7538ea3a817e/resourcegroups/fim-datacollectionrules/providers/microsoft.operationalinsights/workspaces/defaultworkspace-6276588a-9234-41ee-a81c-7538ea3a817e-fim,Log Analytics workspace,US East,[],1.594554883,1.594554883,USD
rg9998-test-infrastructure,/subscriptions/6276588a-9234-41ee-a81c-7538ea3a817e/resourcegroups/rg9998-test-infrastructure,KioSoft Globalazure  Subscription,6276588a-9234-41ee-a81c-7538ea3a817e,restore-sage,/subscriptions/6276588a-9234-41ee-a81c-7538ea3a817e/resourcegroups/rg9998-test-infrastructure/providers/microsoft.compute/virtualmachines/restore-sage,Virtual machine,"US East, Intercontinental",[],1.160637107,1.160637107,USD
rg9998-test-infrastructure,/subscriptions/6276588a-9234-41ee-a81c-7538ea3a817e/resourcegroups/rg9998-test-infrastructure,KioSoft Globalazure  Subscription,6276588a-9234-41ee-a81c-7538ea3a817e,restore-sage-os,/subscriptions/6276588a-9234-41ee-a81c-7538ea3a817e/resourcegroups/rg9998-test-infrastructure/providers/microsoft.compute/disks/restore-sage-os,Disk,US East,[],0.201113804,0.201113804,USD
rg9998-test-infrastructure,/subscriptions/6276588a-9234-41ee-a81c-7538ea3a817e/resourcegroups/rg9998-test-infrastructure,KioSoft Globalazure  Subscription,6276588a-9234-41ee-a81c-7538ea3a817e,restore-sage-ip,/subscriptions/6276588a-9234-41ee-a81c-7538ea3a817e/resourcegroups/rg9998-test-infrastructure/providers/microsoft.network/publicipaddresses/restore-sage-ip,Public IP address,US East,[],0.014677566,0.014677566,USD
rg9998-test-infrastructure,/subscriptions/6276588a-9234-41ee-a81c-7538ea3a817e/resourcegroups/rg9998-test-infrastructure,KioSoft Globalazure  Subscription,6276588a-9234-41ee-a81c-7538ea3a817e,restore-sage-db01,/subscriptions/6276588a-9234-41ee-a81c-7538ea3a817e/resourcegroups/rg9998-test-infrastructure/providers/microsoft.compute/snapshots/restore-sage-db01,Snapshot,US East,[],0.003141052,0.003141052,USD
security-logrg,/subscriptions/6276588a-9234-41ee-a81c-7538ea3a817e/resourcegroups/security-logrg,KioSoft Globalazure  Subscription,6276588a-9234-41ee-a81c-7538ea3a817e,azeaus-secops-workspace,/subscriptions/6276588a-9234-41ee-a81c-7538ea3a817e/resourcegroups/security-logrg/providers/microsoft.operationalinsights/workspaces/azeaus-secops-workspace,Log Analytics workspace,US East,[],0.476200731,0.476200731,USD
rg43_prod_alert,/subscriptions/6276588a-9234-41ee-a81c-7538ea3a817e/resourcegroups/rg43_prod_alert,KioSoft Globalazure  Subscription,6276588a-9234-41ee-a81c-7538ea3a817e,activeconnectionalert-kiopos-error,/subscriptions/6276588a-9234-41ee-a81c-7538ea3a817e/resourcegroups/rg43_prod_alert/providers/microsoft.insights/metricalerts/activeconnectionalert-kiopos-error,microsoft.insights/metricalerts,Unknown,[],0.095838135,0.095838135,USD
rg43_prod_alert,/subscriptions/6276588a-9234-41ee-a81c-7538ea3a817e/resourcegroups/rg43_prod_alert,KioSoft Globalazure  Subscription,6276588a-9234-41ee-a81c-7538ea3a817e,kiopos high cpu usage,/subscriptions/6276588a-9234-41ee-a81c-7538ea3a817e/resourcegroups/rg43_prod_alert/providers/microsoft.insights/metricalerts/kiopos high cpu usage,microsoft.insights/metricalerts,Unknown,[],0.095838135,0.095838135,USD
rg43_prod_alert,/subscriptions/6276588a-9234-41ee-a81c-7538ea3a817e/resourcegroups/rg43_prod_alert,KioSoft Globalazure  Subscription,6276588a-9234-41ee-a81c-7538ea3a817e,kiopos high memory usage,/subscriptions/6276588a-9234-41ee-a81c-7538ea3a817e/resourcegroups/rg43_prod_alert/providers/microsoft.insights/metricalerts/kiopos high memory usage,microsoft.insights/metricalerts,Unknown,[],0.095838135,0.095838135,USD
rg43_prod_alert,/subscriptions/6276588a-9234-41ee-a81c-7538ea3a817e/resourcegroups/rg43_prod_alert,KioSoft Globalazure  Subscription,6276588a-9234-41ee-a81c-7538ea3a817e,kiopos high storage usage,/subscriptions/6276588a-9234-41ee-a81c-7538ea3a817e/resourcegroups/rg43_prod_alert/providers/microsoft.insights/metricalerts/kiopos high storage usage,microsoft.insights/metricalerts,Unknown,[],0.095838135,0.095838135,USD
rg43_prod_alert,/subscriptions/6276588a-9234-41ee-a81c-7538ea3a817e/resourcegroups/rg43_prod_alert,KioSoft Globalazure  Subscription,6276588a-9234-41ee-a81c-7538ea3a817e,prod_action,/subscriptions/6276588a-9234-41ee-a81c-7538ea3a817e/resourcegroups/rg43_prod_alert/providers/microsoft.insights/actiongroups/prod_action,microsoft.insights/actiongroups,"US West, US West 2, US East 2, US North Central",[],0.005033888,0.005033888,USD
rg43_prod_alert,/subscriptions/6276588a-9234-41ee-a81c-7538ea3a817e/resourcegroups/rg43_prod_alert,KioSoft Globalazure  Subscription,6276588a-9234-41ee-a81c-7538ea3a817e,prod_mysql_action,/subscriptions/6276588a-9234-41ee-a81c-7538ea3a817e/resourcegroups/rg43_prod_alert/providers/microsoft.insights/actiongroups/prod_mysql_action,microsoft.insights/actiongroups,"US West, US West 2, US East 2, US North Central",[],0.004959951,0.004959951,USD
databricks-rg-azuredatabricks_public-73bukcmqjgfo2,/subscriptions/6276588a-9234-41ee-a81c-7538ea3a817e/resourcegroups/databricks-rg-azuredatabricks_public-73bukcmqjgfo2,KioSoft Globalazure  Subscription,6276588a-9234-41ee-a81c-7538ea3a817e,dbstoragej5akclxxe6siu,/subscriptions/6276588a-9234-41ee-a81c-7538ea3a817e/resourcegroups/databricks-rg-azuredatabricks_public-73bukcmqjgfo2/providers/microsoft.storage/storageaccounts/dbstoragej5akclxxe6siu,Storage account,US East,"[""\""application\"":\""databricks\"""",""\""databricks-environment\"":\""true\""""]",9.67135E-05,9.67135E-05,USD
databricks-rg-databricks-public-bhipksjmecgoi,/subscriptions/6276588a-9234-41ee-a81c-7538ea3a817e/resourcegroups/databricks-rg-databricks-public-bhipksjmecgoi,KioSoft Globalazure  Subscription,6276588a-9234-41ee-a81c-7538ea3a817e,dbstorageghbv3vukhr7ha,/subscriptions/6276588a-9234-41ee-a81c-7538ea3a817e/resourcegroups/databricks-rg-databricks-public-bhipksjmecgoi/providers/microsoft.storage/storageaccounts/dbstorageghbv3vukhr7ha,Storage account,US East,"[""\""application\"":\""databricks\"""",""\""databricks-environment\"":\""true\""""]",9.67135E-05,9.67135E-05,USD
defaultresourcegroup-eus2,/subscriptions/6276588a-9234-41ee-a81c-7538ea3a817e/resourcegroups/defaultresourcegroup-eus2,KioSoft Globalazure  Subscription,6276588a-9234-41ee-a81c-7538ea3a817e,defaultworkspace-6276588a-9234-41ee-a81c-7538ea3a817e-eus2,/subscriptions/6276588a-9234-41ee-a81c-7538ea3a817e/resourcegroups/defaultresourcegroup-eus2/providers/microsoft.operationalinsights/workspaces/defaultworkspace-6276588a-9234-41ee-a81c-7538ea3a817e-eus2,Log Analytics workspace,US East 2,[],0,0,USD
networkwatcherrg,/subscriptions/6276588a-9234-41ee-a81c-7538ea3a817e/resourcegroups/networkwatcherrg,KioSoft Globalazure  Subscription,6276588a-9234-41ee-a81c-7538ea3a817e,networkwatcher_eastus,/subscriptions/6276588a-9234-41ee-a81c-7538ea3a817e/resourcegroups/networkwatcherrg/providers/microsoft.network/networkwatchers/networkwatcher_eastus,Network Watcher,US East,[],0,0,USD