ResourceGroup,ResourceGroupId,SubscriptionName,SubscriptionId,Resource,ResourceId,ResourceType,ResourceLocation,Tags,Cost,CostUSD,Currency
backup,/subscriptions/6276588a-9234-41ee-a81c-7538ea3a817e/resourcegroups/backup,KioSoft Globalazure  Subscription,6276588a-9234-41ee-a81c-7538ea3a817e,rsv01-prod-eastus,/subscriptions/6276588a-9234-41ee-a81c-7538ea3a817e/resourcegroups/backup/providers/microsoft.recoveryservices/vaults/rsv01-prod-eastus,Recovery Services vault,US East,[],2120.557242,2120.557242,USD
backup,/subscriptions/6276588a-9234-41ee-a81c-7538ea3a817e/resourcegroups/backup,KioSoft Globalazure  Subscription,6276588a-9234-41ee-a81c-7538ea3a817e,rsv05-test-eastus,/subscriptions/6276588a-9234-41ee-a81c-7538ea3a817e/resourcegroups/backup/providers/microsoft.recoveryservices/vaults/rsv05-test-eastus,Recovery Services vault,US East,[],644.0495905,644.0495905,USD
backup,/subscriptions/6276588a-9234-41ee-a81c-7538ea3a817e/resourcegroups/backup,KioSoft Globalazure  Subscription,6276588a-9234-41ee-a81c-7538ea3a817e,rsv02-prod-eastus2,/subscriptions/6276588a-9234-41ee-a81c-7538ea3a817e/resourcegroups/backup/providers/microsoft.recoveryservices/vaults/rsv02-prod-eastus2,Recovery Services vault,US East 2,[],45.03833584,45.03833584,USD
backup,/subscriptions/6276588a-9234-41ee-a81c-7538ea3a817e/resourcegroups/backup,KioSoft Globalazure  Subscription,6276588a-9234-41ee-a81c-7538ea3a817e,rsv04-prod-southcentralus,/subscriptions/6276588a-9234-41ee-a81c-7538ea3a817e/resourcegroups/backup/providers/microsoft.recoveryservices/vaults/rsv04-prod-southcentralus,Recovery Services vault,US South Central,[],23.98195006,23.98195006,USD
backup,/subscriptions/6276588a-9234-41ee-a81c-7538ea3a817e/resourcegroups/backup,KioSoft Globalazure  Subscription,6276588a-9234-41ee-a81c-7538ea3a817e,rsv03-prod-centralus,/subscriptions/6276588a-9234-41ee-a81c-7538ea3a817e/resourcegroups/backup/providers/microsoft.recoveryservices/vaults/rsv03-prod-centralus,Recovery Services vault,US Central,[],14.2109651,14.2109651,USD
backup,/subscriptions/6276588a-9234-41ee-a81c-7538ea3a817e/resourcegroups/backup,KioSoft Globalazure  Subscription,6276588a-9234-41ee-a81c-7538ea3a817e,rsv06-prod-uksouth,/subscriptions/6276588a-9234-41ee-a81c-7538ea3a817e/resourcegroups/backup/providers/microsoft.recoveryservices/vaults/rsv06-prod-uksouth,Recovery Services vault,UK South,[],6.059980303,6.059980303,USD
rg52-prod-csc,/subscriptions/6276588a-9234-41ee-a81c-7538ea3a817e/resourcegroups/rg52-prod-csc,KioSoft Globalazure  Subscription,6276588a-9234-41ee-a81c-7538ea3a817e,app-gt02-prod-csc-retailweb,/subscriptions/6276588a-9234-41ee-a81c-7538ea3a817e/resourcegroups/rg52-prod-csc/providers/microsoft.network/applicationgateways/app-gt02-prod-csc-retailweb,Application gateway,"US East, Intercontinental","[""\""subnetdelegatedtoappgwservice\"":\""false\""""]",1446.833569,1446.833569,USD
rg52-prod-csc,/subscriptions/6276588a-9234-41ee-a81c-7538ea3a817e/resourcegroups/rg52-prod-csc,KioSoft Globalazure  Subscription,6276588a-9234-41ee-a81c-7538ea3a817e,pip146-app-gt-prod-csc,/subscriptions/6276588a-9234-41ee-a81c-7538ea3a817e/resourcegroups/rg52-prod-csc/providers/microsoft.network/publicipaddresses/pip146-app-gt-prod-csc,Public IP address,US East,[],199.870048,199.870048,USD
rg52-prod-csc,/subscriptions/6276588a-9234-41ee-a81c-7538ea3a817e/resourcegroups/rg52-prod-csc,KioSoft Globalazure  Subscription,6276588a-9234-41ee-a81c-7538ea3a817e,pip147-loadbalance07-prod-csc-universalweb,/subscriptions/6276588a-9234-41ee-a81c-7538ea3a817e/resourcegroups/rg52-prod-csc/providers/microsoft.network/publicipaddresses/pip147-loadbalance07-prod-csc-universalweb,Public IP address,US East,[],199.870048,199.870048,USD
rg52-prod-csc,/subscriptions/6276588a-9234-41ee-a81c-7538ea3a817e/resourcegroups/rg52-prod-csc,KioSoft Globalazure  Subscription,6276588a-9234-41ee-a81c-7538ea3a817e,vm97-prod-csc-universal-web01,/subscriptions/6276588a-9234-41ee-a81c-7538ea3a817e/resourcegroups/rg52-prod-csc/providers/microsoft.compute/virtualmachines/vm97-prod-csc-universal-web01,Virtual machine,US East,"[""\""environment\"":\""production\"""",""\""product\"":\""prod - csc\"""",""\""publisher\"":\""openlogic\""""]",30.20574482,30.20574482,USD
rg52-prod-csc,/subscriptions/6276588a-9234-41ee-a81c-7538ea3a817e/resourcegroups/rg52-prod-csc,KioSoft Globalazure  Subscription,6276588a-9234-41ee-a81c-7538ea3a817e,vm98-prod-csc-universal-web02,/subscriptions/6276588a-9234-41ee-a81c-7538ea3a817e/resourcegroups/rg52-prod-csc/providers/microsoft.compute/virtualmachines/vm98-prod-csc-universal-web02,Virtual machine,US East,"[""\""environment\"":\""production\"""",""\""publisher\"":\""openlogic\"""",""\""product\"":\""prod - csc\""""]",30.18482347,30.18482347,USD
rg52-prod-csc,/subscriptions/6276588a-9234-41ee-a81c-7538ea3a817e/resourcegroups/rg52-prod-csc,KioSoft Globalazure  Subscription,6276588a-9234-41ee-a81c-7538ea3a817e,vm100-prod-csc-universal-web04,/subscriptions/6276588a-9234-41ee-a81c-7538ea3a817e/resourcegroups/rg52-prod-csc/providers/microsoft.compute/virtualmachines/vm100-prod-csc-universal-web04,Virtual machine,"US East, Intercontinental","[""\""environment\"":\""production\"""",""\""product\"":\""prod - csc\"""",""\""publisher\"":\""openlogic\""""]",29.99374082,29.99374082,USD
rg52-prod-csc,/subscriptions/6276588a-9234-41ee-a81c-7538ea3a817e/resourcegroups/rg52-prod-csc,KioSoft Globalazure  Subscription,6276588a-9234-41ee-a81c-7538ea3a817e,vm99-prod-csc-universal-web03,/subscriptions/6276588a-9234-41ee-a81c-7538ea3a817e/resourcegroups/rg52-prod-csc/providers/microsoft.compute/virtualmachines/vm99-prod-csc-universal-web03,Virtual machine,US East,"[""\""environment\"":\""production\"""",""\""publisher\"":\""openlogic\"""",""\""product\"":\""prod - csc\""""]",29.98110483,29.98110483,USD
rg52-prod-csc,/subscriptions/6276588a-9234-41ee-a81c-7538ea3a817e/resourcegroups/rg52-prod-csc,KioSoft Globalazure  Subscription,6276588a-9234-41ee-a81c-7538ea3a817e,tm04-prod-csc-reportserver,/subscriptions/6276588a-9234-41ee-a81c-7538ea3a817e/resourcegroups/rg52-prod-csc/providers/microsoft.network/trafficmanagerprofiles/tm04-prod-csc-reportserver,Traffic Manager profile,Unknown,[],21.19542904,21.19542904,USD
rg52-prod-csc,/subscriptions/6276588a-9234-41ee-a81c-7538ea3a817e/resourcegroups/rg52-prod-csc,KioSoft Globalazure  Subscription,6276588a-9234-41ee-a81c-7538ea3a817e,sa28prodcsc,/subscriptions/6276588a-9234-41ee-a81c-7538ea3a817e/resourcegroups/rg52-prod-csc/providers/microsoft.storage/storageaccounts/sa28prodcsc,Storage account,US East,[],19.56966681,19.56966681,USD
rg52-prod-csc,/subscriptions/6276588a-9234-41ee-a81c-7538ea3a817e/resourcegroups/rg52-prod-csc,KioSoft Globalazure  Subscription,6276588a-9234-41ee-a81c-7538ea3a817e,sa38prodcscuniversal,/subscriptions/6276588a-9234-41ee-a81c-7538ea3a817e/resourcegroups/rg52-prod-csc/providers/microsoft.storage/storageaccounts/sa38prodcscuniversal,Storage account,US East,[],19.56966681,19.56966681,USD
rg52-prod-csc,/subscriptions/6276588a-9234-41ee-a81c-7538ea3a817e/resourcegroups/rg52-prod-csc,KioSoft Globalazure  Subscription,6276588a-9234-41ee-a81c-7538ea3a817e,vm100-prod-csc-universal-web04-disk,/subscriptions/6276588a-9234-41ee-a81c-7538ea3a817e/resourcegroups/rg52-prod-csc/providers/microsoft.compute/disks/vm100-prod-csc-universal-web04-disk,Disk,US East,[],19.28583596,19.28583596,USD
rg52-prod-csc,/subscriptions/6276588a-9234-41ee-a81c-7538ea3a817e/resourcegroups/rg52-prod-csc,KioSoft Globalazure  Subscription,6276588a-9234-41ee-a81c-7538ea3a817e,vm101-prod-csc-universal-soft01_osdisk_1_0d87c751f0774a8299773475ddd50ed5,/subscriptions/6276588a-9234-41ee-a81c-7538ea3a817e/resourcegroups/rg52-prod-csc/providers/microsoft.compute/disks/vm101-prod-csc-universal-soft01_osdisk_1_0d87c751f0774a8299773475ddd50ed5,Disk,US East,[],19.28583596,19.28583596,USD
rg52-prod-csc,/subscriptions/6276588a-9234-41ee-a81c-7538ea3a817e/resourcegroups/rg52-prod-csc,KioSoft Globalazure  Subscription,6276588a-9234-41ee-a81c-7538ea3a817e,vm102-prod-csc-retail-web01-disk,/subscriptions/6276588a-9234-41ee-a81c-7538ea3a817e/resourcegroups/rg52-prod-csc/providers/microsoft.compute/disks/vm102-prod-csc-retail-web01-disk,Disk,US East,[],19.28583596,19.28583596,USD
rg52-prod-csc,/subscriptions/6276588a-9234-41ee-a81c-7538ea3a817e/resourcegroups/rg52-prod-csc,KioSoft Globalazure  Subscription,6276588a-9234-41ee-a81c-7538ea3a817e,vm103-prod-csc-retail-web02-disk,/subscriptions/6276588a-9234-41ee-a81c-7538ea3a817e/resourcegroups/rg52-prod-csc/providers/microsoft.compute/disks/vm103-prod-csc-retail-web02-disk,Disk,US East,[],19.28583596,19.28583596,USD
rg52-prod-csc,/subscriptions/6276588a-9234-41ee-a81c-7538ea3a817e/resourcegroups/rg52-prod-csc,KioSoft Globalazure  Subscription,6276588a-9234-41ee-a81c-7538ea3a817e,vm104-prod-csc-retail-web03-disk,/subscriptions/6276588a-9234-41ee-a81c-7538ea3a817e/resourcegroups/rg52-prod-csc/providers/microsoft.compute/disks/vm104-prod-csc-retail-web03-disk,Disk,US East,[],19.28583596,19.28583596,USD
rg52-prod-csc,/subscriptions/6276588a-9234-41ee-a81c-7538ea3a817e/resourcegroups/rg52-prod-csc,KioSoft Globalazure  Subscription,6276588a-9234-41ee-a81c-7538ea3a817e,vm105-prod-csc-retail-web04-disk,/subscriptions/6276588a-9234-41ee-a81c-7538ea3a817e/resourcegroups/rg52-prod-csc/providers/microsoft.compute/disks/vm105-prod-csc-retail-web04-disk,Disk,US East,[],19.28583596,19.28583596,USD
rg52-prod-csc,/subscriptions/6276588a-9234-41ee-a81c-7538ea3a817e/resourcegroups/rg52-prod-csc,KioSoft Globalazure  Subscription,6276588a-9234-41ee-a81c-7538ea3a817e,vm106-prod-csc-retail-reportserver01-disk,/subscriptions/6276588a-9234-41ee-a81c-7538ea3a817e/resourcegroups/rg52-prod-csc/providers/microsoft.compute/disks/vm106-prod-csc-retail-reportserver01-disk,Disk,US East,[],19.28583596,19.28583596,USD
rg52-prod-csc,/subscriptions/6276588a-9234-41ee-a81c-7538ea3a817e/resourcegroups/rg52-prod-csc,KioSoft Globalazure  Subscription,6276588a-9234-41ee-a81c-7538ea3a817e,vm107-prod-csc-retail-reportserver02-disk,/subscriptions/6276588a-9234-41ee-a81c-7538ea3a817e/resourcegroups/rg52-prod-csc/providers/microsoft.compute/disks/vm107-prod-csc-retail-reportserver02-disk,Disk,US East,[],19.28583596,19.28583596,USD
rg52-prod-csc,/subscriptions/6276588a-9234-41ee-a81c-7538ea3a817e/resourcegroups/rg52-prod-csc,KioSoft Globalazure  Subscription,6276588a-9234-41ee-a81c-7538ea3a817e,vm108-prod-csc-retail-reportserver03-disk,/subscriptions/6276588a-9234-41ee-a81c-7538ea3a817e/resourcegroups/rg52-prod-csc/providers/microsoft.compute/disks/vm108-prod-csc-retail-reportserver03-disk,Disk,US East,[],19.28583596,19.28583596,USD
rg52-prod-csc,/subscriptions/6276588a-9234-41ee-a81c-7538ea3a817e/resourcegroups/rg52-prod-csc,KioSoft Globalazure  Subscription,6276588a-9234-41ee-a81c-7538ea3a817e,vm109-prod-csc-retail-reportserver04-disk,/subscriptions/6276588a-9234-41ee-a81c-7538ea3a817e/resourcegroups/rg52-prod-csc/providers/microsoft.compute/disks/vm109-prod-csc-retail-reportserver04-disk,Disk,US East,[],19.28583596,19.28583596,USD
rg52-prod-csc,/subscriptions/6276588a-9234-41ee-a81c-7538ea3a817e/resourcegroups/rg52-prod-csc,KioSoft Globalazure  Subscription,6276588a-9234-41ee-a81c-7538ea3a817e,vm128prodcscretailreportserver-osdisk-20240229-004711,/subscriptions/6276588a-9234-41ee-a81c-7538ea3a817e/resourcegroups/rg52-prod-csc/providers/microsoft.compute/disks/vm128prodcscretailreportserver-osdisk-20240229-004711,Disk,US East,"[""\""rsvaultbackup\"":\""903357c4-ac9b-4dc7-bd72-b9292e0de02a\""""]",19.28583596,19.28583596,USD
rg52-prod-csc,/subscriptions/6276588a-9234-41ee-a81c-7538ea3a817e/resourcegroups/rg52-prod-csc,KioSoft Globalazure  Subscription,6276588a-9234-41ee-a81c-7538ea3a817e,vm129prodcscretailreportserver-osdisk-20240229-005305,/subscriptions/6276588a-9234-41ee-a81c-7538ea3a817e/resourcegroups/rg52-prod-csc/providers/microsoft.compute/disks/vm129prodcscretailreportserver-osdisk-20240229-005305,Disk,US East,"[""\""rsvaultbackup\"":\""1e16a5d7-d2e9-44d4-b063-8c5bcc8610d3\""""]",19.28583596,19.28583596,USD
rg52-prod-csc,/subscriptions/6276588a-9234-41ee-a81c-7538ea3a817e/resourcegroups/rg52-prod-csc,KioSoft Globalazure  Subscription,6276588a-9234-41ee-a81c-7538ea3a817e,vm130prodcscretailreportserver-osdisk-20240229-005759,/subscriptions/6276588a-9234-41ee-a81c-7538ea3a817e/resourcegroups/rg52-prod-csc/providers/microsoft.compute/disks/vm130prodcscretailreportserver-osdisk-20240229-005759,Disk,US East,"[""\""rsvaultbackup\"":\""cd5a558e-2cc1-47d8-bba0-3b95ed5e0c46\""""]",19.28583596,19.28583596,USD
rg52-prod-csc,/subscriptions/6276588a-9234-41ee-a81c-7538ea3a817e/resourcegroups/rg52-prod-csc,KioSoft Globalazure  Subscription,6276588a-9234-41ee-a81c-7538ea3a817e,vm131prodcscretailreportserver-osdisk-20240229-010350,/subscriptions/6276588a-9234-41ee-a81c-7538ea3a817e/resourcegroups/rg52-prod-csc/providers/microsoft.compute/disks/vm131prodcscretailreportserver-osdisk-20240229-010350,Disk,US East,"[""\""rsvaultbackup\"":\""44b0cfb8-df4c-4bb1-8820-9fc3217ca2df\""""]",19.28583596,19.28583596,USD
rg52-prod-csc,/subscriptions/6276588a-9234-41ee-a81c-7538ea3a817e/resourcegroups/rg52-prod-csc,KioSoft Globalazure  Subscription,6276588a-9234-41ee-a81c-7538ea3a817e,vm97-prod-csc-universal-web01-disk,/subscriptions/6276588a-9234-41ee-a81c-7538ea3a817e/resourcegroups/rg52-prod-csc/providers/microsoft.compute/disks/vm97-prod-csc-universal-web01-disk,Disk,US East,[],19.28583596,19.28583596,USD
rg52-prod-csc,/subscriptions/6276588a-9234-41ee-a81c-7538ea3a817e/resourcegroups/rg52-prod-csc,KioSoft Globalazure  Subscription,6276588a-9234-41ee-a81c-7538ea3a817e,vm98-prod-csc-universal-web02-disk,/subscriptions/6276588a-9234-41ee-a81c-7538ea3a817e/resourcegroups/rg52-prod-csc/providers/microsoft.compute/disks/vm98-prod-csc-universal-web02-disk,Disk,US East,[],19.28583596,19.28583596,USD
rg52-prod-csc,/subscriptions/6276588a-9234-41ee-a81c-7538ea3a817e/resourcegroups/rg52-prod-csc,KioSoft Globalazure  Subscription,6276588a-9234-41ee-a81c-7538ea3a817e,vm99-prod-csc-universal-web03-disk,/subscriptions/6276588a-9234-41ee-a81c-7538ea3a817e/resourcegroups/rg52-prod-csc/providers/microsoft.compute/disks/vm99-prod-csc-universal-web03-disk,Disk,US East,[],19.28583596,19.28583596,USD
rg52-prod-csc,/subscriptions/6276588a-9234-41ee-a81c-7538ea3a817e/resourcegroups/rg52-prod-csc,KioSoft Globalazure  Subscription,6276588a-9234-41ee-a81c-7538ea3a817e,vm102-prod-csc-retail-web01,/subscriptions/6276588a-9234-41ee-a81c-7538ea3a817e/resourcegroups/rg52-prod-csc/providers/microsoft.compute/virtualmachines/vm102-prod-csc-retail-web01,Virtual machine,"US East, Intercontinental","[""\""environment\"":\""production\"""",""\""publisher\"":\""openlogic\"""",""\""product\"":\""prod - csc\""""]",18.90770879,18.90770879,USD
rg52-prod-csc,/subscriptions/6276588a-9234-41ee-a81c-7538ea3a817e/resourcegroups/rg52-prod-csc,KioSoft Globalazure  Subscription,6276588a-9234-41ee-a81c-7538ea3a817e,vm104-prod-csc-retail-web03,/subscriptions/6276588a-9234-41ee-a81c-7538ea3a817e/resourcegroups/rg52-prod-csc/providers/microsoft.compute/virtualmachines/vm104-prod-csc-retail-web03,Virtual machine,"US East, Intercontinental","[""\""environment\"":\""production\"""",""\""product\"":\""prod - csc\"""",""\""publisher\"":\""openlogic\""""]",18.81247253,18.81247253,USD
rg52-prod-csc,/subscriptions/6276588a-9234-41ee-a81c-7538ea3a817e/resourcegroups/rg52-prod-csc,KioSoft Globalazure  Subscription,6276588a-9234-41ee-a81c-7538ea3a817e,vm105-prod-csc-retail-web04,/subscriptions/6276588a-9234-41ee-a81c-7538ea3a817e/resourcegroups/rg52-prod-csc/providers/microsoft.compute/virtualmachines/vm105-prod-csc-retail-web04,Virtual machine,"US East, Intercontinental","[""\""environment\"":\""production\"""",""\""publisher\"":\""openlogic\"""",""\""product\"":\""prod - csc\""""]",18.79455427,18.79455427,USD
rg52-prod-csc,/subscriptions/6276588a-9234-41ee-a81c-7538ea3a817e/resourcegroups/rg52-prod-csc,KioSoft Globalazure  Subscription,6276588a-9234-41ee-a81c-7538ea3a817e,vm103-prod-csc-retail-web02,/subscriptions/6276588a-9234-41ee-a81c-7538ea3a817e/resourcegroups/rg52-prod-csc/providers/microsoft.compute/virtualmachines/vm103-prod-csc-retail-web02,Virtual machine,"US East, Intercontinental","[""\""environment\"":\""production\"""",""\""publisher\"":\""openlogic\"""",""\""product\"":\""prod - csc\""""]",18.75395535,18.75395535,USD
rg52-prod-csc,/subscriptions/6276588a-9234-41ee-a81c-7538ea3a817e/resourcegroups/rg52-prod-csc,KioSoft Globalazure  Subscription,6276588a-9234-41ee-a81c-7538ea3a817e,loadbalance07-prod-csc-universalweb,/subscriptions/6276588a-9234-41ee-a81c-7538ea3a817e/resourcegroups/rg52-prod-csc/providers/microsoft.network/loadbalancers/loadbalance07-prod-csc-universalweb,Load balancer,US East,[],18.00157909,18.00157909,USD
rg52-prod-csc,/subscriptions/6276588a-9234-41ee-a81c-7538ea3a817e/resourcegroups/rg52-prod-csc,KioSoft Globalazure  Subscription,6276588a-9234-41ee-a81c-7538ea3a817e,vm109-prod-csc-retail-reportserver04,/subscriptions/6276588a-9234-41ee-a81c-7538ea3a817e/resourcegroups/rg52-prod-csc/providers/microsoft.compute/virtualmachines/vm109-prod-csc-retail-reportserver04,Virtual machine,"US East, Intercontinental","[""\""environment\"":\""production\"""",""\""product\"":\""prod - csc\"""",""\""publisher\"":\""openlogic\""""]",16.14098575,16.14098575,USD
rg52-prod-csc,/subscriptions/6276588a-9234-41ee-a81c-7538ea3a817e/resourcegroups/rg52-prod-csc,KioSoft Globalazure  Subscription,6276588a-9234-41ee-a81c-7538ea3a817e,vm128-prod-csc-retail-reportserver05,/subscriptions/6276588a-9234-41ee-a81c-7538ea3a817e/resourcegroups/rg52-prod-csc/providers/microsoft.compute/virtualmachines/vm128-prod-csc-retail-reportserver05,Virtual machine,US East,"[""\""environment\"":\""production\"""",""\""publisher\"":\""openlogic\"""",""\""product\"":\""prod - csc\""""]",16.03972323,16.03972323,USD
rg52-prod-csc,/subscriptions/6276588a-9234-41ee-a81c-7538ea3a817e/resourcegroups/rg52-prod-csc,KioSoft Globalazure  Subscription,6276588a-9234-41ee-a81c-7538ea3a817e,vm130-prod-csc-retail-reportserver07,/subscriptions/6276588a-9234-41ee-a81c-7538ea3a817e/resourcegroups/rg52-prod-csc/providers/microsoft.compute/virtualmachines/vm130-prod-csc-retail-reportserver07,Virtual machine,US East,"[""\""environment\"":\""production\"""",""\""publisher\"":\""openlogic\"""",""\""product\"":\""prod - csc\""""]",16.03502913,16.03502913,USD
rg52-prod-csc,/subscriptions/6276588a-9234-41ee-a81c-7538ea3a817e/resourcegroups/rg52-prod-csc,KioSoft Globalazure  Subscription,6276588a-9234-41ee-a81c-7538ea3a817e,vm106-prod-csc-retail-reportserver01,/subscriptions/6276588a-9234-41ee-a81c-7538ea3a817e/resourcegroups/rg52-prod-csc/providers/microsoft.compute/virtualmachines/vm106-prod-csc-retail-reportserver01,Virtual machine,"US East, Intercontinental","[""\""environment\"":\""production\"""",""\""publisher\"":\""openlogic\"""",""\""product\"":\""prod - csc\""""]",16.0346888,16.0346888,USD
rg52-prod-csc,/subscriptions/6276588a-9234-41ee-a81c-7538ea3a817e/resourcegroups/rg52-prod-csc,KioSoft Globalazure  Subscription,6276588a-9234-41ee-a81c-7538ea3a817e,vm131-prod-csc-retail-reportserver08,/subscriptions/6276588a-9234-41ee-a81c-7538ea3a817e/resourcegroups/rg52-prod-csc/providers/microsoft.compute/virtualmachines/vm131-prod-csc-retail-reportserver08,Virtual machine,"US East, Intercontinental","[""\""environment\"":\""production\"""",""\""product\"":\""prod - csc\"""",""\""publisher\"":\""openlogic\""""]",16.02240631,16.02240631,USD
rg52-prod-csc,/subscriptions/6276588a-9234-41ee-a81c-7538ea3a817e/resourcegroups/rg52-prod-csc,KioSoft Globalazure  Subscription,6276588a-9234-41ee-a81c-7538ea3a817e,vm107-prod-csc-retail-reportserver02,/subscriptions/6276588a-9234-41ee-a81c-7538ea3a817e/resourcegroups/rg52-prod-csc/providers/microsoft.compute/virtualmachines/vm107-prod-csc-retail-reportserver02,Virtual machine,"US East, Intercontinental","[""\""environment\"":\""production\"""",""\""publisher\"":\""openlogic\"""",""\""product\"":\""prod - csc\""""]",16.01196412,16.01196412,USD
rg52-prod-csc,/subscriptions/6276588a-9234-41ee-a81c-7538ea3a817e/resourcegroups/rg52-prod-csc,KioSoft Globalazure  Subscription,6276588a-9234-41ee-a81c-7538ea3a817e,vm108-prod-csc-retail-reportserver03,/subscriptions/6276588a-9234-41ee-a81c-7538ea3a817e/resourcegroups/rg52-prod-csc/providers/microsoft.compute/virtualmachines/vm108-prod-csc-retail-reportserver03,Virtual machine,"US East, Intercontinental","[""\""environment\"":\""production\"""",""\""product\"":\""prod - csc\"""",""\""publisher\"":\""openlogic\""""]",16.00156796,16.00156796,USD
rg52-prod-csc,/subscriptions/6276588a-9234-41ee-a81c-7538ea3a817e/resourcegroups/rg52-prod-csc,KioSoft Globalazure  Subscription,6276588a-9234-41ee-a81c-7538ea3a817e,vm129-prod-csc-retail-reportserver06,/subscriptions/6276588a-9234-41ee-a81c-7538ea3a817e/resourcegroups/rg52-prod-csc/providers/microsoft.compute/virtualmachines/vm129-prod-csc-retail-reportserver06,Virtual machine,"US East, Intercontinental","[""\""environment\"":\""production\"""",""\""product\"":\""prod - csc\"""",""\""publisher\"":\""openlogic\""""]",15.99313799,15.99313799,USD
rg52-prod-csc,/subscriptions/6276588a-9234-41ee-a81c-7538ea3a817e/resourcegroups/rg52-prod-csc,KioSoft Globalazure  Subscription,6276588a-9234-41ee-a81c-7538ea3a817e,vm101-prod-csc-universal-soft01,/subscriptions/6276588a-9234-41ee-a81c-7538ea3a817e/resourcegroups/rg52-prod-csc/providers/microsoft.compute/virtualmachines/vm101-prod-csc-universal-soft01,Virtual machine,"US East, Intercontinental","[""\""environment\"":\""production\"""",""\""product\"":\""prod - csc\"""",""\""publisher\"":\""openlogic\""""]",15.94566521,15.94566521,USD
rg52-prod-csc,/subscriptions/6276588a-9234-41ee-a81c-7538ea3a817e/resourcegroups/rg52-prod-csc,KioSoft Globalazure  Subscription,6276588a-9234-41ee-a81c-7538ea3a817e,pe01-sa28-prod-csc,/subscriptions/6276588a-9234-41ee-a81c-7538ea3a817e/resourcegroups/rg52-prod-csc/providers/microsoft.network/privateendpoints/pe01-sa28-prod-csc,Private endpoint,US East,[],7.2,7.2,USD
rg52-prod-csc,/subscriptions/6276588a-9234-41ee-a81c-7538ea3a817e/resourcegroups/rg52-prod-csc,KioSoft Globalazure  Subscription,6276588a-9234-41ee-a81c-7538ea3a817e,pip132-vm97-prod-csc-universal-web01,/subscriptions/6276588a-9234-41ee-a81c-7538ea3a817e/resourcegroups/rg52-prod-csc/providers/microsoft.network/publicipaddresses/pip132-vm97-prod-csc-universal-web01,Public IP address,US East,[],3.600039685,3.600039685,USD
rg52-prod-csc,/subscriptions/6276588a-9234-41ee-a81c-7538ea3a817e/resourcegroups/rg52-prod-csc,KioSoft Globalazure  Subscription,6276588a-9234-41ee-a81c-7538ea3a817e,pip133-vm98-prod-csc-universal-web02,/subscriptions/6276588a-9234-41ee-a81c-7538ea3a817e/resourcegroups/rg52-prod-csc/providers/microsoft.network/publicipaddresses/pip133-vm98-prod-csc-universal-web02,Public IP address,US East,[],3.600039685,3.600039685,USD
rg52-prod-csc,/subscriptions/6276588a-9234-41ee-a81c-7538ea3a817e/resourcegroups/rg52-prod-csc,KioSoft Globalazure  Subscription,6276588a-9234-41ee-a81c-7538ea3a817e,pip134-vm99-prod-csc-universal-web03,/subscriptions/6276588a-9234-41ee-a81c-7538ea3a817e/resourcegroups/rg52-prod-csc/providers/microsoft.network/publicipaddresses/pip134-vm99-prod-csc-universal-web03,Public IP address,US East,[],3.600039685,3.600039685,USD
rg52-prod-csc,/subscriptions/6276588a-9234-41ee-a81c-7538ea3a817e/resourcegroups/rg52-prod-csc,KioSoft Globalazure  Subscription,6276588a-9234-41ee-a81c-7538ea3a817e,pip135-vm100-prod-csc-universal-web04,/subscriptions/6276588a-9234-41ee-a81c-7538ea3a817e/resourcegroups/rg52-prod-csc/providers/microsoft.network/publicipaddresses/pip135-vm100-prod-csc-universal-web04,Public IP address,US East,[],3.600039685,3.600039685,USD
rg52-prod-csc,/subscriptions/6276588a-9234-41ee-a81c-7538ea3a817e/resourcegroups/rg52-prod-csc,KioSoft Globalazure  Subscription,6276588a-9234-41ee-a81c-7538ea3a817e,pip136-vm101-prod-csc-universal-soft01,/subscriptions/6276588a-9234-41ee-a81c-7538ea3a817e/resourcegroups/rg52-prod-csc/providers/microsoft.network/publicipaddresses/pip136-vm101-prod-csc-universal-soft01,Public IP address,US East,[],3.600039685,3.600039685,USD
rg52-prod-csc,/subscriptions/6276588a-9234-41ee-a81c-7538ea3a817e/resourcegroups/rg52-prod-csc,KioSoft Globalazure  Subscription,6276588a-9234-41ee-a81c-7538ea3a817e,pip137-vm102-prod-csc-retail-web01,/subscriptions/6276588a-9234-41ee-a81c-7538ea3a817e/resourcegroups/rg52-prod-csc/providers/microsoft.network/publicipaddresses/pip137-vm102-prod-csc-retail-web01,Public IP address,US East,[],3.600039685,3.600039685,USD
rg52-prod-csc,/subscriptions/6276588a-9234-41ee-a81c-7538ea3a817e/resourcegroups/rg52-prod-csc,KioSoft Globalazure  Subscription,6276588a-9234-41ee-a81c-7538ea3a817e,pip138-vm103-prod-csc-retail-web02,/subscriptions/6276588a-9234-41ee-a81c-7538ea3a817e/resourcegroups/rg52-prod-csc/providers/microsoft.network/publicipaddresses/pip138-vm103-prod-csc-retail-web02,Public IP address,US East,[],3.600039685,3.600039685,USD
rg52-prod-csc,/subscriptions/6276588a-9234-41ee-a81c-7538ea3a817e/resourcegroups/rg52-prod-csc,KioSoft Globalazure  Subscription,6276588a-9234-41ee-a81c-7538ea3a817e,pip139-vm104-prod-csc-retail-web03,/subscriptions/6276588a-9234-41ee-a81c-7538ea3a817e/resourcegroups/rg52-prod-csc/providers/microsoft.network/publicipaddresses/pip139-vm104-prod-csc-retail-web03,Public IP address,US East,[],3.600039685,3.600039685,USD
rg52-prod-csc,/subscriptions/6276588a-9234-41ee-a81c-7538ea3a817e/resourcegroups/rg52-prod-csc,KioSoft Globalazure  Subscription,6276588a-9234-41ee-a81c-7538ea3a817e,pip140-vm105-prod-csc-retail-web04,/subscriptions/6276588a-9234-41ee-a81c-7538ea3a817e/resourcegroups/rg52-prod-csc/providers/microsoft.network/publicipaddresses/pip140-vm105-prod-csc-retail-web04,Public IP address,US East,[],3.600039685,3.600039685,USD
rg52-prod-csc,/subscriptions/6276588a-9234-41ee-a81c-7538ea3a817e/resourcegroups/rg52-prod-csc,KioSoft Globalazure  Subscription,6276588a-9234-41ee-a81c-7538ea3a817e,pip141-vm106-prod-csc-retail-reportserver01,/subscriptions/6276588a-9234-41ee-a81c-7538ea3a817e/resourcegroups/rg52-prod-csc/providers/microsoft.network/publicipaddresses/pip141-vm106-prod-csc-retail-reportserver01,Public IP address,US East,[],3.600039685,3.600039685,USD
rg52-prod-csc,/subscriptions/6276588a-9234-41ee-a81c-7538ea3a817e/resourcegroups/rg52-prod-csc,KioSoft Globalazure  Subscription,6276588a-9234-41ee-a81c-7538ea3a817e,pip142-vm107-prod-csc-retail-reportserver02,/subscriptions/6276588a-9234-41ee-a81c-7538ea3a817e/resourcegroups/rg52-prod-csc/providers/microsoft.network/publicipaddresses/pip142-vm107-prod-csc-retail-reportserver02,Public IP address,US East,[],3.600039685,3.600039685,USD
rg52-prod-csc,/subscriptions/6276588a-9234-41ee-a81c-7538ea3a817e/resourcegroups/rg52-prod-csc,KioSoft Globalazure  Subscription,6276588a-9234-41ee-a81c-7538ea3a817e,pip143-vm108-prod-csc-retail-reportserver03,/subscriptions/6276588a-9234-41ee-a81c-7538ea3a817e/resourcegroups/rg52-prod-csc/providers/microsoft.network/publicipaddresses/pip143-vm108-prod-csc-retail-reportserver03,Public IP address,US East,[],3.600039685,3.600039685,USD
rg52-prod-csc,/subscriptions/6276588a-9234-41ee-a81c-7538ea3a817e/resourcegroups/rg52-prod-csc,KioSoft Globalazure  Subscription,6276588a-9234-41ee-a81c-7538ea3a817e,pip144-vm109-prod-csc-retail-reportserver04,/subscriptions/6276588a-9234-41ee-a81c-7538ea3a817e/resourcegroups/rg52-prod-csc/providers/microsoft.network/publicipaddresses/pip144-vm109-prod-csc-retail-reportserver04,Public IP address,US East,[],3.600039685,3.600039685,USD
rg52-prod-csc,/subscriptions/6276588a-9234-41ee-a81c-7538ea3a817e/resourcegroups/rg52-prod-csc,KioSoft Globalazure  Subscription,6276588a-9234-41ee-a81c-7538ea3a817e,pip159-vm128-prod-csc-retail-reportserver05,/subscriptions/6276588a-9234-41ee-a81c-7538ea3a817e/resourcegroups/rg52-prod-csc/providers/microsoft.network/publicipaddresses/pip159-vm128-prod-csc-retail-reportserver05,Public IP address,US East,[],3.600039685,3.600039685,USD
rg52-prod-csc,/subscriptions/6276588a-9234-41ee-a81c-7538ea3a817e/resourcegroups/rg52-prod-csc,KioSoft Globalazure  Subscription,6276588a-9234-41ee-a81c-7538ea3a817e,pip160-vm129-prod-csc-retail-reportserver06,/subscriptions/6276588a-9234-41ee-a81c-7538ea3a817e/resourcegroups/rg52-prod-csc/providers/microsoft.network/publicipaddresses/pip160-vm129-prod-csc-retail-reportserver06,Public IP address,US East,[],3.600039685,3.600039685,USD
rg52-prod-csc,/subscriptions/6276588a-9234-41ee-a81c-7538ea3a817e/resourcegroups/rg52-prod-csc,KioSoft Globalazure  Subscription,6276588a-9234-41ee-a81c-7538ea3a817e,pip161-vm130-prod-csc-retail-reportserver07,/subscriptions/6276588a-9234-41ee-a81c-7538ea3a817e/resourcegroups/rg52-prod-csc/providers/microsoft.network/publicipaddresses/pip161-vm130-prod-csc-retail-reportserver07,Public IP address,US East,[],3.600039685,3.600039685,USD
rg52-prod-csc,/subscriptions/6276588a-9234-41ee-a81c-7538ea3a817e/resourcegroups/rg52-prod-csc,KioSoft Globalazure  Subscription,6276588a-9234-41ee-a81c-7538ea3a817e,pip162-vm131-prod-csc-retail-reportserver08,/subscriptions/6276588a-9234-41ee-a81c-7538ea3a817e/resourcegroups/rg52-prod-csc/providers/microsoft.network/publicipaddresses/pip162-vm131-prod-csc-retail-reportserver08,Public IP address,US East,[],3.600039685,3.600039685,USD
rg52-prod-csc,/subscriptions/6276588a-9234-41ee-a81c-7538ea3a817e/resourcegroups/rg52-prod-csc,KioSoft Globalazure  Subscription,6276588a-9234-41ee-a81c-7538ea3a817e,privatelink.file.core.windows.net,/subscriptions/6276588a-9234-41ee-a81c-7538ea3a817e/resourcegroups/rg52-prod-csc/providers/microsoft.network/privatednszones/privatelink.file.core.windows.net,Private DNS zone,Unknown,[],0.483743502,0.483743502,USD
rg52-prod-csc,/subscriptions/6276588a-9234-41ee-a81c-7538ea3a817e/resourcegroups/rg52-prod-csc,KioSoft Globalazure  Subscription,6276588a-9234-41ee-a81c-7538ea3a817e,ddos attack-csc,/subscriptions/6276588a-9234-41ee-a81c-7538ea3a817e/resourcegroups/rg52-prod-csc/providers/microsoft.insights/metricalerts/ddos attack-csc,microsoft.insights/metricalerts,Unknown,[],0.092190985,0.092190985,USD
rg52-prod-csc,/subscriptions/6276588a-9234-41ee-a81c-7538ea3a817e/resourcegroups/rg52-prod-csc,KioSoft Globalazure  Subscription,6276588a-9234-41ee-a81c-7538ea3a817e,high cpu usage-csc-reportserver01,/subscriptions/6276588a-9234-41ee-a81c-7538ea3a817e/resourcegroups/rg52-prod-csc/providers/microsoft.insights/metricalerts/high cpu usage-csc-reportserver01,microsoft.insights/metricalerts,Unknown,[],0.092190985,0.092190985,USD
rg52-prod-csc,/subscriptions/6276588a-9234-41ee-a81c-7538ea3a817e/resourcegroups/rg52-prod-csc,KioSoft Globalazure  Subscription,6276588a-9234-41ee-a81c-7538ea3a817e,high cpu usage-csc-reportserver02,/subscriptions/6276588a-9234-41ee-a81c-7538ea3a817e/resourcegroups/rg52-prod-csc/providers/microsoft.insights/metricalerts/high cpu usage-csc-reportserver02,microsoft.insights/metricalerts,Unknown,[],0.092190985,0.092190985,USD
rg52-prod-csc,/subscriptions/6276588a-9234-41ee-a81c-7538ea3a817e/resourcegroups/rg52-prod-csc,KioSoft Globalazure  Subscription,6276588a-9234-41ee-a81c-7538ea3a817e,high cpu usage-csc-reportserver03,/subscriptions/6276588a-9234-41ee-a81c-7538ea3a817e/resourcegroups/rg52-prod-csc/providers/microsoft.insights/metricalerts/high cpu usage-csc-reportserver03,microsoft.insights/metricalerts,Unknown,[],0.092190985,0.092190985,USD
rg52-prod-csc,/subscriptions/6276588a-9234-41ee-a81c-7538ea3a817e/resourcegroups/rg52-prod-csc,KioSoft Globalazure  Subscription,6276588a-9234-41ee-a81c-7538ea3a817e,high cpu usage-csc-reportserver04,/subscriptions/6276588a-9234-41ee-a81c-7538ea3a817e/resourcegroups/rg52-prod-csc/providers/microsoft.insights/metricalerts/high cpu usage-csc-reportserver04,microsoft.insights/metricalerts,Unknown,[],0.092190985,0.092190985,USD
rg52-prod-csc,/subscriptions/6276588a-9234-41ee-a81c-7538ea3a817e/resourcegroups/rg52-prod-csc,KioSoft Globalazure  Subscription,6276588a-9234-41ee-a81c-7538ea3a817e,high cpu usage-csc-retail-web01,/subscriptions/6276588a-9234-41ee-a81c-7538ea3a817e/resourcegroups/rg52-prod-csc/providers/microsoft.insights/metricalerts/high cpu usage-csc-retail-web01,microsoft.insights/metricalerts,Unknown,[],0.092190985,0.092190985,USD
rg52-prod-csc,/subscriptions/6276588a-9234-41ee-a81c-7538ea3a817e/resourcegroups/rg52-prod-csc,KioSoft Globalazure  Subscription,6276588a-9234-41ee-a81c-7538ea3a817e,high cpu usage-csc-retail-web02,/subscriptions/6276588a-9234-41ee-a81c-7538ea3a817e/resourcegroups/rg52-prod-csc/providers/microsoft.insights/metricalerts/high cpu usage-csc-retail-web02,microsoft.insights/metricalerts,Unknown,[],0.092190985,0.092190985,USD
rg52-prod-csc,/subscriptions/6276588a-9234-41ee-a81c-7538ea3a817e/resourcegroups/rg52-prod-csc,KioSoft Globalazure  Subscription,6276588a-9234-41ee-a81c-7538ea3a817e,high cpu usage-csc-retail-web03,/subscriptions/6276588a-9234-41ee-a81c-7538ea3a817e/resourcegroups/rg52-prod-csc/providers/microsoft.insights/metricalerts/high cpu usage-csc-retail-web03,microsoft.insights/metricalerts,Unknown,[],0.092190985,0.092190985,USD
rg52-prod-csc,/subscriptions/6276588a-9234-41ee-a81c-7538ea3a817e/resourcegroups/rg52-prod-csc,KioSoft Globalazure  Subscription,6276588a-9234-41ee-a81c-7538ea3a817e,high cpu usage-csc-retail-web04,/subscriptions/6276588a-9234-41ee-a81c-7538ea3a817e/resourcegroups/rg52-prod-csc/providers/microsoft.insights/metricalerts/high cpu usage-csc-retail-web04,microsoft.insights/metricalerts,Unknown,[],0.092190985,0.092190985,USD
rg52-prod-csc,/subscriptions/6276588a-9234-41ee-a81c-7538ea3a817e/resourcegroups/rg52-prod-csc,KioSoft Globalazure  Subscription,6276588a-9234-41ee-a81c-7538ea3a817e,high cpu usage-csc-universal-soft01,/subscriptions/6276588a-9234-41ee-a81c-7538ea3a817e/resourcegroups/rg52-prod-csc/providers/microsoft.insights/metricalerts/high cpu usage-csc-universal-soft01,microsoft.insights/metricalerts,Unknown,[],0.092190985,0.092190985,USD
rg52-prod-csc,/subscriptions/6276588a-9234-41ee-a81c-7538ea3a817e/resourcegroups/rg52-prod-csc,KioSoft Globalazure  Subscription,6276588a-9234-41ee-a81c-7538ea3a817e,high cpu usage-csc-universal-web01,/subscriptions/6276588a-9234-41ee-a81c-7538ea3a817e/resourcegroups/rg52-prod-csc/providers/microsoft.insights/metricalerts/high cpu usage-csc-universal-web01,microsoft.insights/metricalerts,Unknown,[],0.092190985,0.092190985,USD
rg52-prod-csc,/subscriptions/6276588a-9234-41ee-a81c-7538ea3a817e/resourcegroups/rg52-prod-csc,KioSoft Globalazure  Subscription,6276588a-9234-41ee-a81c-7538ea3a817e,high cpu usage-csc-universal-web02,/subscriptions/6276588a-9234-41ee-a81c-7538ea3a817e/resourcegroups/rg52-prod-csc/providers/microsoft.insights/metricalerts/high cpu usage-csc-universal-web02,microsoft.insights/metricalerts,Unknown,[],0.092190985,0.092190985,USD
rg52-prod-csc,/subscriptions/6276588a-9234-41ee-a81c-7538ea3a817e/resourcegroups/rg52-prod-csc,KioSoft Globalazure  Subscription,6276588a-9234-41ee-a81c-7538ea3a817e,high cpu usage-csc-universal-web03,/subscriptions/6276588a-9234-41ee-a81c-7538ea3a817e/resourcegroups/rg52-prod-csc/providers/microsoft.insights/metricalerts/high cpu usage-csc-universal-web03,microsoft.insights/metricalerts,Unknown,[],0.092190985,0.092190985,USD
rg52-prod-csc,/subscriptions/6276588a-9234-41ee-a81c-7538ea3a817e/resourcegroups/rg52-prod-csc,KioSoft Globalazure  Subscription,6276588a-9234-41ee-a81c-7538ea3a817e,high mem usage-csc-reportserver01,/subscriptions/6276588a-9234-41ee-a81c-7538ea3a817e/resourcegroups/rg52-prod-csc/providers/microsoft.insights/metricalerts/high mem usage-csc-reportserver01,microsoft.insights/metricalerts,Unknown,[],0.092190985,0.092190985,USD
rg52-prod-csc,/subscriptions/6276588a-9234-41ee-a81c-7538ea3a817e/resourcegroups/rg52-prod-csc,KioSoft Globalazure  Subscription,6276588a-9234-41ee-a81c-7538ea3a817e,high mem usage-csc-reportserver02,/subscriptions/6276588a-9234-41ee-a81c-7538ea3a817e/resourcegroups/rg52-prod-csc/providers/microsoft.insights/metricalerts/high mem usage-csc-reportserver02,microsoft.insights/metricalerts,Unknown,[],0.092190985,0.092190985,USD
rg52-prod-csc,/subscriptions/6276588a-9234-41ee-a81c-7538ea3a817e/resourcegroups/rg52-prod-csc,KioSoft Globalazure  Subscription,6276588a-9234-41ee-a81c-7538ea3a817e,high mem usage-csc-reportserver03,/subscriptions/6276588a-9234-41ee-a81c-7538ea3a817e/resourcegroups/rg52-prod-csc/providers/microsoft.insights/metricalerts/high mem usage-csc-reportserver03,microsoft.insights/metricalerts,Unknown,[],0.092190985,0.092190985,USD
rg52-prod-csc,/subscriptions/6276588a-9234-41ee-a81c-7538ea3a817e/resourcegroups/rg52-prod-csc,KioSoft Globalazure  Subscription,6276588a-9234-41ee-a81c-7538ea3a817e,high mem usage-csc-reportserver04,/subscriptions/6276588a-9234-41ee-a81c-7538ea3a817e/resourcegroups/rg52-prod-csc/providers/microsoft.insights/metricalerts/high mem usage-csc-reportserver04,microsoft.insights/metricalerts,Unknown,[],0.092190985,0.092190985,USD
rg52-prod-csc,/subscriptions/6276588a-9234-41ee-a81c-7538ea3a817e/resourcegroups/rg52-prod-csc,KioSoft Globalazure  Subscription,6276588a-9234-41ee-a81c-7538ea3a817e,high mem usage-csc-retail-web01,/subscriptions/6276588a-9234-41ee-a81c-7538ea3a817e/resourcegroups/rg52-prod-csc/providers/microsoft.insights/metricalerts/high mem usage-csc-retail-web01,microsoft.insights/metricalerts,Unknown,[],0.092190985,0.092190985,USD
rg52-prod-csc,/subscriptions/6276588a-9234-41ee-a81c-7538ea3a817e/resourcegroups/rg52-prod-csc,KioSoft Globalazure  Subscription,6276588a-9234-41ee-a81c-7538ea3a817e,high mem usage-csc-retail-web02,/subscriptions/6276588a-9234-41ee-a81c-7538ea3a817e/resourcegroups/rg52-prod-csc/providers/microsoft.insights/metricalerts/high mem usage-csc-retail-web02,microsoft.insights/metricalerts,Unknown,[],0.092190985,0.092190985,USD
rg52-prod-csc,/subscriptions/6276588a-9234-41ee-a81c-7538ea3a817e/resourcegroups/rg52-prod-csc,KioSoft Globalazure  Subscription,6276588a-9234-41ee-a81c-7538ea3a817e,high mem usage-csc-retail-web03,/subscriptions/6276588a-9234-41ee-a81c-7538ea3a817e/resourcegroups/rg52-prod-csc/providers/microsoft.insights/metricalerts/high mem usage-csc-retail-web03,microsoft.insights/metricalerts,Unknown,[],0.092190985,0.092190985,USD
rg52-prod-csc,/subscriptions/6276588a-9234-41ee-a81c-7538ea3a817e/resourcegroups/rg52-prod-csc,KioSoft Globalazure  Subscription,6276588a-9234-41ee-a81c-7538ea3a817e,high mem usage-csc-retail-web04,/subscriptions/6276588a-9234-41ee-a81c-7538ea3a817e/resourcegroups/rg52-prod-csc/providers/microsoft.insights/metricalerts/high mem usage-csc-retail-web04,microsoft.insights/metricalerts,Unknown,[],0.092190985,0.092190985,USD
rg52-prod-csc,/subscriptions/6276588a-9234-41ee-a81c-7538ea3a817e/resourcegroups/rg52-prod-csc,KioSoft Globalazure  Subscription,6276588a-9234-41ee-a81c-7538ea3a817e,high mem usage-csc-universal-soft01,/subscriptions/6276588a-9234-41ee-a81c-7538ea3a817e/resourcegroups/rg52-prod-csc/providers/microsoft.insights/metricalerts/high mem usage-csc-universal-soft01,microsoft.insights/metricalerts,Unknown,[],0.092190985,0.092190985,USD
rg52-prod-csc,/subscriptions/6276588a-9234-41ee-a81c-7538ea3a817e/resourcegroups/rg52-prod-csc,KioSoft Globalazure  Subscription,6276588a-9234-41ee-a81c-7538ea3a817e,high mem usage-csc-universal-web01,/subscriptions/6276588a-9234-41ee-a81c-7538ea3a817e/resourcegroups/rg52-prod-csc/providers/microsoft.insights/metricalerts/high mem usage-csc-universal-web01,microsoft.insights/metricalerts,Unknown,[],0.092190985,0.092190985,USD
rg52-prod-csc,/subscriptions/6276588a-9234-41ee-a81c-7538ea3a817e/resourcegroups/rg52-prod-csc,KioSoft Globalazure  Subscription,6276588a-9234-41ee-a81c-7538ea3a817e,high mem usage-csc-universal-web02,/subscriptions/6276588a-9234-41ee-a81c-7538ea3a817e/resourcegroups/rg52-prod-csc/providers/microsoft.insights/metricalerts/high mem usage-csc-universal-web02,microsoft.insights/metricalerts,Unknown,[],0.092190985,0.092190985,USD
rg52-prod-csc,/subscriptions/6276588a-9234-41ee-a81c-7538ea3a817e/resourcegroups/rg52-prod-csc,KioSoft Globalazure  Subscription,6276588a-9234-41ee-a81c-7538ea3a817e,high mem usage-csc-universal-web03,/subscriptions/6276588a-9234-41ee-a81c-7538ea3a817e/resourcegroups/rg52-prod-csc/providers/microsoft.insights/metricalerts/high mem usage-csc-universal-web03,microsoft.insights/metricalerts,Unknown,[],0.092190985,0.092190985,USD
rg52-prod-csc,/subscriptions/6276588a-9234-41ee-a81c-7538ea3a817e/resourcegroups/rg52-prod-csc,KioSoft Globalazure  Subscription,6276588a-9234-41ee-a81c-7538ea3a817e,high mem usage-csc-universal-web04,/subscriptions/6276588a-9234-41ee-a81c-7538ea3a817e/resourcegroups/rg52-prod-csc/providers/microsoft.insights/metricalerts/high mem usage-csc-universal-web04,microsoft.insights/metricalerts,Unknown,[],0.092190985,0.092190985,USD
rg52-prod-csc,/subscriptions/6276588a-9234-41ee-a81c-7538ea3a817e/resourcegroups/rg52-prod-csc,KioSoft Globalazure  Subscription,6276588a-9234-41ee-a81c-7538ea3a817e,high cpu usage-csc-universal-web04,/subscriptions/6276588a-9234-41ee-a81c-7538ea3a817e/resourcegroups/rg52-prod-csc/providers/microsoft.insights/metricalerts/high cpu usage-csc-universal-web04,microsoft.insights/metricalerts,Unknown,[],0.092062918,0.092062918,USD
rg52-prod-csc,/subscriptions/6276588a-9234-41ee-a81c-7538ea3a817e/resourcegroups/rg52-prod-csc,KioSoft Globalazure  Subscription,6276588a-9234-41ee-a81c-7538ea3a817e,high storage usage-mariadb48-prod-csc-retail,/subscriptions/6276588a-9234-41ee-a81c-7538ea3a817e/resourcegroups/rg52-prod-csc/providers/microsoft.insights/metricalerts/high storage usage-mariadb48-prod-csc-retail,microsoft.insights/metricalerts,Unknown,[],0.059038769,0.059038769,USD
rg52-prod-csc,/subscriptions/6276588a-9234-41ee-a81c-7538ea3a817e/resourcegroups/rg52-prod-csc,KioSoft Globalazure  Subscription,6276588a-9234-41ee-a81c-7538ea3a817e,high cpu usage-mariadb27-prod-csc-universal,/subscriptions/6276588a-9234-41ee-a81c-7538ea3a817e/resourcegroups/rg52-prod-csc/providers/microsoft.insights/metricalerts/high cpu usage-mariadb27-prod-csc-universal,microsoft.insights/metricalerts,Unknown,[],0.058654569,0.058654569,USD
rg52-prod-csc,/subscriptions/6276588a-9234-41ee-a81c-7538ea3a817e/resourcegroups/rg52-prod-csc,KioSoft Globalazure  Subscription,6276588a-9234-41ee-a81c-7538ea3a817e,high cpu usage-mariadb48-prod-csc-retail,/subscriptions/6276588a-9234-41ee-a81c-7538ea3a817e/resourcegroups/rg52-prod-csc/providers/microsoft.insights/metricalerts/high cpu usage-mariadb48-prod-csc-retail,microsoft.insights/metricalerts,Unknown,[],0.058654569,0.058654569,USD
rg52-prod-csc,/subscriptions/6276588a-9234-41ee-a81c-7538ea3a817e/resourcegroups/rg52-prod-csc,KioSoft Globalazure  Subscription,6276588a-9234-41ee-a81c-7538ea3a817e,high memory usage-mariadb27-prod-csc-universal,/subscriptions/6276588a-9234-41ee-a81c-7538ea3a817e/resourcegroups/rg52-prod-csc/providers/microsoft.insights/metricalerts/high memory usage-mariadb27-prod-csc-universal,microsoft.insights/metricalerts,Unknown,[],0.058526502,0.058526502,USD
rg52-prod-csc,/subscriptions/6276588a-9234-41ee-a81c-7538ea3a817e/resourcegroups/rg52-prod-csc,KioSoft Globalazure  Subscription,6276588a-9234-41ee-a81c-7538ea3a817e,high storage usage-mariadb27-prod-csc-universal,/subscriptions/6276588a-9234-41ee-a81c-7538ea3a817e/resourcegroups/rg52-prod-csc/providers/microsoft.insights/metricalerts/high storage usage-mariadb27-prod-csc-universal,microsoft.insights/metricalerts,Unknown,[],0.058270369,0.058270369,USD
rg52-prod-csc,/subscriptions/6276588a-9234-41ee-a81c-7538ea3a817e/resourcegroups/rg52-prod-csc,KioSoft Globalazure  Subscription,6276588a-9234-41ee-a81c-7538ea3a817e,high memory usage-mariadb48-prod-csc-retail,/subscriptions/6276588a-9234-41ee-a81c-7538ea3a817e/resourcegroups/rg52-prod-csc/providers/microsoft.insights/metricalerts/high memory usage-mariadb48-prod-csc-retail,microsoft.insights/metricalerts,Unknown,[],0.057501968,0.057501968,USD
rg52-prod-csc,/subscriptions/6276588a-9234-41ee-a81c-7538ea3a817e/resourcegroups/rg52-prod-csc,KioSoft Globalazure  Subscription,6276588a-9234-41ee-a81c-7538ea3a817e,redis06-prod-csc-retail,/subscriptions/6276588a-9234-41ee-a81c-7538ea3a817e/resourcegroups/rg52-prod-csc/providers/microsoft.cache/redis/redis06-prod-csc-retail,Redis cache,US East,[],0,0,USD
rg47-prod-cleanstore,/subscriptions/6276588a-9234-41ee-a81c-7538ea3a817e/resourcegroups/rg47-prod-cleanstore,KioSoft Globalazure  Subscription,6276588a-9234-41ee-a81c-7538ea3a817e,mysql12-prod-cleanstore,/subscriptions/6276588a-9234-41ee-a81c-7538ea3a817e/resourcegroups/rg47-prod-cleanstore/providers/microsoft.dbformysql/flexibleservers/mysql12-prod-cleanstore,Azure Database for MySQL flexible server,US East,"[""\""environment\"":\""production\"""",""\""db-usage\"":\""cleanstore\"""",""\""db-size\"":\""general purpose, d16ads_v5, 16 vcores, 64 gib ram, 850 gb storage, 2850 iops\"""",""\""db-size\"":\""general purpose, d16ads_v5, 16 vcores, 64 gib ram, 662 storage, 2286 iops\""""]",1267.267276,1267.267276,USD
rg47-prod-cleanstore,/subscriptions/6276588a-9234-41ee-a81c-7538ea3a817e/resourcegroups/rg47-prod-cleanstore,KioSoft Globalazure  Subscription,6276588a-9234-41ee-a81c-7538ea3a817e,mysql19-prod-cleanstore-db02,/subscriptions/6276588a-9234-41ee-a81c-7538ea3a817e/resourcegroups/rg47-prod-cleanstore/providers/microsoft.dbformysql/flexibleservers/mysql19-prod-cleanstore-db02,Azure Database for MySQL flexible server,US East,"[""\""environment\"":\""production\"""",""\""db-size\"":\""general purpose, d4ds_v4, 4 vcores, 16 gib ram, 850 gib storage, 2850 iops\"""",""\""db-usage\"":\""cleanstore\"""",""\""db-size\"":\""general purpose, d4ds_v4, 4 vcores, 16 gib ram, 670 gib storage, 6400 iops\""""]",213.1230716,213.1230716,USD
rg47-prod-cleanstore,/subscriptions/6276588a-9234-41ee-a81c-7538ea3a817e/resourcegroups/rg47-prod-cleanstore,KioSoft Globalazure  Subscription,6276588a-9234-41ee-a81c-7538ea3a817e,vm120-prod-cleanstore-web08,/subscriptions/6276588a-9234-41ee-a81c-7538ea3a817e/resourcegroups/rg47-prod-cleanstore/providers/microsoft.compute/virtualmachines/vm120-prod-cleanstore-web08,Virtual machine,"US East, Intercontinental","[""\""environment\"":\""production\"""",""\""product\"":\""market - retail\"""",""\""publisher\"":\""openlogic\""""]",40.73105942,40.73105942,USD
rg47-prod-cleanstore,/subscriptions/6276588a-9234-41ee-a81c-7538ea3a817e/resourcegroups/rg47-prod-cleanstore,KioSoft Globalazure  Subscription,6276588a-9234-41ee-a81c-7538ea3a817e,vm138-prod-cleanstore-web10,/subscriptions/6276588a-9234-41ee-a81c-7538ea3a817e/resourcegroups/rg47-prod-cleanstore/providers/microsoft.compute/virtualmachines/vm138-prod-cleanstore-web10,Virtual machine,"US East, Intercontinental","[""\""environment\"":\""production\"""",""\""product\"":\""market - retail\"""",""\""publisher\"":\""openlogic\""""]",39.85838364,39.85838364,USD
rg47-prod-cleanstore,/subscriptions/6276588a-9234-41ee-a81c-7538ea3a817e/resourcegroups/rg47-prod-cleanstore,KioSoft Globalazure  Subscription,6276588a-9234-41ee-a81c-7538ea3a817e,vm123-prod-cleanstore-web09,/subscriptions/6276588a-9234-41ee-a81c-7538ea3a817e/resourcegroups/rg47-prod-cleanstore/providers/microsoft.compute/virtualmachines/vm123-prod-cleanstore-web09,Virtual machine,"US East, Intercontinental","[""\""environment\"":\""production\"""",""\""product\"":\""market - retail\"""",""\""publisher\"":\""openlogic\""""]",39.69415959,39.69415959,USD
rg47-prod-cleanstore,/subscriptions/6276588a-9234-41ee-a81c-7538ea3a817e/resourcegroups/rg47-prod-cleanstore,KioSoft Globalazure  Subscription,6276588a-9234-41ee-a81c-7538ea3a817e,tm03-prod-cleanstore,/subscriptions/6276588a-9234-41ee-a81c-7538ea3a817e/resourcegroups/rg47-prod-cleanstore/providers/microsoft.network/trafficmanagerprofiles/tm03-prod-cleanstore,Traffic Manager profile,Unknown,[],20.8619531,20.8619531,USD
rg47-prod-cleanstore,/subscriptions/6276588a-9234-41ee-a81c-7538ea3a817e/resourcegroups/rg47-prod-cleanstore,KioSoft Globalazure  Subscription,6276588a-9234-41ee-a81c-7538ea3a817e,sa26prodcleanstore,/subscriptions/6276588a-9234-41ee-a81c-7538ea3a817e/resourcegroups/rg47-prod-cleanstore/providers/microsoft.storage/storageaccounts/sa26prodcleanstore,Storage account,US East,[],19.56966681,19.56966681,USD
rg47-prod-cleanstore,/subscriptions/6276588a-9234-41ee-a81c-7538ea3a817e/resourcegroups/rg47-prod-cleanstore,KioSoft Globalazure  Subscription,6276588a-9234-41ee-a81c-7538ea3a817e,vm120prodcleanstoreweb08-osdisk-20240103-020640,/subscriptions/6276588a-9234-41ee-a81c-7538ea3a817e/resourcegroups/rg47-prod-cleanstore/providers/microsoft.compute/disks/vm120prodcleanstoreweb08-osdisk-20240103-020640,Disk,US East,"[""\""rsvaultbackup\"":\""016085e0-6075-418b-b876-03e0ae9cb5fe\""""]",19.28583596,19.28583596,USD
rg47-prod-cleanstore,/subscriptions/6276588a-9234-41ee-a81c-7538ea3a817e/resourcegroups/rg47-prod-cleanstore,KioSoft Globalazure  Subscription,6276588a-9234-41ee-a81c-7538ea3a817e,vm123-prod-cleanstore-web09_osdisk,/subscriptions/6276588a-9234-41ee-a81c-7538ea3a817e/resourcegroups/rg47-prod-cleanstore/providers/microsoft.compute/disks/vm123-prod-cleanstore-web09_osdisk,Disk,US East,[],19.28583596,19.28583596,USD
rg47-prod-cleanstore,/subscriptions/6276588a-9234-41ee-a81c-7538ea3a817e/resourcegroups/rg47-prod-cleanstore,KioSoft Globalazure  Subscription,6276588a-9234-41ee-a81c-7538ea3a817e,vm138-prod-cleanstore-web10_os,/subscriptions/6276588a-9234-41ee-a81c-7538ea3a817e/resourcegroups/rg47-prod-cleanstore/providers/microsoft.compute/disks/vm138-prod-cleanstore-web10_os,Disk,US East,[],19.28583596,19.28583596,USD
rg47-prod-cleanstore,/subscriptions/6276588a-9234-41ee-a81c-7538ea3a817e/resourcegroups/rg47-prod-cleanstore,KioSoft Globalazure  Subscription,6276588a-9234-41ee-a81c-7538ea3a817e,pe01-sa26-prod-cleanstore,/subscriptions/6276588a-9234-41ee-a81c-7538ea3a817e/resourcegroups/rg47-prod-cleanstore/providers/microsoft.network/privateendpoints/pe01-sa26-prod-cleanstore,Private endpoint,US East,[],7.2,7.2,USD
rg47-prod-cleanstore,/subscriptions/6276588a-9234-41ee-a81c-7538ea3a817e/resourcegroups/rg47-prod-cleanstore,KioSoft Globalazure  Subscription,6276588a-9234-41ee-a81c-7538ea3a817e,pe02-sa26-prod-cleanstore,/subscriptions/6276588a-9234-41ee-a81c-7538ea3a817e/resourcegroups/rg47-prod-cleanstore/providers/microsoft.network/privateendpoints/pe02-sa26-prod-cleanstore,Private endpoint,US East,[],7.2,7.2,USD
rg47-prod-cleanstore,/subscriptions/6276588a-9234-41ee-a81c-7538ea3a817e/resourcegroups/rg47-prod-cleanstore,KioSoft Globalazure  Subscription,6276588a-9234-41ee-a81c-7538ea3a817e,priend01-prod-cleanstore-db02,/subscriptions/6276588a-9234-41ee-a81c-7538ea3a817e/resourcegroups/rg47-prod-cleanstore/providers/microsoft.network/privateendpoints/priend01-prod-cleanstore-db02,Private endpoint,US East,[],7.2,7.2,USD
rg47-prod-cleanstore,/subscriptions/6276588a-9234-41ee-a81c-7538ea3a817e/resourcegroups/rg47-prod-cleanstore,KioSoft Globalazure  Subscription,6276588a-9234-41ee-a81c-7538ea3a817e,pip148-vm114-prod-cleanstore-web04,/subscriptions/6276588a-9234-41ee-a81c-7538ea3a817e/resourcegroups/rg47-prod-cleanstore/providers/microsoft.network/publicipaddresses/pip148-vm114-prod-cleanstore-web04,Public IP address,US East,[],3.600039685,3.600039685,USD
rg47-prod-cleanstore,/subscriptions/6276588a-9234-41ee-a81c-7538ea3a817e/resourcegroups/rg47-prod-cleanstore,KioSoft Globalazure  Subscription,6276588a-9234-41ee-a81c-7538ea3a817e,pip149-vm115-prod-cleanstore-web05,/subscriptions/6276588a-9234-41ee-a81c-7538ea3a817e/resourcegroups/rg47-prod-cleanstore/providers/microsoft.network/publicipaddresses/pip149-vm115-prod-cleanstore-web05,Public IP address,US East,[],3.600039685,3.600039685,USD
rg47-prod-cleanstore,/subscriptions/6276588a-9234-41ee-a81c-7538ea3a817e/resourcegroups/rg47-prod-cleanstore,KioSoft Globalazure  Subscription,6276588a-9234-41ee-a81c-7538ea3a817e,vm67-prod-cleanstore-web02-ip,/subscriptions/6276588a-9234-41ee-a81c-7538ea3a817e/resourcegroups/rg47-prod-cleanstore/providers/microsoft.network/publicipaddresses/vm67-prod-cleanstore-web02-ip,Public IP address,US East,[],3.600039685,3.600039685,USD
rg47-prod-cleanstore,/subscriptions/6276588a-9234-41ee-a81c-7538ea3a817e/resourcegroups/rg47-prod-cleanstore,KioSoft Globalazure  Subscription,6276588a-9234-41ee-a81c-7538ea3a817e,privatelink.mysql.database.azure.com,/subscriptions/6276588a-9234-41ee-a81c-7538ea3a817e/resourcegroups/rg47-prod-cleanstore/providers/microsoft.network/privatednszones/privatelink.mysql.database.azure.com,Private DNS zone,Unknown,[],0.503786586,0.503786586,USD
rg47-prod-cleanstore,/subscriptions/6276588a-9234-41ee-a81c-7538ea3a817e/resourcegroups/rg47-prod-cleanstore,KioSoft Globalazure  Subscription,6276588a-9234-41ee-a81c-7538ea3a817e,privatelink.file.core.windows.net,/subscriptions/6276588a-9234-41ee-a81c-7538ea3a817e/resourcegroups/rg47-prod-cleanstore/providers/microsoft.network/privatednszones/privatelink.file.core.windows.net,Private DNS zone,Unknown,[],0.483743502,0.483743502,USD
rg47-prod-cleanstore,/subscriptions/6276588a-9234-41ee-a81c-7538ea3a817e/resourcegroups/rg47-prod-cleanstore,KioSoft Globalazure  Subscription,6276588a-9234-41ee-a81c-7538ea3a817e,[critical mysql offline]-mysql12-prod-cleanstore,/subscriptions/6276588a-9234-41ee-a81c-7538ea3a817e/resourcegroups/rg47-prod-cleanstore/providers/microsoft.insights/metricalerts/[critical mysql offline]-mysql12-prod-cleanstore,microsoft.insights/metricalerts,Unknown,[],0.092190985,0.092190985,USD
rg47-prod-cleanstore,/subscriptions/6276588a-9234-41ee-a81c-7538ea3a817e/resourcegroups/rg47-prod-cleanstore,KioSoft Globalazure  Subscription,6276588a-9234-41ee-a81c-7538ea3a817e,[critical mysql offline]-mysql19-prod-cleanstore-db02,/subscriptions/6276588a-9234-41ee-a81c-7538ea3a817e/resourcegroups/rg47-prod-cleanstore/providers/microsoft.insights/metricalerts/[critical mysql offline]-mysql19-prod-cleanstore-db02,microsoft.insights/metricalerts,Unknown,[],0.092190985,0.092190985,USD
rg47-prod-cleanstore,/subscriptions/6276588a-9234-41ee-a81c-7538ea3a817e/resourcegroups/rg47-prod-cleanstore,KioSoft Globalazure  Subscription,6276588a-9234-41ee-a81c-7538ea3a817e,[high replication lag]-mysql19-prod-cleanstore-db02,/subscriptions/6276588a-9234-41ee-a81c-7538ea3a817e/resourcegroups/rg47-prod-cleanstore/providers/microsoft.insights/metricalerts/[high replication lag]-mysql19-prod-cleanstore-db02,microsoft.insights/metricalerts,Unknown,[],0.092190985,0.092190985,USD
rg47-prod-cleanstore,/subscriptions/6276588a-9234-41ee-a81c-7538ea3a817e/resourcegroups/rg47-prod-cleanstore,KioSoft Globalazure  Subscription,6276588a-9234-41ee-a81c-7538ea3a817e,[high storage io percent]-mysql12-prod-cleanstore,/subscriptions/6276588a-9234-41ee-a81c-7538ea3a817e/resourcegroups/rg47-prod-cleanstore/providers/microsoft.insights/metricalerts/[high storage io percent]-mysql12-prod-cleanstore,microsoft.insights/metricalerts,Unknown,[],0.092190985,0.092190985,USD
rg47-prod-cleanstore,/subscriptions/6276588a-9234-41ee-a81c-7538ea3a817e/resourcegroups/rg47-prod-cleanstore,KioSoft Globalazure  Subscription,6276588a-9234-41ee-a81c-7538ea3a817e,ddos attack-cleanstore-web02,/subscriptions/6276588a-9234-41ee-a81c-7538ea3a817e/resourcegroups/rg47-prod-cleanstore/providers/microsoft.insights/metricalerts/ddos attack-cleanstore-web02,microsoft.insights/metricalerts,Unknown,[],0.092190985,0.092190985,USD
rg47-prod-cleanstore,/subscriptions/6276588a-9234-41ee-a81c-7538ea3a817e/resourcegroups/rg47-prod-cleanstore,KioSoft Globalazure  Subscription,6276588a-9234-41ee-a81c-7538ea3a817e,ddos attack-cleanstore-web05,/subscriptions/6276588a-9234-41ee-a81c-7538ea3a817e/resourcegroups/rg47-prod-cleanstore/providers/microsoft.insights/metricalerts/ddos attack-cleanstore-web05,microsoft.insights/metricalerts,Unknown,[],0.092190985,0.092190985,USD
rg47-prod-cleanstore,/subscriptions/6276588a-9234-41ee-a81c-7538ea3a817e/resourcegroups/rg47-prod-cleanstore,KioSoft Globalazure  Subscription,6276588a-9234-41ee-a81c-7538ea3a817e,ddos attack-cleanstore-web06,/subscriptions/6276588a-9234-41ee-a81c-7538ea3a817e/resourcegroups/rg47-prod-cleanstore/providers/microsoft.insights/metricalerts/ddos attack-cleanstore-web06,microsoft.insights/metricalerts,Unknown,[],0.092190985,0.092190985,USD
rg47-prod-cleanstore,/subscriptions/6276588a-9234-41ee-a81c-7538ea3a817e/resourcegroups/rg47-prod-cleanstore,KioSoft Globalazure  Subscription,6276588a-9234-41ee-a81c-7538ea3a817e,high connections -mysql19-prod-cleanstore-db02,/subscriptions/6276588a-9234-41ee-a81c-7538ea3a817e/resourcegroups/rg47-prod-cleanstore/providers/microsoft.insights/metricalerts/high connections -mysql19-prod-cleanstore-db02,microsoft.insights/metricalerts,Unknown,[],0.092190985,0.092190985,USD
rg47-prod-cleanstore,/subscriptions/6276588a-9234-41ee-a81c-7538ea3a817e/resourcegroups/rg47-prod-cleanstore,KioSoft Globalazure  Subscription,6276588a-9234-41ee-a81c-7538ea3a817e,high cpu usage-cleanstore-web08,/subscriptions/6276588a-9234-41ee-a81c-7538ea3a817e/resourcegroups/rg47-prod-cleanstore/providers/microsoft.insights/metricalerts/high cpu usage-cleanstore-web08,microsoft.insights/metricalerts,Unknown,[],0.092190985,0.092190985,USD
rg47-prod-cleanstore,/subscriptions/6276588a-9234-41ee-a81c-7538ea3a817e/resourcegroups/rg47-prod-cleanstore,KioSoft Globalazure  Subscription,6276588a-9234-41ee-a81c-7538ea3a817e,high cpu usage-cleanstore-web09,/subscriptions/6276588a-9234-41ee-a81c-7538ea3a817e/resourcegroups/rg47-prod-cleanstore/providers/microsoft.insights/metricalerts/high cpu usage-cleanstore-web09,microsoft.insights/metricalerts,Unknown,[],0.092190985,0.092190985,USD
rg47-prod-cleanstore,/subscriptions/6276588a-9234-41ee-a81c-7538ea3a817e/resourcegroups/rg47-prod-cleanstore,KioSoft Globalazure  Subscription,6276588a-9234-41ee-a81c-7538ea3a817e,high cpu usage-mysql12-prod-cleanstore,/subscriptions/6276588a-9234-41ee-a81c-7538ea3a817e/resourcegroups/rg47-prod-cleanstore/providers/microsoft.insights/metricalerts/high cpu usage-mysql12-prod-cleanstore,microsoft.insights/metricalerts,Unknown,[],0.092190985,0.092190985,USD
rg47-prod-cleanstore,/subscriptions/6276588a-9234-41ee-a81c-7538ea3a817e/resourcegroups/rg47-prod-cleanstore,KioSoft Globalazure  Subscription,6276588a-9234-41ee-a81c-7538ea3a817e,high cpu usage-mysql19-prod-cleanstore-db02,/subscriptions/6276588a-9234-41ee-a81c-7538ea3a817e/resourcegroups/rg47-prod-cleanstore/providers/microsoft.insights/metricalerts/high cpu usage-mysql19-prod-cleanstore-db02,microsoft.insights/metricalerts,Unknown,[],0.092190985,0.092190985,USD
rg47-prod-cleanstore,/subscriptions/6276588a-9234-41ee-a81c-7538ea3a817e/resourcegroups/rg47-prod-cleanstore,KioSoft Globalazure  Subscription,6276588a-9234-41ee-a81c-7538ea3a817e,high mem usage-cleanstore-web08,/subscriptions/6276588a-9234-41ee-a81c-7538ea3a817e/resourcegroups/rg47-prod-cleanstore/providers/microsoft.insights/metricalerts/high mem usage-cleanstore-web08,microsoft.insights/metricalerts,Unknown,[],0.092190985,0.092190985,USD
rg47-prod-cleanstore,/subscriptions/6276588a-9234-41ee-a81c-7538ea3a817e/resourcegroups/rg47-prod-cleanstore,KioSoft Globalazure  Subscription,6276588a-9234-41ee-a81c-7538ea3a817e,high mem usage-cleanstore-web09,/subscriptions/6276588a-9234-41ee-a81c-7538ea3a817e/resourcegroups/rg47-prod-cleanstore/providers/microsoft.insights/metricalerts/high mem usage-cleanstore-web09,microsoft.insights/metricalerts,Unknown,[],0.092190985,0.092190985,USD
rg47-prod-cleanstore,/subscriptions/6276588a-9234-41ee-a81c-7538ea3a817e/resourcegroups/rg47-prod-cleanstore,KioSoft Globalazure  Subscription,6276588a-9234-41ee-a81c-7538ea3a817e,high mem usage-mysql12-prod-cleanstore,/subscriptions/6276588a-9234-41ee-a81c-7538ea3a817e/resourcegroups/rg47-prod-cleanstore/providers/microsoft.insights/metricalerts/high mem usage-mysql12-prod-cleanstore,microsoft.insights/metricalerts,Unknown,[],0.092190985,0.092190985,USD
rg47-prod-cleanstore,/subscriptions/6276588a-9234-41ee-a81c-7538ea3a817e/resourcegroups/rg47-prod-cleanstore,KioSoft Globalazure  Subscription,6276588a-9234-41ee-a81c-7538ea3a817e,high mem usage-mysql19-prod-cleanstore-db02,/subscriptions/6276588a-9234-41ee-a81c-7538ea3a817e/resourcegroups/rg47-prod-cleanstore/providers/microsoft.insights/metricalerts/high mem usage-mysql19-prod-cleanstore-db02,microsoft.insights/metricalerts,Unknown,[],0.092190985,0.092190985,USD
rg47-prod-cleanstore,/subscriptions/6276588a-9234-41ee-a81c-7538ea3a817e/resourcegroups/rg47-prod-cleanstore,KioSoft Globalazure  Subscription,6276588a-9234-41ee-a81c-7538ea3a817e,high storage usage-mysql12-prod-cleanstore,/subscriptions/6276588a-9234-41ee-a81c-7538ea3a817e/resourcegroups/rg47-prod-cleanstore/providers/microsoft.insights/metricalerts/high storage usage-mysql12-prod-cleanstore,microsoft.insights/metricalerts,Unknown,[],0.092190985,0.092190985,USD
rg47-prod-cleanstore,/subscriptions/6276588a-9234-41ee-a81c-7538ea3a817e/resourcegroups/rg47-prod-cleanstore,KioSoft Globalazure  Subscription,6276588a-9234-41ee-a81c-7538ea3a817e,high storage usage-mysql19-prod-cleanstore-db02,/subscriptions/6276588a-9234-41ee-a81c-7538ea3a817e/resourcegroups/rg47-prod-cleanstore/providers/microsoft.insights/metricalerts/high storage usage-mysql19-prod-cleanstore-db02,microsoft.insights/metricalerts,Unknown,[],0.092190985,0.092190985,USD
rg47-prod-cleanstore,/subscriptions/6276588a-9234-41ee-a81c-7538ea3a817e/resourcegroups/rg47-prod-cleanstore,KioSoft Globalazure  Subscription,6276588a-9234-41ee-a81c-7538ea3a817e,low cpu usage-mysql12-prod-cleanstore,/subscriptions/6276588a-9234-41ee-a81c-7538ea3a817e/resourcegroups/rg47-prod-cleanstore/providers/microsoft.insights/metricalerts/low cpu usage-mysql12-prod-cleanstore,microsoft.insights/metricalerts,Unknown,[],0.092190985,0.092190985,USD
rg47-prod-cleanstore,/subscriptions/6276588a-9234-41ee-a81c-7538ea3a817e/resourcegroups/rg47-prod-cleanstore,KioSoft Globalazure  Subscription,6276588a-9234-41ee-a81c-7538ea3a817e,medium cpu usage-mysql12-prod-cleanstore,/subscriptions/6276588a-9234-41ee-a81c-7538ea3a817e/resourcegroups/rg47-prod-cleanstore/providers/microsoft.insights/metricalerts/medium cpu usage-mysql12-prod-cleanstore,microsoft.insights/metricalerts,Unknown,[],0.092190985,0.092190985,USD
rg47-prod-cleanstore,/subscriptions/6276588a-9234-41ee-a81c-7538ea3a817e/resourcegroups/rg47-prod-cleanstore,KioSoft Globalazure  Subscription,6276588a-9234-41ee-a81c-7538ea3a817e,[high storage io percent]-mysql19-prod-cleanstore-db02,/subscriptions/6276588a-9234-41ee-a81c-7538ea3a817e/resourcegroups/rg47-prod-cleanstore/providers/microsoft.insights/metricalerts/[high storage io percent]-mysql19-prod-cleanstore-db02,microsoft.insights/metricalerts,Unknown,[],0.092062918,0.092062918,USD
rg47-prod-cleanstore,/subscriptions/6276588a-9234-41ee-a81c-7538ea3a817e/resourcegroups/rg47-prod-cleanstore,KioSoft Globalazure  Subscription,6276588a-9234-41ee-a81c-7538ea3a817e,high cpu usage-cleanstore-web03,/subscriptions/6276588a-9234-41ee-a81c-7538ea3a817e/resourcegroups/rg47-prod-cleanstore/providers/microsoft.insights/metricalerts/high cpu usage-cleanstore-web03,microsoft.insights/metricalerts,Unknown,[],0.06019137,0.06019137,USD
rg47-prod-cleanstore,/subscriptions/6276588a-9234-41ee-a81c-7538ea3a817e/resourcegroups/rg47-prod-cleanstore,KioSoft Globalazure  Subscription,6276588a-9234-41ee-a81c-7538ea3a817e,high storage usage-mysql07-prod-cleanstore,/subscriptions/6276588a-9234-41ee-a81c-7538ea3a817e/resourcegroups/rg47-prod-cleanstore/providers/microsoft.insights/metricalerts/high storage usage-mysql07-prod-cleanstore,microsoft.insights/metricalerts,Unknown,[],0.06019137,0.06019137,USD
rg47-prod-cleanstore,/subscriptions/6276588a-9234-41ee-a81c-7538ea3a817e/resourcegroups/rg47-prod-cleanstore,KioSoft Globalazure  Subscription,6276588a-9234-41ee-a81c-7538ea3a817e,high mem usage-cleanstore-web05,/subscriptions/6276588a-9234-41ee-a81c-7538ea3a817e/resourcegroups/rg47-prod-cleanstore/providers/microsoft.insights/metricalerts/high mem usage-cleanstore-web05,microsoft.insights/metricalerts,Unknown,[],0.059422969,0.059422969,USD
rg47-prod-cleanstore,/subscriptions/6276588a-9234-41ee-a81c-7538ea3a817e/resourcegroups/rg47-prod-cleanstore,KioSoft Globalazure  Subscription,6276588a-9234-41ee-a81c-7538ea3a817e,ddos attack-cleanstore-web01,/subscriptions/6276588a-9234-41ee-a81c-7538ea3a817e/resourcegroups/rg47-prod-cleanstore/providers/microsoft.insights/metricalerts/ddos attack-cleanstore-web01,microsoft.insights/metricalerts,Unknown,[],0.059038769,0.059038769,USD
rg47-prod-cleanstore,/subscriptions/6276588a-9234-41ee-a81c-7538ea3a817e/resourcegroups/rg47-prod-cleanstore,KioSoft Globalazure  Subscription,6276588a-9234-41ee-a81c-7538ea3a817e,high cpu usage-cleanstore-web07,/subscriptions/6276588a-9234-41ee-a81c-7538ea3a817e/resourcegroups/rg47-prod-cleanstore/providers/microsoft.insights/metricalerts/high cpu usage-cleanstore-web07,microsoft.insights/metricalerts,Unknown,[],0.059038769,0.059038769,USD
rg47-prod-cleanstore,/subscriptions/6276588a-9234-41ee-a81c-7538ea3a817e/resourcegroups/rg47-prod-cleanstore,KioSoft Globalazure  Subscription,6276588a-9234-41ee-a81c-7538ea3a817e,high cpu usage-prod-cleanstore,/subscriptions/6276588a-9234-41ee-a81c-7538ea3a817e/resourcegroups/rg47-prod-cleanstore/providers/microsoft.insights/metricalerts/high cpu usage-prod-cleanstore,microsoft.insights/metricalerts,Unknown,[],0.059038769,0.059038769,USD
rg47-prod-cleanstore,/subscriptions/6276588a-9234-41ee-a81c-7538ea3a817e/resourcegroups/rg47-prod-cleanstore,KioSoft Globalazure  Subscription,6276588a-9234-41ee-a81c-7538ea3a817e,high cpu usage-cleanstore-web05,/subscriptions/6276588a-9234-41ee-a81c-7538ea3a817e/resourcegroups/rg47-prod-cleanstore/providers/microsoft.insights/metricalerts/high cpu usage-cleanstore-web05,microsoft.insights/metricalerts,Unknown,[],0.058526502,0.058526502,USD
rg47-prod-cleanstore,/subscriptions/6276588a-9234-41ee-a81c-7538ea3a817e/resourcegroups/rg47-prod-cleanstore,KioSoft Globalazure  Subscription,6276588a-9234-41ee-a81c-7538ea3a817e,high cpu usage-cleanstore-web01,/subscriptions/6276588a-9234-41ee-a81c-7538ea3a817e/resourcegroups/rg47-prod-cleanstore/providers/microsoft.insights/metricalerts/high cpu usage-cleanstore-web01,microsoft.insights/metricalerts,Unknown,[],0.058270369,0.058270369,USD
rg47-prod-cleanstore,/subscriptions/6276588a-9234-41ee-a81c-7538ea3a817e/resourcegroups/rg47-prod-cleanstore,KioSoft Globalazure  Subscription,6276588a-9234-41ee-a81c-7538ea3a817e,high cpu usage-cleanstore-web02,/subscriptions/6276588a-9234-41ee-a81c-7538ea3a817e/resourcegroups/rg47-prod-cleanstore/providers/microsoft.insights/metricalerts/high cpu usage-cleanstore-web02,microsoft.insights/metricalerts,Unknown,[],0.058270369,0.058270369,USD
rg47-prod-cleanstore,/subscriptions/6276588a-9234-41ee-a81c-7538ea3a817e/resourcegroups/rg47-prod-cleanstore,KioSoft Globalazure  Subscription,6276588a-9234-41ee-a81c-7538ea3a817e,high mem usage-cleanstore-web02,/subscriptions/6276588a-9234-41ee-a81c-7538ea3a817e/resourcegroups/rg47-prod-cleanstore/providers/microsoft.insights/metricalerts/high mem usage-cleanstore-web02,microsoft.insights/metricalerts,Unknown,[],0.057886169,0.057886169,USD
rg47-prod-cleanstore,/subscriptions/6276588a-9234-41ee-a81c-7538ea3a817e/resourcegroups/rg47-prod-cleanstore,KioSoft Globalazure  Subscription,6276588a-9234-41ee-a81c-7538ea3a817e,high mem usage-cleanstore-web07,/subscriptions/6276588a-9234-41ee-a81c-7538ea3a817e/resourcegroups/rg47-prod-cleanstore/providers/microsoft.insights/metricalerts/high mem usage-cleanstore-web07,microsoft.insights/metricalerts,Unknown,[],0.057886169,0.057886169,USD
rg47-prod-cleanstore,/subscriptions/6276588a-9234-41ee-a81c-7538ea3a817e/resourcegroups/rg47-prod-cleanstore,KioSoft Globalazure  Subscription,6276588a-9234-41ee-a81c-7538ea3a817e,high mem usage-prod-cleanstore,/subscriptions/6276588a-9234-41ee-a81c-7538ea3a817e/resourcegroups/rg47-prod-cleanstore/providers/microsoft.insights/metricalerts/high mem usage-prod-cleanstore,microsoft.insights/metricalerts,Unknown,[],0.057886169,0.057886169,USD
rg47-prod-cleanstore,/subscriptions/6276588a-9234-41ee-a81c-7538ea3a817e/resourcegroups/rg47-prod-cleanstore,KioSoft Globalazure  Subscription,6276588a-9234-41ee-a81c-7538ea3a817e,high mem usage-cleanstore-web03,/subscriptions/6276588a-9234-41ee-a81c-7538ea3a817e/resourcegroups/rg47-prod-cleanstore/providers/microsoft.insights/metricalerts/high mem usage-cleanstore-web03,microsoft.insights/metricalerts,Unknown,[],0.057501968,0.057501968,USD
rg47-prod-cleanstore,/subscriptions/6276588a-9234-41ee-a81c-7538ea3a817e/resourcegroups/rg47-prod-cleanstore,KioSoft Globalazure  Subscription,6276588a-9234-41ee-a81c-7538ea3a817e,high mem usage-cleanstore-web01,/subscriptions/6276588a-9234-41ee-a81c-7538ea3a817e/resourcegroups/rg47-prod-cleanstore/providers/microsoft.insights/metricalerts/high mem usage-cleanstore-web01,microsoft.insights/metricalerts,Unknown,[],0.057117768,0.057117768,USD
rg47-prod-cleanstore,/subscriptions/6276588a-9234-41ee-a81c-7538ea3a817e/resourcegroups/rg47-prod-cleanstore,KioSoft Globalazure  Subscription,6276588a-9234-41ee-a81c-7538ea3a817e,sa18prodcleanstore,/subscriptions/6276588a-9234-41ee-a81c-7538ea3a817e/resourcegroups/rg47-prod-cleanstore/providers/microsoft.storage/storageaccounts/sa18prodcleanstore,Storage account,US East,[],0.030157316,0.030157316,USD
rg20003-prod-csc,/subscriptions/6276588a-9234-41ee-a81c-7538ea3a817e/resourcegroups/rg20003-prod-csc,KioSoft Globalazure  Subscription,6276588a-9234-41ee-a81c-7538ea3a817e,mysql22-prod-csc-retail,/subscriptions/6276588a-9234-41ee-a81c-7538ea3a817e/resourcegroups/rg20003-prod-csc/providers/microsoft.dbformysql/flexibleservers/mysql22-prod-csc-retail,Azure Database for MySQL flexible server,US East,"[""\""environment\"":\""production\"""",""\""db-size\"":\""business critical, e64ads_v5, 64 vcores, 512 gib ram, 1312 gib storage, 64000 iops2\"""",""\""db-usage\"":\""csc-cleanstore\""""]",1213.485746,1213.485746,USD
rg20003-prod-csc,/subscriptions/6276588a-9234-41ee-a81c-7538ea3a817e/resourcegroups/rg20003-prod-csc,KioSoft Globalazure  Subscription,6276588a-9234-41ee-a81c-7538ea3a817e,mysql23-prod-csc-universal,/subscriptions/6276588a-9234-41ee-a81c-7538ea3a817e/resourcegroups/rg20003-prod-csc/providers/microsoft.dbformysql/flexibleservers/mysql23-prod-csc-universal,Azure Database for MySQL flexible server,US East,"[""\""environment\"":\""production\"""",""\""db-size\"":\""business critical, e16ads_v5, 16 vcores, 128 gib ram, 112 gib storage, 28000 iops\"""",""\""db-usage\"":\""csc-universal\""""]",79.27155113,79.27155113,USD
rg20003-prod-csc,/subscriptions/6276588a-9234-41ee-a81c-7538ea3a817e/resourcegroups/rg20003-prod-csc,KioSoft Globalazure  Subscription,6276588a-9234-41ee-a81c-7538ea3a817e,disk20026-prod-elk01-data01,/subscriptions/6276588a-9234-41ee-a81c-7538ea3a817e/resourcegroups/rg20003-prod-csc/providers/microsoft.compute/disks/disk20026-prod-elk01-data01,Disk,US East,[],72.62644478,72.62644478,USD
rg20003-prod-csc,/subscriptions/6276588a-9234-41ee-a81c-7538ea3a817e/resourcegroups/rg20003-prod-csc,KioSoft Globalazure  Subscription,6276588a-9234-41ee-a81c-7538ea3a817e,disk20012-prod-csc-elk01-os,/subscriptions/6276588a-9234-41ee-a81c-7538ea3a817e/resourcegroups/rg20003-prod-csc/providers/microsoft.compute/disks/disk20012-prod-csc-elk01-os,Disk,US East,"[""\""environment\"":\""production\"""",""\""product\"":\""elk\""""]",42.05894737,42.05894737,USD
rg20003-prod-csc,/subscriptions/6276588a-9234-41ee-a81c-7538ea3a817e/resourcegroups/rg20003-prod-csc,KioSoft Globalazure  Subscription,6276588a-9234-41ee-a81c-7538ea3a817e,snapshot-disk20012-prod-csc-elk01-os,/subscriptions/6276588a-9234-41ee-a81c-7538ea3a817e/resourcegroups/rg20003-prod-csc/providers/microsoft.compute/snapshots/snapshot-disk20012-prod-csc-elk01-os,Snapshot,US East,[],26.99101062,26.99101062,USD
rg20003-prod-csc,/subscriptions/6276588a-9234-41ee-a81c-7538ea3a817e/resourcegroups/rg20003-prod-csc,KioSoft Globalazure  Subscription,6276588a-9234-41ee-a81c-7538ea3a817e,disk20025-prod-csc-elk01-os,/subscriptions/6276588a-9234-41ee-a81c-7538ea3a817e/resourcegroups/rg20003-prod-csc/providers/microsoft.compute/disks/disk20025-prod-csc-elk01-os,Disk,US East,"[""\""environment\"":\""production\"""",""\""product\"":\""elk-csc\""""]",17.22629916,17.22629916,USD
rg20003-prod-csc,/subscriptions/6276588a-9234-41ee-a81c-7538ea3a817e/resourcegroups/rg20003-prod-csc,KioSoft Globalazure  Subscription,6276588a-9234-41ee-a81c-7538ea3a817e,vm20021-prod-csc-elk01,/subscriptions/6276588a-9234-41ee-a81c-7538ea3a817e/resourcegroups/rg20003-prod-csc/providers/microsoft.compute/virtualmachines/vm20021-prod-csc-elk01,Virtual machine,US East,"[""\""environment\"":\""production\"""",""\""product\"":\""elk-csc\""""]",12.97858388,12.97858388,USD
rg20003-prod-csc,/subscriptions/6276588a-9234-41ee-a81c-7538ea3a817e/resourcegroups/rg20003-prod-csc,KioSoft Globalazure  Subscription,6276588a-9234-41ee-a81c-7538ea3a817e,vm20008-prod-csc-elk01,/subscriptions/6276588a-9234-41ee-a81c-7538ea3a817e/resourcegroups/rg20003-prod-csc/providers/microsoft.compute/virtualmachines/vm20008-prod-csc-elk01,Virtual machine,US East,"[""\""environment\"":\""production\"""",""\""product\"":\""elk\""""]",4.473983327,4.473983327,USD
rg20003-prod-csc,/subscriptions/6276588a-9234-41ee-a81c-7538ea3a817e/resourcegroups/rg20003-prod-csc,KioSoft Globalazure  Subscription,6276588a-9234-41ee-a81c-7538ea3a817e,pip20019-prod-csc-elk01,/subscriptions/6276588a-9234-41ee-a81c-7538ea3a817e/resourcegroups/rg20003-prod-csc/providers/microsoft.network/publicipaddresses/pip20019-prod-csc-elk01,Public IP address,US East,[],3.223895238,3.223895238,USD
rg20003-prod-csc,/subscriptions/6276588a-9234-41ee-a81c-7538ea3a817e/resourcegroups/rg20003-prod-csc,KioSoft Globalazure  Subscription,6276588a-9234-41ee-a81c-7538ea3a817e,pip20008-prod-csc-elk,/subscriptions/6276588a-9234-41ee-a81c-7538ea3a817e/resourcegroups/rg20003-prod-csc/providers/microsoft.network/publicipaddresses/pip20008-prod-csc-elk,Public IP address,US East,[],1.130012526,1.130012526,USD
rg20003-prod-csc,/subscriptions/6276588a-9234-41ee-a81c-7538ea3a817e/resourcegroups/rg20003-prod-csc,KioSoft Globalazure  Subscription,6276588a-9234-41ee-a81c-7538ea3a817e,vm20021-prod-csc-elk01_cpu-memory-alert,/subscriptions/6276588a-9234-41ee-a81c-7538ea3a817e/resourcegroups/rg20003-prod-csc/providers/microsoft.insights/metricalerts/vm20021-prod-csc-elk01_cpu-memory-alert,microsoft.insights/metricalerts,Unknown,[],0.165300024,0.165300024,USD
rg20003-prod-csc,/subscriptions/6276588a-9234-41ee-a81c-7538ea3a817e/resourcegroups/rg20003-prod-csc,KioSoft Globalazure  Subscription,6276588a-9234-41ee-a81c-7538ea3a817e,[critical mysql offline]-mysql22-prod-csc-retail,/subscriptions/6276588a-9234-41ee-a81c-7538ea3a817e/resourcegroups/rg20003-prod-csc/providers/microsoft.insights/metricalerts/[critical mysql offline]-mysql22-prod-csc-retail,microsoft.insights/metricalerts,Unknown,[],0.092190985,0.092190985,USD
rg20003-prod-csc,/subscriptions/6276588a-9234-41ee-a81c-7538ea3a817e/resourcegroups/rg20003-prod-csc,KioSoft Globalazure  Subscription,6276588a-9234-41ee-a81c-7538ea3a817e,[critical mysql offline]-mysql23-prod-csc-universal,/subscriptions/6276588a-9234-41ee-a81c-7538ea3a817e/resourcegroups/rg20003-prod-csc/providers/microsoft.insights/metricalerts/[critical mysql offline]-mysql23-prod-csc-universal,microsoft.insights/metricalerts,Unknown,[],0.092190985,0.092190985,USD
rg20003-prod-csc,/subscriptions/6276588a-9234-41ee-a81c-7538ea3a817e/resourcegroups/rg20003-prod-csc,KioSoft Globalazure  Subscription,6276588a-9234-41ee-a81c-7538ea3a817e,[high storage io percent]-mysql22-prod-csc-retail,/subscriptions/6276588a-9234-41ee-a81c-7538ea3a817e/resourcegroups/rg20003-prod-csc/providers/microsoft.insights/metricalerts/[high storage io percent]-mysql22-prod-csc-retail,microsoft.insights/metricalerts,Unknown,[],0.092190985,0.092190985,USD
rg20003-prod-csc,/subscriptions/6276588a-9234-41ee-a81c-7538ea3a817e/resourcegroups/rg20003-prod-csc,KioSoft Globalazure  Subscription,6276588a-9234-41ee-a81c-7538ea3a817e,[high storage io percent]-mysql23-prod-csc-universal,/subscriptions/6276588a-9234-41ee-a81c-7538ea3a817e/resourcegroups/rg20003-prod-csc/providers/microsoft.insights/metricalerts/[high storage io percent]-mysql23-prod-csc-universal,microsoft.insights/metricalerts,Unknown,[],0.092190985,0.092190985,USD
rg20003-prod-csc,/subscriptions/6276588a-9234-41ee-a81c-7538ea3a817e/resourcegroups/rg20003-prod-csc,KioSoft Globalazure  Subscription,6276588a-9234-41ee-a81c-7538ea3a817e,high connections -mysql22-prod-csc-retail,/subscriptions/6276588a-9234-41ee-a81c-7538ea3a817e/resourcegroups/rg20003-prod-csc/providers/microsoft.insights/metricalerts/high connections -mysql22-prod-csc-retail,microsoft.insights/metricalerts,Unknown,[],0.092190985,0.092190985,USD
rg20003-prod-csc,/subscriptions/6276588a-9234-41ee-a81c-7538ea3a817e/resourcegroups/rg20003-prod-csc,KioSoft Globalazure  Subscription,6276588a-9234-41ee-a81c-7538ea3a817e,high connections -mysql23-prod-csc-universal,/subscriptions/6276588a-9234-41ee-a81c-7538ea3a817e/resourcegroups/rg20003-prod-csc/providers/microsoft.insights/metricalerts/high connections -mysql23-prod-csc-universal,microsoft.insights/metricalerts,Unknown,[],0.092190985,0.092190985,USD
rg20003-prod-csc,/subscriptions/6276588a-9234-41ee-a81c-7538ea3a817e/resourcegroups/rg20003-prod-csc,KioSoft Globalazure  Subscription,6276588a-9234-41ee-a81c-7538ea3a817e,high cpu usage-mysql122-prod-csc-retail,/subscriptions/6276588a-9234-41ee-a81c-7538ea3a817e/resourcegroups/rg20003-prod-csc/providers/microsoft.insights/metricalerts/high cpu usage-mysql122-prod-csc-retail,microsoft.insights/metricalerts,Unknown,[],0.092190985,0.092190985,USD
rg20003-prod-csc,/subscriptions/6276588a-9234-41ee-a81c-7538ea3a817e/resourcegroups/rg20003-prod-csc,KioSoft Globalazure  Subscription,6276588a-9234-41ee-a81c-7538ea3a817e,high cpu usage-mysql23-prod-csc-universal,/subscriptions/6276588a-9234-41ee-a81c-7538ea3a817e/resourcegroups/rg20003-prod-csc/providers/microsoft.insights/metricalerts/high cpu usage-mysql23-prod-csc-universal,microsoft.insights/metricalerts,Unknown,[],0.092190985,0.092190985,USD
rg20003-prod-csc,/subscriptions/6276588a-9234-41ee-a81c-7538ea3a817e/resourcegroups/rg20003-prod-csc,KioSoft Globalazure  Subscription,6276588a-9234-41ee-a81c-7538ea3a817e,high mem usage-mysql22-prod-csc-retail,/subscriptions/6276588a-9234-41ee-a81c-7538ea3a817e/resourcegroups/rg20003-prod-csc/providers/microsoft.insights/metricalerts/high mem usage-mysql22-prod-csc-retail,microsoft.insights/metricalerts,Unknown,[],0.092190985,0.092190985,USD
rg20003-prod-csc,/subscriptions/6276588a-9234-41ee-a81c-7538ea3a817e/resourcegroups/rg20003-prod-csc,KioSoft Globalazure  Subscription,6276588a-9234-41ee-a81c-7538ea3a817e,high mem usage-mysql23-prod-csc-universal,/subscriptions/6276588a-9234-41ee-a81c-7538ea3a817e/resourcegroups/rg20003-prod-csc/providers/microsoft.insights/metricalerts/high mem usage-mysql23-prod-csc-universal,microsoft.insights/metricalerts,Unknown,[],0.092190985,0.092190985,USD
rg20003-prod-csc,/subscriptions/6276588a-9234-41ee-a81c-7538ea3a817e/resourcegroups/rg20003-prod-csc,KioSoft Globalazure  Subscription,6276588a-9234-41ee-a81c-7538ea3a817e,high storage usage-mysql22-prod-csc-retail,/subscriptions/6276588a-9234-41ee-a81c-7538ea3a817e/resourcegroups/rg20003-prod-csc/providers/microsoft.insights/metricalerts/high storage usage-mysql22-prod-csc-retail,microsoft.insights/metricalerts,Unknown,[],0.092190985,0.092190985,USD
rg20003-prod-csc,/subscriptions/6276588a-9234-41ee-a81c-7538ea3a817e/resourcegroups/rg20003-prod-csc,KioSoft Globalazure  Subscription,6276588a-9234-41ee-a81c-7538ea3a817e,high storage usage-mysql23-prod-csc-universal,/subscriptions/6276588a-9234-41ee-a81c-7538ea3a817e/resourcegroups/rg20003-prod-csc/providers/microsoft.insights/metricalerts/high storage usage-mysql23-prod-csc-universal,microsoft.insights/metricalerts,Unknown,[],0.092190985,0.092190985,USD
rg20003-prod-csc,/subscriptions/6276588a-9234-41ee-a81c-7538ea3a817e/resourcegroups/rg20003-prod-csc,KioSoft Globalazure  Subscription,6276588a-9234-41ee-a81c-7538ea3a817e,low cpu usage-mysql22-prod-csc-retail,/subscriptions/6276588a-9234-41ee-a81c-7538ea3a817e/resourcegroups/rg20003-prod-csc/providers/microsoft.insights/metricalerts/low cpu usage-mysql22-prod-csc-retail,microsoft.insights/metricalerts,Unknown,[],0.092190985,0.092190985,USD
rg20003-prod-csc,/subscriptions/6276588a-9234-41ee-a81c-7538ea3a817e/resourcegroups/rg20003-prod-csc,KioSoft Globalazure  Subscription,6276588a-9234-41ee-a81c-7538ea3a817e,low cpu usage-mysql23-prod-csc-universal,/subscriptions/6276588a-9234-41ee-a81c-7538ea3a817e/resourcegroups/rg20003-prod-csc/providers/microsoft.insights/metricalerts/low cpu usage-mysql23-prod-csc-universal,microsoft.insights/metricalerts,Unknown,[],0.092190985,0.092190985,USD
rg20003-prod-csc,/subscriptions/6276588a-9234-41ee-a81c-7538ea3a817e/resourcegroups/rg20003-prod-csc,KioSoft Globalazure  Subscription,6276588a-9234-41ee-a81c-7538ea3a817e,medium cpu usage-mysql23-prod-csc-universal,/subscriptions/6276588a-9234-41ee-a81c-7538ea3a817e/resourcegroups/rg20003-prod-csc/providers/microsoft.insights/metricalerts/medium cpu usage-mysql23-prod-csc-universal,microsoft.insights/metricalerts,Unknown,[],0.092190985,0.092190985,USD
rg20003-prod-csc,/subscriptions/6276588a-9234-41ee-a81c-7538ea3a817e/resourcegroups/rg20003-prod-csc,KioSoft Globalazure  Subscription,6276588a-9234-41ee-a81c-7538ea3a817e,medium cpu usage-mysql22-prod-csc-retail,/subscriptions/6276588a-9234-41ee-a81c-7538ea3a817e/resourcegroups/rg20003-prod-csc/providers/microsoft.insights/metricalerts/medium cpu usage-mysql22-prod-csc-retail,microsoft.insights/metricalerts,Unknown,[],0.092062918,0.092062918,USD
kiosoft-test,/subscriptions/6276588a-9234-41ee-a81c-7538ea3a817e/resourcegroups/kiosoft-test,KioSoft Globalazure  Subscription,6276588a-9234-41ee-a81c-7538ea3a817e,mysql05-test-retail,/subscriptions/6276588a-9234-41ee-a81c-7538ea3a817e/resourcegroups/kiosoft-test/providers/microsoft.dbformysql/flexibleservers/mysql05-test-retail,Azure Database for MySQL flexible server,US East,"[""\""environment\"":\""test\"""",""\""db-size\"":\""general purpose, d2ads_v5, 2 vcores, 8 gib ram, 1760 gib storage, 3200 iops\"""",""\""db-usage\"":\""retail \"""",""\""db-size\"":\""general purpose, d2ads_v5, 2 vcores, 8 gib ram, 1723 gib storage, 3200 iops\""""]",472.9796156,472.9796156,USD
kiosoft-test,/subscriptions/6276588a-9234-41ee-a81c-7538ea3a817e/resourcegroups/kiosoft-test,KioSoft Globalazure  Subscription,6276588a-9234-41ee-a81c-7538ea3a817e,multiwbdisks351,/subscriptions/6276588a-9234-41ee-a81c-7538ea3a817e/resourcegroups/kiosoft-test/providers/microsoft.storage/storageaccounts/multiwbdisks351,Storage account,US East,"[""\""ms-resource-usage\"":\""azure-cloud-shell\""""]",150.699357,150.699357,USD
kiosoft-test,/subscriptions/6276588a-9234-41ee-a81c-7538ea3a817e/resourcegroups/kiosoft-test,KioSoft Globalazure  Subscription,6276588a-9234-41ee-a81c-7538ea3a817e,redis01-test-universal,/subscriptions/6276588a-9234-41ee-a81c-7538ea3a817e/resourcegroups/kiosoft-test/providers/microsoft.cache/redis/redis01-test-universal,Redis cache,US East,[],99.35990469,99.35990469,USD
kiosoft-test,/subscriptions/6276588a-9234-41ee-a81c-7538ea3a817e/resourcegroups/kiosoft-test,KioSoft Globalazure  Subscription,6276588a-9234-41ee-a81c-7538ea3a817e,waftestvm_osdisk_1_ed8e841fc1ad41f4a04deba3d34d2175-eastus,/subscriptions/6276588a-9234-41ee-a81c-7538ea3a817e/resourcegroups/kiosoft-test/providers/microsoft.compute/disks/waftestvm_osdisk_1_ed8e841fc1ad41f4a04deba3d34d2175-eastus,Disk,US East,[],37.80057363,37.80057363,USD
kiosoft-test,/subscriptions/6276588a-9234-41ee-a81c-7538ea3a817e/resourcegroups/kiosoft-test,KioSoft Globalazure  Subscription,6276588a-9234-41ee-a81c-7538ea3a817e,mysqldisk,/subscriptions/6276588a-9234-41ee-a81c-7538ea3a817e/resourcegroups/kiosoft-test/providers/microsoft.compute/disks/mysqldisk,Disk,US East,[],37.7855011,37.7855011,USD
kiosoft-test,/subscriptions/6276588a-9234-41ee-a81c-7538ea3a817e/resourcegroups/kiosoft-test,KioSoft Globalazure  Subscription,6276588a-9234-41ee-a81c-7538ea3a817e,kiosoft-retail_osdisk_1_adc389b617aa4712a7d0b2ec7c2355bb,/subscriptions/6276588a-9234-41ee-a81c-7538ea3a817e/resourcegroups/kiosoft-test/providers/microsoft.compute/disks/kiosoft-retail_osdisk_1_adc389b617aa4712a7d0b2ec7c2355bb,Disk,US East,[],22.65279677,22.65279677,USD
kiosoft-test,/subscriptions/6276588a-9234-41ee-a81c-7538ea3a817e/resourcegroups/kiosoft-test,KioSoft Globalazure  Subscription,6276588a-9234-41ee-a81c-7538ea3a817e,kiosoft-retail,/subscriptions/6276588a-9234-41ee-a81c-7538ea3a817e/resourcegroups/kiosoft-test/providers/microsoft.compute/virtualmachines/kiosoft-retail,Virtual machine,"US East, Intercontinental","[""\""environment\"":\""dev/qa/uat/demo\"""",""\""product\"":\""test - pheonix - retail\"""",""\""squad\"":\""phoenix \"""",""\""publisher\"":\""openlogic\""""]",21.37280645,21.37280645,USD
kiosoft-test,/subscriptions/6276588a-9234-41ee-a81c-7538ea3a817e/resourcegroups/kiosoft-test,KioSoft Globalazure  Subscription,6276588a-9234-41ee-a81c-7538ea3a817e,dev,/subscriptions/6276588a-9234-41ee-a81c-7538ea3a817e/resourcegroups/kiosoft-test/providers/microsoft.compute/virtualmachines/dev,Virtual machine,"US East, Intercontinental","[""\""environment\"":\""dev/qa/uat/stage\"""",""\""squad\"":\""universal\"""",""\""publisher\"":\""microsoftwindowsserver\"""",""\""product\"":\""test - ims/crm/rma\""""]",20.45740392,20.45740392,USD
kiosoft-test,/subscriptions/6276588a-9234-41ee-a81c-7538ea3a817e/resourcegroups/kiosoft-test,KioSoft Globalazure  Subscription,6276588a-9234-41ee-a81c-7538ea3a817e,wb,/subscriptions/6276588a-9234-41ee-a81c-7538ea3a817e/resourcegroups/kiosoft-test/providers/microsoft.compute/virtualmachines/wb,Virtual machine,"US East, Intercontinental","[""\""environment\"":\""dev/qa/uat/demo/stage\"""",""\""product\"":\""test - dms/international route\"""",""\""squad\"":\""universal\"""",""\""publisher\"":\""microsoftwindowsserver\""""]",20.32742017,20.32742017,USD
kiosoft-test,/subscriptions/6276588a-9234-41ee-a81c-7538ea3a817e/resourcegroups/kiosoft-test,KioSoft Globalazure  Subscription,6276588a-9234-41ee-a81c-7538ea3a817e,kiosoft-coffee_osdisk_1_94c152ad643f4e68aaa3377d986ab30b,/subscriptions/6276588a-9234-41ee-a81c-7538ea3a817e/resourcegroups/kiosoft-test/providers/microsoft.compute/disks/kiosoft-coffee_osdisk_1_94c152ad643f4e68aaa3377d986ab30b,Disk,US East,[],19.91039504,19.91039504,USD
kiosoft-test,/subscriptions/6276588a-9234-41ee-a81c-7538ea3a817e/resourcegroups/kiosoft-test,KioSoft Globalazure  Subscription,6276588a-9234-41ee-a81c-7538ea3a817e,dev-osdisk-20221213-085144,/subscriptions/6276588a-9234-41ee-a81c-7538ea3a817e/resourcegroups/kiosoft-test/providers/microsoft.compute/disks/dev-osdisk-20221213-085144,Disk,US East,"[""\""rsvaultbackup\"":\""4b1e4f0e-c561-4619-9da4-ab767d75125f\""""]",19.90535146,19.90535146,USD
kiosoft-test,/subscriptions/6276588a-9234-41ee-a81c-7538ea3a817e/resourcegroups/kiosoft-test,KioSoft Globalazure  Subscription,6276588a-9234-41ee-a81c-7538ea3a817e,kiosoft-qa_osdisk_1_42450e75abf84b01a7d55bfcf9727908,/subscriptions/6276588a-9234-41ee-a81c-7538ea3a817e/resourcegroups/kiosoft-test/providers/microsoft.compute/disks/kiosoft-qa_osdisk_1_42450e75abf84b01a7d55bfcf9727908,Disk,US East,[],19.81933293,19.81933293,USD
kiosoft-test,/subscriptions/6276588a-9234-41ee-a81c-7538ea3a817e/resourcegroups/kiosoft-test,KioSoft Globalazure  Subscription,6276588a-9234-41ee-a81c-7538ea3a817e,kiosoft-international-new_osdisk_1_b2a9c88909b44f0f9457f48e9c508178,/subscriptions/6276588a-9234-41ee-a81c-7538ea3a817e/resourcegroups/kiosoft-test/providers/microsoft.compute/disks/kiosoft-international-new_osdisk_1_b2a9c88909b44f0f9457f48e9c508178,Disk,US East,[],19.53388755,19.53388755,USD
kiosoft-test,/subscriptions/6276588a-9234-41ee-a81c-7538ea3a817e/resourcegroups/kiosoft-test,KioSoft Globalazure  Subscription,6276588a-9234-41ee-a81c-7538ea3a817e,kiosoft-coffee,/subscriptions/6276588a-9234-41ee-a81c-7538ea3a817e/resourcegroups/kiosoft-test/providers/microsoft.compute/virtualmachines/kiosoft-coffee,Virtual machine,"US East, Intercontinental","[""\""environment\"":\""dev/qa/uat/demo\"""",""\""publisher\"":\""openlogic\"""",""\""squad\"":\""flash\"""",""\""product\"":\""test - coffee\""""]",17.55590922,17.55590922,USD
kiosoft-test,/subscriptions/6276588a-9234-41ee-a81c-7538ea3a817e/resourcegroups/kiosoft-test,KioSoft Globalazure  Subscription,6276588a-9234-41ee-a81c-7538ea3a817e,kiosoft-qa,/subscriptions/6276588a-9234-41ee-a81c-7538ea3a817e/resourcegroups/kiosoft-test/providers/microsoft.compute/virtualmachines/kiosoft-qa,Virtual machine,"US East, Intercontinental","[""\""environment\"":\""dev/qa/uat/demo\"""",""\""squad\"":\""phoenix \"""",""\""publisher\"":\""openlogic\"""",""\""product\"":\""test - pheonix - route/central server\""""]",15.62929899,15.62929899,USD
kiosoft-test,/subscriptions/6276588a-9234-41ee-a81c-7538ea3a817e/resourcegroups/kiosoft-test,KioSoft Globalazure  Subscription,6276588a-9234-41ee-a81c-7538ea3a817e,kiosoft-international-new,/subscriptions/6276588a-9234-41ee-a81c-7538ea3a817e/resourcegroups/kiosoft-test/providers/microsoft.compute/virtualmachines/kiosoft-international-new,Virtual machine,"US East, Intercontinental","[""\""environment\"":\""dev/qa/uat/demo\"""",""\""publisher\"":\""cognosys\"""",""\""squad\"":\""international\"""",""\""product\"":\""test - international retail\""""]",14.56004835,14.56004835,USD
kiosoft-test,/subscriptions/6276588a-9234-41ee-a81c-7538ea3a817e/resourcegroups/kiosoft-test,KioSoft Globalazure  Subscription,6276588a-9234-41ee-a81c-7538ea3a817e,dev-ip,/subscriptions/6276588a-9234-41ee-a81c-7538ea3a817e/resourcegroups/kiosoft-test/providers/microsoft.network/publicipaddresses/dev-ip,Public IP address,US East,[],3.600039685,3.600039685,USD
kiosoft-test,/subscriptions/6276588a-9234-41ee-a81c-7538ea3a817e/resourcegroups/kiosoft-test,KioSoft Globalazure  Subscription,6276588a-9234-41ee-a81c-7538ea3a817e,kiosoft-coffee-ip,/subscriptions/6276588a-9234-41ee-a81c-7538ea3a817e/resourcegroups/kiosoft-test/providers/microsoft.network/publicipaddresses/kiosoft-coffee-ip,Public IP address,US East,[],3.600039685,3.600039685,USD
kiosoft-test,/subscriptions/6276588a-9234-41ee-a81c-7538ea3a817e/resourcegroups/kiosoft-test,KioSoft Globalazure  Subscription,6276588a-9234-41ee-a81c-7538ea3a817e,kiosoft-international-new-ip,/subscriptions/6276588a-9234-41ee-a81c-7538ea3a817e/resourcegroups/kiosoft-test/providers/microsoft.network/publicipaddresses/kiosoft-international-new-ip,Public IP address,US East,[],3.600039685,3.600039685,USD
kiosoft-test,/subscriptions/6276588a-9234-41ee-a81c-7538ea3a817e/resourcegroups/kiosoft-test,KioSoft Globalazure  Subscription,6276588a-9234-41ee-a81c-7538ea3a817e,kiosoft-qa-public-ip,/subscriptions/6276588a-9234-41ee-a81c-7538ea3a817e/resourcegroups/kiosoft-test/providers/microsoft.network/publicipaddresses/kiosoft-qa-public-ip,Public IP address,US East,[],3.600039685,3.600039685,USD
kiosoft-test,/subscriptions/6276588a-9234-41ee-a81c-7538ea3a817e/resourcegroups/kiosoft-test,KioSoft Globalazure  Subscription,6276588a-9234-41ee-a81c-7538ea3a817e,kiosoft-retail-ip,/subscriptions/6276588a-9234-41ee-a81c-7538ea3a817e/resourcegroups/kiosoft-test/providers/microsoft.network/publicipaddresses/kiosoft-retail-ip,Public IP address,US East,[],3.600039685,3.600039685,USD
kiosoft-test,/subscriptions/6276588a-9234-41ee-a81c-7538ea3a817e/resourcegroups/kiosoft-test,KioSoft Globalazure  Subscription,6276588a-9234-41ee-a81c-7538ea3a817e,wb-ip,/subscriptions/6276588a-9234-41ee-a81c-7538ea3a817e/resourcegroups/kiosoft-test/providers/microsoft.network/publicipaddresses/wb-ip,Public IP address,US East,[],3.600039685,3.600039685,USD
kiosoft-test,/subscriptions/6276588a-9234-41ee-a81c-7538ea3a817e/resourcegroups/kiosoft-test,KioSoft Globalazure  Subscription,6276588a-9234-41ee-a81c-7538ea3a817e,[high storage io percent]-mysql05-test-retail,/subscriptions/6276588a-9234-41ee-a81c-7538ea3a817e/resourcegroups/kiosoft-test/providers/microsoft.insights/metricalerts/[high storage io percent]-mysql05-test-retail,microsoft.insights/metricalerts,Unknown,[],0.092190985,0.092190985,USD
kiosoft-test,/subscriptions/6276588a-9234-41ee-a81c-7538ea3a817e/resourcegroups/kiosoft-test,KioSoft Globalazure  Subscription,6276588a-9234-41ee-a81c-7538ea3a817e,critical-mysql offline-mysql05-test-retail,/subscriptions/6276588a-9234-41ee-a81c-7538ea3a817e/resourcegroups/kiosoft-test/providers/microsoft.insights/metricalerts/critical-mysql offline-mysql05-test-retail,microsoft.insights/metricalerts,Unknown,[],0.092190985,0.092190985,USD
kiosoft-test,/subscriptions/6276588a-9234-41ee-a81c-7538ea3a817e/resourcegroups/kiosoft-test,KioSoft Globalazure  Subscription,6276588a-9234-41ee-a81c-7538ea3a817e,high cpu usage-mysql05-test-retail,/subscriptions/6276588a-9234-41ee-a81c-7538ea3a817e/resourcegroups/kiosoft-test/providers/microsoft.insights/metricalerts/high cpu usage-mysql05-test-retail,microsoft.insights/metricalerts,Unknown,[],0.092190985,0.092190985,USD
kiosoft-test,/subscriptions/6276588a-9234-41ee-a81c-7538ea3a817e/resourcegroups/kiosoft-test,KioSoft Globalazure  Subscription,6276588a-9234-41ee-a81c-7538ea3a817e,high memory usage-mysql05-test-retail,/subscriptions/6276588a-9234-41ee-a81c-7538ea3a817e/resourcegroups/kiosoft-test/providers/microsoft.insights/metricalerts/high memory usage-mysql05-test-retail,microsoft.insights/metricalerts,Unknown,[],0.092190985,0.092190985,USD
kiosoft-test,/subscriptions/6276588a-9234-41ee-a81c-7538ea3a817e/resourcegroups/kiosoft-test,KioSoft Globalazure  Subscription,6276588a-9234-41ee-a81c-7538ea3a817e,high storage usage-mysql05-test-retail,/subscriptions/6276588a-9234-41ee-a81c-7538ea3a817e/resourcegroups/kiosoft-test/providers/microsoft.insights/metricalerts/high storage usage-mysql05-test-retail,microsoft.insights/metricalerts,Unknown,[],0.092190985,0.092190985,USD
kiosoft-test,/subscriptions/6276588a-9234-41ee-a81c-7538ea3a817e/resourcegroups/kiosoft-test,KioSoft Globalazure  Subscription,6276588a-9234-41ee-a81c-7538ea3a817e,high memory usage-mysql06-test-retail-slave,/subscriptions/6276588a-9234-41ee-a81c-7538ea3a817e/resourcegroups/kiosoft-test/providers/microsoft.insights/metricalerts/high memory usage-mysql06-test-retail-slave,microsoft.insights/metricalerts,Unknown,[],0.06019137,0.06019137,USD
kiosoft-test,/subscriptions/6276588a-9234-41ee-a81c-7538ea3a817e/resourcegroups/kiosoft-test,KioSoft Globalazure  Subscription,6276588a-9234-41ee-a81c-7538ea3a817e,alert_htest01,/subscriptions/6276588a-9234-41ee-a81c-7538ea3a817e/resourcegroups/kiosoft-test/providers/microsoft.insights/metricalerts/alert_htest01,microsoft.insights/metricalerts,Unknown,[],0.059422969,0.059422969,USD
kiosoft-test,/subscriptions/6276588a-9234-41ee-a81c-7538ea3a817e/resourcegroups/kiosoft-test,KioSoft Globalazure  Subscription,6276588a-9234-41ee-a81c-7538ea3a817e,high cpu usage-azure-retailstage,/subscriptions/6276588a-9234-41ee-a81c-7538ea3a817e/resourcegroups/kiosoft-test/providers/microsoft.insights/metricalerts/high cpu usage-azure-retailstage,microsoft.insights/metricalerts,Unknown,[],0.058270369,0.058270369,USD
kiosoft-test,/subscriptions/6276588a-9234-41ee-a81c-7538ea3a817e/resourcegroups/kiosoft-test,KioSoft Globalazure  Subscription,6276588a-9234-41ee-a81c-7538ea3a817e,high cpu usage- mysql06-test-retail-slave,/subscriptions/6276588a-9234-41ee-a81c-7538ea3a817e/resourcegroups/kiosoft-test/providers/microsoft.insights/metricalerts/high cpu usage- mysql06-test-retail-slave,microsoft.insights/metricalerts,Unknown,[],0.057373902,0.057373902,USD
kiosoft-test,/subscriptions/6276588a-9234-41ee-a81c-7538ea3a817e/resourcegroups/kiosoft-test,KioSoft Globalazure  Subscription,6276588a-9234-41ee-a81c-7538ea3a817e,db-cpu-high,/subscriptions/6276588a-9234-41ee-a81c-7538ea3a817e/resourcegroups/kiosoft-test/providers/microsoft.insights/metricalerts/db-cpu-high,microsoft.insights/metricalerts,Unknown,[],0.057117768,0.057117768,USD
kiosoft-test,/subscriptions/6276588a-9234-41ee-a81c-7538ea3a817e/resourcegroups/kiosoft-test,KioSoft Globalazure  Subscription,6276588a-9234-41ee-a81c-7538ea3a817e,high memory usage-azure-retailstage,/subscriptions/6276588a-9234-41ee-a81c-7538ea3a817e/resourcegroups/kiosoft-test/providers/microsoft.insights/metricalerts/high memory usage-azure-retailstage,microsoft.insights/metricalerts,Unknown,[],0.057117768,0.057117768,USD
kiosoft-test,/subscriptions/6276588a-9234-41ee-a81c-7538ea3a817e/resourcegroups/kiosoft-test,KioSoft Globalazure  Subscription,6276588a-9234-41ee-a81c-7538ea3a817e,high storage usage-azure-retailstage,/subscriptions/6276588a-9234-41ee-a81c-7538ea3a817e/resourcegroups/kiosoft-test/providers/microsoft.insights/metricalerts/high storage usage-azure-retailstage,microsoft.insights/metricalerts,Unknown,[],0.057117768,0.057117768,USD
kiosoft-test,/subscriptions/6276588a-9234-41ee-a81c-7538ea3a817e/resourcegroups/kiosoft-test,KioSoft Globalazure  Subscription,6276588a-9234-41ee-a81c-7538ea3a817e,high storage usage-mysql06-test-retail-slave,/subscriptions/6276588a-9234-41ee-a81c-7538ea3a817e/resourcegroups/kiosoft-test/providers/microsoft.insights/metricalerts/high storage usage-mysql06-test-retail-slave,microsoft.insights/metricalerts,Unknown,[],0.056989701,0.056989701,USD
tmsprod,/subscriptions/6276588a-9234-41ee-a81c-7538ea3a817e/resourcegroups/tmsprod,KioSoft Globalazure  Subscription,6276588a-9234-41ee-a81c-7538ea3a817e,tmsprod,/subscriptions/6276588a-9234-41ee-a81c-7538ea3a817e/resourcegroups/tmsprod/providers/microsoft.storage/storageaccounts/tmsprod,Storage account,US East,[],545.6917144,545.6917144,USD
tmsprod,/subscriptions/6276588a-9234-41ee-a81c-7538ea3a817e/resourcegroups/tmsprod,KioSoft Globalazure  Subscription,6276588a-9234-41ee-a81c-7538ea3a817e,sa33prodtms,/subscriptions/6276588a-9234-41ee-a81c-7538ea3a817e/resourcegroups/tmsprod/providers/microsoft.storage/storageaccounts/sa33prodtms,Storage account,US East,[],75.45084591,75.45084591,USD
tmsprod,/subscriptions/6276588a-9234-41ee-a81c-7538ea3a817e/resourcegroups/tmsprod,KioSoft Globalazure  Subscription,6276588a-9234-41ee-a81c-7538ea3a817e,tmsprod-tms03,/subscriptions/6276588a-9234-41ee-a81c-7538ea3a817e/resourcegroups/tmsprod/providers/microsoft.compute/virtualmachines/tmsprod-tms03,Virtual machine,"US East, Intercontinental","[""\""environment\"":\""production\"""",""\""publisher\"":\""debian\"""",""\""product\"":\""tms - tms03\""""]",32.32061616,32.32061616,USD
tmsprod,/subscriptions/6276588a-9234-41ee-a81c-7538ea3a817e/resourcegroups/tmsprod,KioSoft Globalazure  Subscription,6276588a-9234-41ee-a81c-7538ea3a817e,tmsprod-db01-data01,/subscriptions/6276588a-9234-41ee-a81c-7538ea3a817e/resourcegroups/tmsprod/providers/microsoft.compute/disks/tmsprod-db01-data01,Disk,US East,[],19.28583596,19.28583596,USD
tmsprod,/subscriptions/6276588a-9234-41ee-a81c-7538ea3a817e/resourcegroups/tmsprod,KioSoft Globalazure  Subscription,6276588a-9234-41ee-a81c-7538ea3a817e,tmsprod-db01_osdisk_1_d3b9cf26c0954998ac076bedc2e2d669,/subscriptions/6276588a-9234-41ee-a81c-7538ea3a817e/resourcegroups/tmsprod/providers/microsoft.compute/disks/tmsprod-db01_osdisk_1_d3b9cf26c0954998ac076bedc2e2d669,Disk,US East,[],19.28583596,19.28583596,USD
tmsprod,/subscriptions/6276588a-9234-41ee-a81c-7538ea3a817e/resourcegroups/tmsprod,KioSoft Globalazure  Subscription,6276588a-9234-41ee-a81c-7538ea3a817e,tmsprod-tms03_osdisk_1_dc480da34b3045efb56faebc75a4b45b,/subscriptions/6276588a-9234-41ee-a81c-7538ea3a817e/resourcegroups/tmsprod/providers/microsoft.compute/disks/tmsprod-tms03_osdisk_1_dc480da34b3045efb56faebc75a4b45b,Disk,US East,[],19.28583596,19.28583596,USD
tmsprod,/subscriptions/6276588a-9234-41ee-a81c-7538ea3a817e/resourcegroups/tmsprod,KioSoft Globalazure  Subscription,6276588a-9234-41ee-a81c-7538ea3a817e,tmsprod-web01_osdisk_1_b246404255f7462f937bc8b1702caf83,/subscriptions/6276588a-9234-41ee-a81c-7538ea3a817e/resourcegroups/tmsprod/providers/microsoft.compute/disks/tmsprod-web01_osdisk_1_b246404255f7462f937bc8b1702caf83,Disk,US East,[],19.28583596,19.28583596,USD
tmsprod,/subscriptions/6276588a-9234-41ee-a81c-7538ea3a817e/resourcegroups/tmsprod,KioSoft Globalazure  Subscription,6276588a-9234-41ee-a81c-7538ea3a817e,tmsprod-web02_osdisk_1_82c6e02223da4c23a3e4e94825526cf9,/subscriptions/6276588a-9234-41ee-a81c-7538ea3a817e/resourcegroups/tmsprod/providers/microsoft.compute/disks/tmsprod-web02_osdisk_1_82c6e02223da4c23a3e4e94825526cf9,Disk,US East,[],19.28583596,19.28583596,USD
tmsprod,/subscriptions/6276588a-9234-41ee-a81c-7538ea3a817e/resourcegroups/tmsprod,KioSoft Globalazure  Subscription,6276588a-9234-41ee-a81c-7538ea3a817e,vm133-prod-csc-tms_osdisk_1_25351b0b638540fa8fd89d4ff582f07e,/subscriptions/6276588a-9234-41ee-a81c-7538ea3a817e/resourcegroups/tmsprod/providers/microsoft.compute/disks/vm133-prod-csc-tms_osdisk_1_25351b0b638540fa8fd89d4ff582f07e,Disk,US East,[],19.28583596,19.28583596,USD
tmsprod,/subscriptions/6276588a-9234-41ee-a81c-7538ea3a817e/resourcegroups/tmsprod,KioSoft Globalazure  Subscription,6276588a-9234-41ee-a81c-7538ea3a817e,tmsprod-web01,/subscriptions/6276588a-9234-41ee-a81c-7538ea3a817e/resourcegroups/tmsprod/providers/microsoft.compute/virtualmachines/tmsprod-web01,Virtual machine,"US East, Intercontinental","[""\""environment\"":\""production\"""",""\""publisher\"":\""debian\"""",""\""product\"":\""tms - web01\""""]",16.7175423,16.7175423,USD
tmsprod,/subscriptions/6276588a-9234-41ee-a81c-7538ea3a817e/resourcegroups/tmsprod,KioSoft Globalazure  Subscription,6276588a-9234-41ee-a81c-7538ea3a817e,tmsprod-web02,/subscriptions/6276588a-9234-41ee-a81c-7538ea3a817e/resourcegroups/tmsprod/providers/microsoft.compute/virtualmachines/tmsprod-web02,Virtual machine,"US East, Intercontinental","[""\""environment\"":\""production\"""",""\""publisher\"":\""debian\"""",""\""product\"":\""tms - web02\""""]",16.68263366,16.68263366,USD
tmsprod,/subscriptions/6276588a-9234-41ee-a81c-7538ea3a817e/resourcegroups/tmsprod,KioSoft Globalazure  Subscription,6276588a-9234-41ee-a81c-7538ea3a817e,tmsprod-lb01,/subscriptions/6276588a-9234-41ee-a81c-7538ea3a817e/resourcegroups/tmsprod/providers/microsoft.compute/virtualmachines/tmsprod-lb01,Virtual machine,"US East, Intercontinental","[""\""environment\"":\""production\"""",""\""publisher\"":\""debian\"""",""\""product\"":\""tms - lb01\""""]",16.24380609,16.24380609,USD
tmsprod,/subscriptions/6276588a-9234-41ee-a81c-7538ea3a817e/resourcegroups/tmsprod,KioSoft Globalazure  Subscription,6276588a-9234-41ee-a81c-7538ea3a817e,tmsprod-tms01,/subscriptions/6276588a-9234-41ee-a81c-7538ea3a817e/resourcegroups/tmsprod/providers/microsoft.compute/virtualmachines/tmsprod-tms01,Virtual machine,"US East, Intercontinental","[""\""environment\"":\""production\"""",""\""publisher\"":\""debian\"""",""\""product\"":\""tms - tms01\""""]",15.92667698,15.92667698,USD
tmsprod,/subscriptions/6276588a-9234-41ee-a81c-7538ea3a817e/resourcegroups/tmsprod,KioSoft Globalazure  Subscription,6276588a-9234-41ee-a81c-7538ea3a817e,vm133-prod-csc-tms,/subscriptions/6276588a-9234-41ee-a81c-7538ea3a817e/resourcegroups/tmsprod/providers/microsoft.compute/virtualmachines/vm133-prod-csc-tms,Virtual machine,"US East, Intercontinental","[""\""environment\"":\""production\"""",""\""publisher\"":\""debian\"""",""\""product\"":\""prod-csc-tms\""""]",15.15797114,15.15797114,USD
tmsprod,/subscriptions/6276588a-9234-41ee-a81c-7538ea3a817e/resourcegroups/tmsprod,KioSoft Globalazure  Subscription,6276588a-9234-41ee-a81c-7538ea3a817e,tmsprod-tms02,/subscriptions/6276588a-9234-41ee-a81c-7538ea3a817e/resourcegroups/tmsprod/providers/microsoft.compute/virtualmachines/tmsprod-tms02,Virtual machine,"US East, Intercontinental","[""\""environment\"":\""production\"""",""\""product\"":\""tms - tms02\"""",""\""publisher\"":\""debian\""""]",15.15564263,15.15564263,USD
tmsprod,/subscriptions/6276588a-9234-41ee-a81c-7538ea3a817e/resourcegroups/tmsprod,KioSoft Globalazure  Subscription,6276588a-9234-41ee-a81c-7538ea3a817e,tmsprod-oldtms1,/subscriptions/6276588a-9234-41ee-a81c-7538ea3a817e/resourcegroups/tmsprod/providers/microsoft.compute/virtualmachines/tmsprod-oldtms1,Virtual machine,US Central,"[""\""environment\"":\""production\"""",""\""product\"":\""tms - oldtms1\"""",""\""publisher\"":\""debian\""""]",14.43487868,14.43487868,USD
tmsprod,/subscriptions/6276588a-9234-41ee-a81c-7538ea3a817e/resourcegroups/tmsprod,KioSoft Globalazure  Subscription,6276588a-9234-41ee-a81c-7538ea3a817e,tmsprod-db01,/subscriptions/6276588a-9234-41ee-a81c-7538ea3a817e/resourcegroups/tmsprod/providers/microsoft.compute/virtualmachines/tmsprod-db01,Virtual machine,US East,"[""\""environment\"":\""production\"""",""\""product\"":\""tms - db01\"""",""\""publisher\"":\""debian\""""]",14.42629953,14.42629953,USD
tmsprod,/subscriptions/6276588a-9234-41ee-a81c-7538ea3a817e/resourcegroups/tmsprod,KioSoft Globalazure  Subscription,6276588a-9234-41ee-a81c-7538ea3a817e,tmsprod-tms01_osdisk_1_864e1344192f412ab26319ff668672d4,/subscriptions/6276588a-9234-41ee-a81c-7538ea3a817e/resourcegroups/tmsprod/providers/microsoft.compute/disks/tmsprod-tms01_osdisk_1_864e1344192f412ab26319ff668672d4,Disk,US East,[],9.987175416,9.987175416,USD
tmsprod,/subscriptions/6276588a-9234-41ee-a81c-7538ea3a817e/resourcegroups/tmsprod,KioSoft Globalazure  Subscription,6276588a-9234-41ee-a81c-7538ea3a817e,tmsprod-tms02_osdisk_1_fd21183cca6a4e3a9bf1fa8ff86b3974,/subscriptions/6276588a-9234-41ee-a81c-7538ea3a817e/resourcegroups/tmsprod/providers/microsoft.compute/disks/tmsprod-tms02_osdisk_1_fd21183cca6a4e3a9bf1fa8ff86b3974,Disk,US East,[],9.987175416,9.987175416,USD
tmsprod,/subscriptions/6276588a-9234-41ee-a81c-7538ea3a817e/resourcegroups/tmsprod,KioSoft Globalazure  Subscription,6276588a-9234-41ee-a81c-7538ea3a817e,tmsprod-oldtms1_osdisk_1_5a3bb962407e4018a18c5746fe3f700c,/subscriptions/6276588a-9234-41ee-a81c-7538ea3a817e/resourcegroups/tmsprod/providers/microsoft.compute/disks/tmsprod-oldtms1_osdisk_1_5a3bb962407e4018a18c5746fe3f700c,Disk,US Central,[],5.166380793,5.166380793,USD
tmsprod,/subscriptions/6276588a-9234-41ee-a81c-7538ea3a817e/resourcegroups/tmsprod,KioSoft Globalazure  Subscription,6276588a-9234-41ee-a81c-7538ea3a817e,tmsprod-lb01_osdisk_1_41aeade537234520b8d6a326e96775c0,/subscriptions/6276588a-9234-41ee-a81c-7538ea3a817e/resourcegroups/tmsprod/providers/microsoft.compute/disks/tmsprod-lb01_osdisk_1_41aeade537234520b8d6a326e96775c0,Disk,US East,[],5.166104099,5.166104099,USD
tmsprod,/subscriptions/6276588a-9234-41ee-a81c-7538ea3a817e/resourcegroups/tmsprod,KioSoft Globalazure  Subscription,6276588a-9234-41ee-a81c-7538ea3a817e,tmsprodtms02ip372,/subscriptions/6276588a-9234-41ee-a81c-7538ea3a817e/resourcegroups/tmsprod/providers/microsoft.network/publicipaddresses/tmsprodtms02ip372,Public IP address,US East,[],3.60003974,3.60003974,USD
tmsprod,/subscriptions/6276588a-9234-41ee-a81c-7538ea3a817e/resourcegroups/tmsprod,KioSoft Globalazure  Subscription,6276588a-9234-41ee-a81c-7538ea3a817e,pip165-vm133-prod-csc-tms,/subscriptions/6276588a-9234-41ee-a81c-7538ea3a817e/resourcegroups/tmsprod/providers/microsoft.network/publicipaddresses/pip165-vm133-prod-csc-tms,Public IP address,US East,[],3.600039685,3.600039685,USD
tmsprod,/subscriptions/6276588a-9234-41ee-a81c-7538ea3a817e/resourcegroups/tmsprod,KioSoft Globalazure  Subscription,6276588a-9234-41ee-a81c-7538ea3a817e,tmsproddb01ip166,/subscriptions/6276588a-9234-41ee-a81c-7538ea3a817e/resourcegroups/tmsprod/providers/microsoft.network/publicipaddresses/tmsproddb01ip166,Public IP address,US East,[],3.600039685,3.600039685,USD
tmsprod,/subscriptions/6276588a-9234-41ee-a81c-7538ea3a817e/resourcegroups/tmsprod,KioSoft Globalazure  Subscription,6276588a-9234-41ee-a81c-7538ea3a817e,tmsprodlb01ip334,/subscriptions/6276588a-9234-41ee-a81c-7538ea3a817e/resourcegroups/tmsprod/providers/microsoft.network/publicipaddresses/tmsprodlb01ip334,Public IP address,US East,[],3.600039685,3.600039685,USD
tmsprod,/subscriptions/6276588a-9234-41ee-a81c-7538ea3a817e/resourcegroups/tmsprod,KioSoft Globalazure  Subscription,6276588a-9234-41ee-a81c-7538ea3a817e,tmsprodtms01ip181,/subscriptions/6276588a-9234-41ee-a81c-7538ea3a817e/resourcegroups/tmsprod/providers/microsoft.network/publicipaddresses/tmsprodtms01ip181,Public IP address,US East,[],3.600039685,3.600039685,USD
tmsprod,/subscriptions/6276588a-9234-41ee-a81c-7538ea3a817e/resourcegroups/tmsprod,KioSoft Globalazure  Subscription,6276588a-9234-41ee-a81c-7538ea3a817e,tmsprodtms03ip741,/subscriptions/6276588a-9234-41ee-a81c-7538ea3a817e/resourcegroups/tmsprod/providers/microsoft.network/publicipaddresses/tmsprodtms03ip741,Public IP address,US East,[],3.600039685,3.600039685,USD
tmsprod,/subscriptions/6276588a-9234-41ee-a81c-7538ea3a817e/resourcegroups/tmsprod,KioSoft Globalazure  Subscription,6276588a-9234-41ee-a81c-7538ea3a817e,tmsprodweb01ip798,/subscriptions/6276588a-9234-41ee-a81c-7538ea3a817e/resourcegroups/tmsprod/providers/microsoft.network/publicipaddresses/tmsprodweb01ip798,Public IP address,US East,[],3.600039685,3.600039685,USD
tmsprod,/subscriptions/6276588a-9234-41ee-a81c-7538ea3a817e/resourcegroups/tmsprod,KioSoft Globalazure  Subscription,6276588a-9234-41ee-a81c-7538ea3a817e,tmsprodweb02ip534,/subscriptions/6276588a-9234-41ee-a81c-7538ea3a817e/resourcegroups/tmsprod/providers/microsoft.network/publicipaddresses/tmsprodweb02ip534,Public IP address,US East,[],3.600039685,3.600039685,USD
tmsprod,/subscriptions/6276588a-9234-41ee-a81c-7538ea3a817e/resourcegroups/tmsprod,KioSoft Globalazure  Subscription,6276588a-9234-41ee-a81c-7538ea3a817e,myreservedip,/subscriptions/6276588a-9234-41ee-a81c-7538ea3a817e/resourcegroups/tmsprod/providers/microsoft.network/publicipaddresses/myreservedip,Public IP address,US Central,[],3.59503963,3.59503963,USD
tmsprod,/subscriptions/6276588a-9234-41ee-a81c-7538ea3a817e/resourcegroups/tmsprod,KioSoft Globalazure  Subscription,6276588a-9234-41ee-a81c-7538ea3a817e,high cpu usage-tmsprod-db01,/subscriptions/6276588a-9234-41ee-a81c-7538ea3a817e/resourcegroups/tmsprod/providers/microsoft.insights/metricalerts/high cpu usage-tmsprod-db01,microsoft.insights/metricalerts,Unknown,[],0.092190985,0.092190985,USD
tmsprod,/subscriptions/6276588a-9234-41ee-a81c-7538ea3a817e/resourcegroups/tmsprod,KioSoft Globalazure  Subscription,6276588a-9234-41ee-a81c-7538ea3a817e,high cpu usage-tmsprod-lb01,/subscriptions/6276588a-9234-41ee-a81c-7538ea3a817e/resourcegroups/tmsprod/providers/microsoft.insights/metricalerts/high cpu usage-tmsprod-lb01,microsoft.insights/metricalerts,Unknown,[],0.092190985,0.092190985,USD
tmsprod,/subscriptions/6276588a-9234-41ee-a81c-7538ea3a817e/resourcegroups/tmsprod,KioSoft Globalazure  Subscription,6276588a-9234-41ee-a81c-7538ea3a817e,high cpu usage-tmsprod-oldtms1,/subscriptions/6276588a-9234-41ee-a81c-7538ea3a817e/resourcegroups/tmsprod/providers/microsoft.insights/metricalerts/high cpu usage-tmsprod-oldtms1,microsoft.insights/metricalerts,Unknown,[],0.092190985,0.092190985,USD
tmsprod,/subscriptions/6276588a-9234-41ee-a81c-7538ea3a817e/resourcegroups/tmsprod,KioSoft Globalazure  Subscription,6276588a-9234-41ee-a81c-7538ea3a817e,high cpu usage-tmsprod-tms01,/subscriptions/6276588a-9234-41ee-a81c-7538ea3a817e/resourcegroups/tmsprod/providers/microsoft.insights/metricalerts/high cpu usage-tmsprod-tms01,microsoft.insights/metricalerts,Unknown,[],0.092190985,0.092190985,USD
tmsprod,/subscriptions/6276588a-9234-41ee-a81c-7538ea3a817e/resourcegroups/tmsprod,KioSoft Globalazure  Subscription,6276588a-9234-41ee-a81c-7538ea3a817e,high cpu usage-tmsprod-tms02,/subscriptions/6276588a-9234-41ee-a81c-7538ea3a817e/resourcegroups/tmsprod/providers/microsoft.insights/metricalerts/high cpu usage-tmsprod-tms02,microsoft.insights/metricalerts,Unknown,[],0.092190985,0.092190985,USD
tmsprod,/subscriptions/6276588a-9234-41ee-a81c-7538ea3a817e/resourcegroups/tmsprod,KioSoft Globalazure  Subscription,6276588a-9234-41ee-a81c-7538ea3a817e,high cpu usage-tmsprod-tms03,/subscriptions/6276588a-9234-41ee-a81c-7538ea3a817e/resourcegroups/tmsprod/providers/microsoft.insights/metricalerts/high cpu usage-tmsprod-tms03,microsoft.insights/metricalerts,Unknown,[],0.092190985,0.092190985,USD
tmsprod,/subscriptions/6276588a-9234-41ee-a81c-7538ea3a817e/resourcegroups/tmsprod,KioSoft Globalazure  Subscription,6276588a-9234-41ee-a81c-7538ea3a817e,high cpu usage-tmsprod-web01,/subscriptions/6276588a-9234-41ee-a81c-7538ea3a817e/resourcegroups/tmsprod/providers/microsoft.insights/metricalerts/high cpu usage-tmsprod-web01,microsoft.insights/metricalerts,Unknown,[],0.092190985,0.092190985,USD
tmsprod,/subscriptions/6276588a-9234-41ee-a81c-7538ea3a817e/resourcegroups/tmsprod,KioSoft Globalazure  Subscription,6276588a-9234-41ee-a81c-7538ea3a817e,high cpu usage-tmsprod-web02,/subscriptions/6276588a-9234-41ee-a81c-7538ea3a817e/resourcegroups/tmsprod/providers/microsoft.insights/metricalerts/high cpu usage-tmsprod-web02,microsoft.insights/metricalerts,Unknown,[],0.092190985,0.092190985,USD
tmsprod,/subscriptions/6276588a-9234-41ee-a81c-7538ea3a817e/resourcegroups/tmsprod,KioSoft Globalazure  Subscription,6276588a-9234-41ee-a81c-7538ea3a817e,high mem usage-tms01,/subscriptions/6276588a-9234-41ee-a81c-7538ea3a817e/resourcegroups/tmsprod/providers/microsoft.insights/metricalerts/high mem usage-tms01,microsoft.insights/metricalerts,Unknown,[],0.092190985,0.092190985,USD
tmsprod,/subscriptions/6276588a-9234-41ee-a81c-7538ea3a817e/resourcegroups/tmsprod,KioSoft Globalazure  Subscription,6276588a-9234-41ee-a81c-7538ea3a817e,high mem usage-tmsprod-db01,/subscriptions/6276588a-9234-41ee-a81c-7538ea3a817e/resourcegroups/tmsprod/providers/microsoft.insights/metricalerts/high mem usage-tmsprod-db01,microsoft.insights/metricalerts,Unknown,[],0.092190985,0.092190985,USD
tmsprod,/subscriptions/6276588a-9234-41ee-a81c-7538ea3a817e/resourcegroups/tmsprod,KioSoft Globalazure  Subscription,6276588a-9234-41ee-a81c-7538ea3a817e,high mem usage-tmsprod-lb01,/subscriptions/6276588a-9234-41ee-a81c-7538ea3a817e/resourcegroups/tmsprod/providers/microsoft.insights/metricalerts/high mem usage-tmsprod-lb01,microsoft.insights/metricalerts,Unknown,[],0.092190985,0.092190985,USD
tmsprod,/subscriptions/6276588a-9234-41ee-a81c-7538ea3a817e/resourcegroups/tmsprod,KioSoft Globalazure  Subscription,6276588a-9234-41ee-a81c-7538ea3a817e,high mem usage-tmsprod-oldtms1,/subscriptions/6276588a-9234-41ee-a81c-7538ea3a817e/resourcegroups/tmsprod/providers/microsoft.insights/metricalerts/high mem usage-tmsprod-oldtms1,microsoft.insights/metricalerts,Unknown,[],0.092190985,0.092190985,USD
tmsprod,/subscriptions/6276588a-9234-41ee-a81c-7538ea3a817e/resourcegroups/tmsprod,KioSoft Globalazure  Subscription,6276588a-9234-41ee-a81c-7538ea3a817e,high mem usage-tmsprod-tms02,/subscriptions/6276588a-9234-41ee-a81c-7538ea3a817e/resourcegroups/tmsprod/providers/microsoft.insights/metricalerts/high mem usage-tmsprod-tms02,microsoft.insights/metricalerts,Unknown,[],0.092190985,0.092190985,USD
tmsprod,/subscriptions/6276588a-9234-41ee-a81c-7538ea3a817e/resourcegroups/tmsprod,KioSoft Globalazure  Subscription,6276588a-9234-41ee-a81c-7538ea3a817e,high mem usage-tmsprod-tms03,/subscriptions/6276588a-9234-41ee-a81c-7538ea3a817e/resourcegroups/tmsprod/providers/microsoft.insights/metricalerts/high mem usage-tmsprod-tms03,microsoft.insights/metricalerts,Unknown,[],0.092190985,0.092190985,USD
tmsprod,/subscriptions/6276588a-9234-41ee-a81c-7538ea3a817e/resourcegroups/tmsprod,KioSoft Globalazure  Subscription,6276588a-9234-41ee-a81c-7538ea3a817e,high mem usage-tmsprod-web01,/subscriptions/6276588a-9234-41ee-a81c-7538ea3a817e/resourcegroups/tmsprod/providers/microsoft.insights/metricalerts/high mem usage-tmsprod-web01,microsoft.insights/metricalerts,Unknown,[],0.092190985,0.092190985,USD
tmsprod,/subscriptions/6276588a-9234-41ee-a81c-7538ea3a817e/resourcegroups/tmsprod,KioSoft Globalazure  Subscription,6276588a-9234-41ee-a81c-7538ea3a817e,high mem usage-tmsprod-web02,/subscriptions/6276588a-9234-41ee-a81c-7538ea3a817e/resourcegroups/tmsprod/providers/microsoft.insights/metricalerts/high mem usage-tmsprod-web02,microsoft.insights/metricalerts,Unknown,[],0.092190985,0.092190985,USD
defaultresourcegroup-eus,/subscriptions/6276588a-9234-41ee-a81c-7538ea3a817e/resourcegroups/defaultresourcegroup-eus,KioSoft Globalazure  Subscription,6276588a-9234-41ee-a81c-7538ea3a817e,defaultworkspace-6276588a-9234-41ee-a81c-7538ea3a817e-eus,/subscriptions/6276588a-9234-41ee-a81c-7538ea3a817e/resourcegroups/defaultresourcegroup-eus/providers/microsoft.operationalinsights/workspaces/defaultworkspace-6276588a-9234-41ee-a81c-7538ea3a817e-eus,Log Analytics workspace,US East,[],890.5022088,890.5022088,USD
azurebackuprg_eastus_1,/subscriptions/6276588a-9234-41ee-a81c-7538ea3a817e/resourcegroups/azurebackuprg_eastus_1,KioSoft Globalazure  Subscription,6276588a-9234-41ee-a81c-7538ea3a817e,azurebackup_vm20016-prod-doris01_929623887154713044,/subscriptions/6276588a-9234-41ee-a81c-7538ea3a817e/resourcegroups/azurebackuprg_eastus_1/providers/microsoft.compute/restorepointcollections/azurebackup_vm20016-prod-doris01_929623887154713044,Restore Point Collection,US East,[],161.6296443,161.6296443,USD
azurebackuprg_eastus_1,/subscriptions/6276588a-9234-41ee-a81c-7538ea3a817e/resourcegroups/azurebackuprg_eastus_1,KioSoft Globalazure  Subscription,6276588a-9234-41ee-a81c-7538ea3a817e,azurebackup_vm20003-prod-seatunnel01_929623887342248016,/subscriptions/6276588a-9234-41ee-a81c-7538ea3a817e/resourcegroups/azurebackuprg_eastus_1/providers/microsoft.compute/restorepointcollections/azurebackup_vm20003-prod-seatunnel01_929623887342248016,Restore Point Collection,US East,[],27.97092888,27.97092888,USD
azurebackuprg_eastus_1,/subscriptions/6276588a-9234-41ee-a81c-7538ea3a817e/resourcegroups/azurebackuprg_eastus_1,KioSoft Globalazure  Subscription,6276588a-9234-41ee-a81c-7538ea3a817e,azurebackup_vm10003-test-elk01_929623888568447995,/subscriptions/6276588a-9234-41ee-a81c-7538ea3a817e/resourcegroups/azurebackuprg_eastus_1/providers/microsoft.compute/restorepointcollections/azurebackup_vm10003-test-elk01_929623888568447995,Restore Point Collection,US East,[],26.66969291,26.66969291,USD
azurebackuprg_eastus_1,/subscriptions/6276588a-9234-41ee-a81c-7538ea3a817e/resourcegroups/azurebackuprg_eastus_1,KioSoft Globalazure  Subscription,6276588a-9234-41ee-a81c-7538ea3a817e,azurebackup_vm20017-prod-elk01_929623888271918898,/subscriptions/6276588a-9234-41ee-a81c-7538ea3a817e/resourcegroups/azurebackuprg_eastus_1/providers/microsoft.compute/restorepointcollections/azurebackup_vm20017-prod-elk01_929623888271918898,Restore Point Collection,US East,[],23.83725382,23.83725382,USD
azurebackuprg_eastus_1,/subscriptions/6276588a-9234-41ee-a81c-7538ea3a817e/resourcegroups/azurebackuprg_eastus_1,KioSoft Globalazure  Subscription,6276588a-9234-41ee-a81c-7538ea3a817e,azurebackup_vm20021-prod-csc-elk01_929623887382271519,/subscriptions/6276588a-9234-41ee-a81c-7538ea3a817e/resourcegroups/azurebackuprg_eastus_1/providers/microsoft.compute/restorepointcollections/azurebackup_vm20021-prod-csc-elk01_929623887382271519,Restore Point Collection,US East,[],22.76689875,22.76689875,USD
azurebackuprg_eastus_1,/subscriptions/6276588a-9234-41ee-a81c-7538ea3a817e/resourcegroups/azurebackuprg_eastus_1,KioSoft Globalazure  Subscription,6276588a-9234-41ee-a81c-7538ea3a817e,azurebackup_prod-sage-db01_929623887289847007,/subscriptions/6276588a-9234-41ee-a81c-7538ea3a817e/resourcegroups/azurebackuprg_eastus_1/providers/microsoft.compute/restorepointcollections/azurebackup_prod-sage-db01_929623887289847007,Restore Point Collection,US East,[],16.76590003,16.76590003,USD
azurebackuprg_eastus_1,/subscriptions/6276588a-9234-41ee-a81c-7538ea3a817e/resourcegroups/azurebackuprg_eastus_1,KioSoft Globalazure  Subscription,6276588a-9234-41ee-a81c-7538ea3a817e,azurebackup_vm20008-prod-csc-elk01_929623888257432526,/subscriptions/6276588a-9234-41ee-a81c-7538ea3a817e/resourcegroups/azurebackuprg_eastus_1/providers/microsoft.compute/restorepointcollections/azurebackup_vm20008-prod-csc-elk01_929623888257432526,Restore Point Collection,US East,[],14.80386026,14.80386026,USD
azurebackuprg_eastus_1,/subscriptions/6276588a-9234-41ee-a81c-7538ea3a817e/resourcegroups/azurebackuprg_eastus_1,KioSoft Globalazure  Subscription,6276588a-9234-41ee-a81c-7538ea3a817e,azurebackup_prod-universal-db01_929623887786635939,/subscriptions/6276588a-9234-41ee-a81c-7538ea3a817e/resourcegroups/azurebackuprg_eastus_1/providers/microsoft.compute/restorepointcollections/azurebackup_prod-universal-db01_929623887786635939,Restore Point Collection,US East,[],13.76726276,13.76726276,USD
azurebackuprg_eastus_1,/subscriptions/6276588a-9234-41ee-a81c-7538ea3a817e/resourcegroups/azurebackuprg_eastus_1,KioSoft Globalazure  Subscription,6276588a-9234-41ee-a81c-7538ea3a817e,azurebackup_vm20004-prod-jenkins01_929623888926113461,/subscriptions/6276588a-9234-41ee-a81c-7538ea3a817e/resourcegroups/azurebackuprg_eastus_1/providers/microsoft.compute/restorepointcollections/azurebackup_vm20004-prod-jenkins01_929623888926113461,Restore Point Collection,US East,[],13.29033804,13.29033804,USD
azurebackuprg_eastus_1,/subscriptions/6276588a-9234-41ee-a81c-7538ea3a817e/resourcegroups/azurebackuprg_eastus_1,KioSoft Globalazure  Subscription,6276588a-9234-41ee-a81c-7538ea3a817e,azurebackup_vm73-prod-modem_929623888755050499,/subscriptions/6276588a-9234-41ee-a81c-7538ea3a817e/resourcegroups/azurebackuprg_eastus_1/providers/microsoft.compute/restorepointcollections/azurebackup_vm73-prod-modem_929623888755050499,Restore Point Collection,US East,[],11.55586641,11.55586641,USD
azurebackuprg_eastus_1,/subscriptions/6276588a-9234-41ee-a81c-7538ea3a817e/resourcegroups/azurebackuprg_eastus_1,KioSoft Globalazure  Subscription,6276588a-9234-41ee-a81c-7538ea3a817e,azurebackup_vm120-prod-cleanstore-web08_929623888924411714,/subscriptions/6276588a-9234-41ee-a81c-7538ea3a817e/resourcegroups/azurebackuprg_eastus_1/providers/microsoft.compute/restorepointcollections/azurebackup_vm120-prod-cleanstore-web08_929623888924411714,Restore Point Collection,US East,[],10.83884437,10.83884437,USD
azurebackuprg_eastus_1,/subscriptions/6276588a-9234-41ee-a81c-7538ea3a817e/resourcegroups/azurebackuprg_eastus_1,KioSoft Globalazure  Subscription,6276588a-9234-41ee-a81c-7538ea3a817e,azurebackup_vm138-prod-cleanstore-web10_929623887690656174,/subscriptions/6276588a-9234-41ee-a81c-7538ea3a817e/resourcegroups/azurebackuprg_eastus_1/providers/microsoft.compute/restorepointcollections/azurebackup_vm138-prod-cleanstore-web10_929623887690656174,Restore Point Collection,US East,[],10.2466036,10.2466036,USD
azurebackuprg_eastus_1,/subscriptions/6276588a-9234-41ee-a81c-7538ea3a817e/resourcegroups/azurebackuprg_eastus_1,KioSoft Globalazure  Subscription,6276588a-9234-41ee-a81c-7538ea3a817e,azurebackup_vm123-prod-cleanstore-web09_929623887529406073,/subscriptions/6276588a-9234-41ee-a81c-7538ea3a817e/resourcegroups/azurebackuprg_eastus_1/providers/microsoft.compute/restorepointcollections/azurebackup_vm123-prod-cleanstore-web09_929623887529406073,Restore Point Collection,US East,[],10.21222757,10.21222757,USD
azurebackuprg_eastus_1,/subscriptions/6276588a-9234-41ee-a81c-7538ea3a817e/resourcegroups/azurebackuprg_eastus_1,KioSoft Globalazure  Subscription,6276588a-9234-41ee-a81c-7538ea3a817e,azurebackup_prod-universal-web01-new_929623888367181460,/subscriptions/6276588a-9234-41ee-a81c-7538ea3a817e/resourcegroups/azurebackuprg_eastus_1/providers/microsoft.compute/restorepointcollections/azurebackup_prod-universal-web01-new_929623888367181460,Restore Point Collection,US East,[],8.995419291,8.995419291,USD
azurebackuprg_eastus_1,/subscriptions/6276588a-9234-41ee-a81c-7538ea3a817e/resourcegroups/azurebackuprg_eastus_1,KioSoft Globalazure  Subscription,6276588a-9234-41ee-a81c-7538ea3a817e,azurebackup_vm102-prod-csc-retail-web01_929623888246176115,/subscriptions/6276588a-9234-41ee-a81c-7538ea3a817e/resourcegroups/azurebackuprg_eastus_1/providers/microsoft.compute/restorepointcollections/azurebackup_vm102-prod-csc-retail-web01_929623888246176115,Restore Point Collection,US East,[],8.91216253,8.91216253,USD
azurebackuprg_eastus_1,/subscriptions/6276588a-9234-41ee-a81c-7538ea3a817e/resourcegroups/azurebackuprg_eastus_1,KioSoft Globalazure  Subscription,6276588a-9234-41ee-a81c-7538ea3a817e,azurebackup_vm105-prod-csc-retail-web04_929623888639561588,/subscriptions/6276588a-9234-41ee-a81c-7538ea3a817e/resourcegroups/azurebackuprg_eastus_1/providers/microsoft.compute/restorepointcollections/azurebackup_vm105-prod-csc-retail-web04_929623888639561588,Restore Point Collection,US East,[],8.908415456,8.908415456,USD
azurebackuprg_eastus_1,/subscriptions/6276588a-9234-41ee-a81c-7538ea3a817e/resourcegroups/azurebackuprg_eastus_1,KioSoft Globalazure  Subscription,6276588a-9234-41ee-a81c-7538ea3a817e,azurebackup_prod-universal-web02-new_929623887727239512,/subscriptions/6276588a-9234-41ee-a81c-7538ea3a817e/resourcegroups/azurebackuprg_eastus_1/providers/microsoft.compute/restorepointcollections/azurebackup_prod-universal-web02-new_929623887727239512,Restore Point Collection,US East,[],8.895965878,8.895965878,USD
azurebackuprg_eastus_1,/subscriptions/6276588a-9234-41ee-a81c-7538ea3a817e/resourcegroups/azurebackuprg_eastus_1,KioSoft Globalazure  Subscription,6276588a-9234-41ee-a81c-7538ea3a817e,azurebackup_vm103-prod-csc-retail-web02_929623888633314838,/subscriptions/6276588a-9234-41ee-a81c-7538ea3a817e/resourcegroups/azurebackuprg_eastus_1/providers/microsoft.compute/restorepointcollections/azurebackup_vm103-prod-csc-retail-web02_929623888633314838,Restore Point Collection,US East,[],8.893084082,8.893084082,USD
azurebackuprg_eastus_1,/subscriptions/6276588a-9234-41ee-a81c-7538ea3a817e/resourcegroups/azurebackuprg_eastus_1,KioSoft Globalazure  Subscription,6276588a-9234-41ee-a81c-7538ea3a817e,azurebackup_vm104-prod-csc-retail-web03_929623889200107741,/subscriptions/6276588a-9234-41ee-a81c-7538ea3a817e/resourcegroups/azurebackuprg_eastus_1/providers/microsoft.compute/restorepointcollections/azurebackup_vm104-prod-csc-retail-web03_929623889200107741,Restore Point Collection,US East,[],8.868526274,8.868526274,USD
azurebackuprg_eastus_1,/subscriptions/6276588a-9234-41ee-a81c-7538ea3a817e/resourcegroups/azurebackuprg_eastus_1,KioSoft Globalazure  Subscription,6276588a-9234-41ee-a81c-7538ea3a817e,azurebackup_vm139-prod-universal-web03_929623889213854684,/subscriptions/6276588a-9234-41ee-a81c-7538ea3a817e/resourcegroups/azurebackuprg_eastus_1/providers/microsoft.compute/restorepointcollections/azurebackup_vm139-prod-universal-web03_929623889213854684,Restore Point Collection,US East,[],8.853055504,8.853055504,USD
azurebackuprg_eastus_1,/subscriptions/6276588a-9234-41ee-a81c-7538ea3a817e/resourcegroups/azurebackuprg_eastus_1,KioSoft Globalazure  Subscription,6276588a-9234-41ee-a81c-7538ea3a817e,azurebackup_vm20007-prod-elk01_929623888800552841,/subscriptions/6276588a-9234-41ee-a81c-7538ea3a817e/resourcegroups/azurebackuprg_eastus_1/providers/microsoft.compute/restorepointcollections/azurebackup_vm20007-prod-elk01_929623888800552841,Restore Point Collection,US East,[],7.615236357,7.615236357,USD
azurebackuprg_eastus_1,/subscriptions/6276588a-9234-41ee-a81c-7538ea3a817e/resourcegroups/azurebackuprg_eastus_1,KioSoft Globalazure  Subscription,6276588a-9234-41ee-a81c-7538ea3a817e,azurebackup_vm98-prod-csc-universal-web02_929623888600091599,/subscriptions/6276588a-9234-41ee-a81c-7538ea3a817e/resourcegroups/azurebackuprg_eastus_1/providers/microsoft.compute/restorepointcollections/azurebackup_vm98-prod-csc-universal-web02_929623888600091599,Restore Point Collection,US East,[],7.224609779,7.224609779,USD
azurebackuprg_eastus_1,/subscriptions/6276588a-9234-41ee-a81c-7538ea3a817e/resourcegroups/azurebackuprg_eastus_1,KioSoft Globalazure  Subscription,6276588a-9234-41ee-a81c-7538ea3a817e,azurebackup_vm121-prod-amusement-web01_929623888173040079,/subscriptions/6276588a-9234-41ee-a81c-7538ea3a817e/resourcegroups/azurebackuprg_eastus_1/providers/microsoft.compute/restorepointcollections/azurebackup_vm121-prod-amusement-web01_929623888173040079,Restore Point Collection,US East,[],7.088345006,7.088345006,USD
azurebackuprg_eastus_1,/subscriptions/6276588a-9234-41ee-a81c-7538ea3a817e/resourcegroups/azurebackuprg_eastus_1,KioSoft Globalazure  Subscription,6276588a-9234-41ee-a81c-7538ea3a817e,azurebackup_vm97-prod-csc-universal-web01_929623888750657210,/subscriptions/6276588a-9234-41ee-a81c-7538ea3a817e/resourcegroups/azurebackuprg_eastus_1/providers/microsoft.compute/restorepointcollections/azurebackup_vm97-prod-csc-universal-web01_929623888750657210,Restore Point Collection,US East,[],7.057741899,7.057741899,USD
azurebackuprg_eastus_1,/subscriptions/6276588a-9234-41ee-a81c-7538ea3a817e/resourcegroups/azurebackuprg_eastus_1,KioSoft Globalazure  Subscription,6276588a-9234-41ee-a81c-7538ea3a817e,azurebackup_tmsprod-db01_929623887247557873,/subscriptions/6276588a-9234-41ee-a81c-7538ea3a817e/resourcegroups/azurebackuprg_eastus_1/providers/microsoft.compute/restorepointcollections/azurebackup_tmsprod-db01_929623887247557873,Restore Point Collection,US East,[],7.041892555,7.041892555,USD
azurebackuprg_eastus_1,/subscriptions/6276588a-9234-41ee-a81c-7538ea3a817e/resourcegroups/azurebackuprg_eastus_1,KioSoft Globalazure  Subscription,6276588a-9234-41ee-a81c-7538ea3a817e,azurebackup_vm20011-prod-prometheus_929623887370555182,/subscriptions/6276588a-9234-41ee-a81c-7538ea3a817e/resourcegroups/azurebackuprg_eastus_1/providers/microsoft.compute/restorepointcollections/azurebackup_vm20011-prod-prometheus_929623887370555182,Restore Point Collection,US East,[],6.907080124,6.907080124,USD
azurebackuprg_eastus_1,/subscriptions/6276588a-9234-41ee-a81c-7538ea3a817e/resourcegroups/azurebackuprg_eastus_1,KioSoft Globalazure  Subscription,6276588a-9234-41ee-a81c-7538ea3a817e,azurebackup_vm100-prod-csc-universal-web04_929623888133131047,/subscriptions/6276588a-9234-41ee-a81c-7538ea3a817e/resourcegroups/azurebackuprg_eastus_1/providers/microsoft.compute/restorepointcollections/azurebackup_vm100-prod-csc-universal-web04_929623888133131047,Restore Point Collection,US East,[],6.895519283,6.895519283,USD
azurebackuprg_eastus_1,/subscriptions/6276588a-9234-41ee-a81c-7538ea3a817e/resourcegroups/azurebackuprg_eastus_1,KioSoft Globalazure  Subscription,6276588a-9234-41ee-a81c-7538ea3a817e,azurebackup_cmk_929623887782337582,/subscriptions/6276588a-9234-41ee-a81c-7538ea3a817e/resourcegroups/azurebackuprg_eastus_1/providers/microsoft.compute/restorepointcollections/azurebackup_cmk_929623887782337582,Restore Point Collection,US East,[],6.864956328,6.864956328,USD
azurebackuprg_eastus_1,/subscriptions/6276588a-9234-41ee-a81c-7538ea3a817e/resourcegroups/azurebackuprg_eastus_1,KioSoft Globalazure  Subscription,6276588a-9234-41ee-a81c-7538ea3a817e,azurebackup_vm99-prod-csc-universal-web03_929623888409280534,/subscriptions/6276588a-9234-41ee-a81c-7538ea3a817e/resourcegroups/azurebackuprg_eastus_1/providers/microsoft.compute/restorepointcollections/azurebackup_vm99-prod-csc-universal-web03_929623888409280534,Restore Point Collection,US East,[],6.831383716,6.831383716,USD
azurebackuprg_eastus_1,/subscriptions/6276588a-9234-41ee-a81c-7538ea3a817e/resourcegroups/azurebackuprg_eastus_1,KioSoft Globalazure  Subscription,6276588a-9234-41ee-a81c-7538ea3a817e,azurebackup_vm106-prod-csc-retail-reportserver01_929623888529284737,/subscriptions/6276588a-9234-41ee-a81c-7538ea3a817e/resourcegroups/azurebackuprg_eastus_1/providers/microsoft.compute/restorepointcollections/azurebackup_vm106-prod-csc-retail-reportserver01_929623888529284737,Restore Point Collection,US East,[],6.607658525,6.607658525,USD
azurebackuprg_eastus_1,/subscriptions/6276588a-9234-41ee-a81c-7538ea3a817e/resourcegroups/azurebackuprg_eastus_1,KioSoft Globalazure  Subscription,6276588a-9234-41ee-a81c-7538ea3a817e,azurebackup_vm108-prod-csc-retail-reportserver03_929623889063692052,/subscriptions/6276588a-9234-41ee-a81c-7538ea3a817e/resourcegroups/azurebackuprg_eastus_1/providers/microsoft.compute/restorepointcollections/azurebackup_vm108-prod-csc-retail-reportserver03_929623889063692052,Restore Point Collection,US East,[],6.599228157,6.599228157,USD
azurebackuprg_eastus_1,/subscriptions/6276588a-9234-41ee-a81c-7538ea3a817e/resourcegroups/azurebackuprg_eastus_1,KioSoft Globalazure  Subscription,6276588a-9234-41ee-a81c-7538ea3a817e,azurebackup_vm129-prod-csc-retail-reportserver06_929623887199236512,/subscriptions/6276588a-9234-41ee-a81c-7538ea3a817e/resourcegroups/azurebackuprg_eastus_1/providers/microsoft.compute/restorepointcollections/azurebackup_vm129-prod-csc-retail-reportserver06_929623887199236512,Restore Point Collection,US East,[],6.589247417,6.589247417,USD
azurebackuprg_eastus_1,/subscriptions/6276588a-9234-41ee-a81c-7538ea3a817e/resourcegroups/azurebackuprg_eastus_1,KioSoft Globalazure  Subscription,6276588a-9234-41ee-a81c-7538ea3a817e,azurebackup_vm128-prod-csc-retail-reportserver05_929623889277042919,/subscriptions/6276588a-9234-41ee-a81c-7538ea3a817e/resourcegroups/azurebackuprg_eastus_1/providers/microsoft.compute/restorepointcollections/azurebackup_vm128-prod-csc-retail-reportserver05_929623889277042919,Restore Point Collection,US East,[],6.587394167,6.587394167,USD
azurebackuprg_eastus_1,/subscriptions/6276588a-9234-41ee-a81c-7538ea3a817e/resourcegroups/azurebackuprg_eastus_1,KioSoft Globalazure  Subscription,6276588a-9234-41ee-a81c-7538ea3a817e,azurebackup_vm134-prod-amusement-web02_929623887426034662,/subscriptions/6276588a-9234-41ee-a81c-7538ea3a817e/resourcegroups/azurebackuprg_eastus_1/providers/microsoft.compute/restorepointcollections/azurebackup_vm134-prod-amusement-web02_929623887426034662,Restore Point Collection,US East,[],6.58525146,6.58525146,USD
azurebackuprg_eastus_1,/subscriptions/6276588a-9234-41ee-a81c-7538ea3a817e/resourcegroups/azurebackuprg_eastus_1,KioSoft Globalazure  Subscription,6276588a-9234-41ee-a81c-7538ea3a817e,azurebackup_vm135-prod-amusement-web03_929623888410428142,/subscriptions/6276588a-9234-41ee-a81c-7538ea3a817e/resourcegroups/azurebackuprg_eastus_1/providers/microsoft.compute/restorepointcollections/azurebackup_vm135-prod-amusement-web03_929623888410428142,Restore Point Collection,US East,[],6.577465777,6.577465777,USD
azurebackuprg_eastus_1,/subscriptions/6276588a-9234-41ee-a81c-7538ea3a817e/resourcegroups/azurebackuprg_eastus_1,KioSoft Globalazure  Subscription,6276588a-9234-41ee-a81c-7538ea3a817e,azurebackup_vm107-prod-csc-retail-reportserver02_929623888805026017,/subscriptions/6276588a-9234-41ee-a81c-7538ea3a817e/resourcegroups/azurebackuprg_eastus_1/providers/microsoft.compute/restorepointcollections/azurebackup_vm107-prod-csc-retail-reportserver02_929623888805026017,Restore Point Collection,US East,[],6.494380678,6.494380678,USD
azurebackuprg_eastus_1,/subscriptions/6276588a-9234-41ee-a81c-7538ea3a817e/resourcegroups/azurebackuprg_eastus_1,KioSoft Globalazure  Subscription,6276588a-9234-41ee-a81c-7538ea3a817e,azurebackup_vm131-prod-csc-retail-reportserver08_929623887602792145,/subscriptions/6276588a-9234-41ee-a81c-7538ea3a817e/resourcegroups/azurebackuprg_eastus_1/providers/microsoft.compute/restorepointcollections/azurebackup_vm131-prod-csc-retail-reportserver08_929623887602792145,Restore Point Collection,US East,[],6.459371313,6.459371313,USD
azurebackuprg_eastus_1,/subscriptions/6276588a-9234-41ee-a81c-7538ea3a817e/resourcegroups/azurebackuprg_eastus_1,KioSoft Globalazure  Subscription,6276588a-9234-41ee-a81c-7538ea3a817e,azurebackup_vm127-prod-tcn_929623888721242357,/subscriptions/6276588a-9234-41ee-a81c-7538ea3a817e/resourcegroups/azurebackuprg_eastus_1/providers/microsoft.compute/restorepointcollections/azurebackup_vm127-prod-tcn_929623888721242357,Restore Point Collection,US East,[],6.392892606,6.392892606,USD
azurebackuprg_eastus_1,/subscriptions/6276588a-9234-41ee-a81c-7538ea3a817e/resourcegroups/azurebackuprg_eastus_1,KioSoft Globalazure  Subscription,6276588a-9234-41ee-a81c-7538ea3a817e,azurebackup_vm130-prod-csc-retail-reportserver07_929623888124425786,/subscriptions/6276588a-9234-41ee-a81c-7538ea3a817e/resourcegroups/azurebackuprg_eastus_1/providers/microsoft.compute/restorepointcollections/azurebackup_vm130-prod-csc-retail-reportserver07_929623888124425786,Restore Point Collection,US East,[],6.366684711,6.366684711,USD
azurebackuprg_eastus_1,/subscriptions/6276588a-9234-41ee-a81c-7538ea3a817e/resourcegroups/azurebackuprg_eastus_1,KioSoft Globalazure  Subscription,6276588a-9234-41ee-a81c-7538ea3a817e,azurebackup_vm109-prod-csc-retail-reportserver04_929623888800437795,/subscriptions/6276588a-9234-41ee-a81c-7538ea3a817e/resourcegroups/azurebackuprg_eastus_1/providers/microsoft.compute/restorepointcollections/azurebackup_vm109-prod-csc-retail-reportserver04_929623888800437795,Restore Point Collection,US East,[],6.286547588,6.286547588,USD
azurebackuprg_eastus_1,/subscriptions/6276588a-9234-41ee-a81c-7538ea3a817e/resourcegroups/azurebackuprg_eastus_1,KioSoft Globalazure  Subscription,6276588a-9234-41ee-a81c-7538ea3a817e,azurebackup_ttideployment_929623889030321900,/subscriptions/6276588a-9234-41ee-a81c-7538ea3a817e/resourcegroups/azurebackuprg_eastus_1/providers/microsoft.compute/restorepointcollections/azurebackup_ttideployment_929623889030321900,Restore Point Collection,US East,[],4.283558982,4.283558982,USD
azurebackuprg_eastus_1,/subscriptions/6276588a-9234-41ee-a81c-7538ea3a817e/resourcegroups/azurebackuprg_eastus_1,KioSoft Globalazure  Subscription,6276588a-9234-41ee-a81c-7538ea3a817e,azurebackup_vm126-automated-testing-platform_929623889014949279,/subscriptions/6276588a-9234-41ee-a81c-7538ea3a817e/resourcegroups/azurebackuprg_eastus_1/providers/microsoft.compute/restorepointcollections/azurebackup_vm126-automated-testing-platform_929623889014949279,Restore Point Collection,US East,[],3.459066171,3.459066171,USD
azurebackuprg_eastus_1,/subscriptions/6276588a-9234-41ee-a81c-7538ea3a817e/resourcegroups/azurebackuprg_eastus_1,KioSoft Globalazure  Subscription,6276588a-9234-41ee-a81c-7538ea3a817e,azurebackup_tmsprod-tms03_929623889091889079,/subscriptions/6276588a-9234-41ee-a81c-7538ea3a817e/resourcegroups/azurebackuprg_eastus_1/providers/microsoft.compute/restorepointcollections/azurebackup_tmsprod-tms03_929623889091889079,Restore Point Collection,US East,[],3.112247547,3.112247547,USD
azurebackuprg_eastus_1,/subscriptions/6276588a-9234-41ee-a81c-7538ea3a817e/resourcegroups/azurebackuprg_eastus_1,KioSoft Globalazure  Subscription,6276588a-9234-41ee-a81c-7538ea3a817e,azurebackup_vm20009-prod-internal-web01_929623888850019341,/subscriptions/6276588a-9234-41ee-a81c-7538ea3a817e/resourcegroups/azurebackuprg_eastus_1/providers/microsoft.compute/restorepointcollections/azurebackup_vm20009-prod-internal-web01_929623888850019341,Restore Point Collection,US East,[],2.530173748,2.530173748,USD
azurebackuprg_eastus_1,/subscriptions/6276588a-9234-41ee-a81c-7538ea3a817e/resourcegroups/azurebackuprg_eastus_1,KioSoft Globalazure  Subscription,6276588a-9234-41ee-a81c-7538ea3a817e,azurebackup_vm20010-prod-internal-web02_929623888179221498,/subscriptions/6276588a-9234-41ee-a81c-7538ea3a817e/resourcegroups/azurebackuprg_eastus_1/providers/microsoft.compute/restorepointcollections/azurebackup_vm20010-prod-internal-web02_929623888179221498,Restore Point Collection,US East,[],2.514367768,2.514367768,USD
azurebackuprg_eastus_1,/subscriptions/6276588a-9234-41ee-a81c-7538ea3a817e/resourcegroups/azurebackuprg_eastus_1,KioSoft Globalazure  Subscription,6276588a-9234-41ee-a81c-7538ea3a817e,azurebackup_vm156-prod-operationcenter_929623887286655021,/subscriptions/6276588a-9234-41ee-a81c-7538ea3a817e/resourcegroups/azurebackuprg_eastus_1/providers/microsoft.compute/restorepointcollections/azurebackup_vm156-prod-operationcenter_929623887286655021,Restore Point Collection,US East,[],2.147754432,2.147754432,USD
azurebackuprg_eastus_1,/subscriptions/6276588a-9234-41ee-a81c-7538ea3a817e/resourcegroups/azurebackuprg_eastus_1,KioSoft Globalazure  Subscription,6276588a-9234-41ee-a81c-7538ea3a817e,azurebackup_vm90-prod-powerbi_929623888027641471,/subscriptions/6276588a-9234-41ee-a81c-7538ea3a817e/resourcegroups/azurebackuprg_eastus_1/providers/microsoft.compute/restorepointcollections/azurebackup_vm90-prod-powerbi_929623888027641471,Restore Point Collection,US East,[],2.103669461,2.103669461,USD
azurebackuprg_eastus_1,/subscriptions/6276588a-9234-41ee-a81c-7538ea3a817e/resourcegroups/azurebackuprg_eastus_1,KioSoft Globalazure  Subscription,6276588a-9234-41ee-a81c-7538ea3a817e,azurebackup_vm20012-prod-kiopos-web01_929623887747725848,/subscriptions/6276588a-9234-41ee-a81c-7538ea3a817e/resourcegroups/azurebackuprg_eastus_1/providers/microsoft.compute/restorepointcollections/azurebackup_vm20012-prod-kiopos-web01_929623887747725848,Restore Point Collection,US East,[],1.831572462,1.831572462,USD
azurebackuprg_eastus_1,/subscriptions/6276588a-9234-41ee-a81c-7538ea3a817e/resourcegroups/azurebackuprg_eastus_1,KioSoft Globalazure  Subscription,6276588a-9234-41ee-a81c-7538ea3a817e,azurebackup_tmsprod-web02_929623889231908371,/subscriptions/6276588a-9234-41ee-a81c-7538ea3a817e/resourcegroups/azurebackuprg_eastus_1/providers/microsoft.compute/restorepointcollections/azurebackup_tmsprod-web02_929623889231908371,Restore Point Collection,US East,[],1.790862688,1.790862688,USD
azurebackuprg_eastus_1,/subscriptions/6276588a-9234-41ee-a81c-7538ea3a817e/resourcegroups/azurebackuprg_eastus_1,KioSoft Globalazure  Subscription,6276588a-9234-41ee-a81c-7538ea3a817e,azurebackup_tmsprod-web01_929623887909667835,/subscriptions/6276588a-9234-41ee-a81c-7538ea3a817e/resourcegroups/azurebackuprg_eastus_1/providers/microsoft.compute/restorepointcollections/azurebackup_tmsprod-web01_929623887909667835,Restore Point Collection,US East,[],1.750148766,1.750148766,USD
azurebackuprg_eastus_1,/subscriptions/6276588a-9234-41ee-a81c-7538ea3a817e/resourcegroups/azurebackuprg_eastus_1,KioSoft Globalazure  Subscription,6276588a-9234-41ee-a81c-7538ea3a817e,azurebackup_vm101-prod-csc-universal-soft01_929623889079237157,/subscriptions/6276588a-9234-41ee-a81c-7538ea3a817e/resourcegroups/azurebackuprg_eastus_1/providers/microsoft.compute/restorepointcollections/azurebackup_vm101-prod-csc-universal-soft01_929623889079237157,Restore Point Collection,US East,[],1.681658651,1.681658651,USD
azurebackuprg_eastus_1,/subscriptions/6276588a-9234-41ee-a81c-7538ea3a817e/resourcegroups/azurebackuprg_eastus_1,KioSoft Globalazure  Subscription,6276588a-9234-41ee-a81c-7538ea3a817e,azurebackup_vm140-prod-devops-ai_929623887696801515,/subscriptions/6276588a-9234-41ee-a81c-7538ea3a817e/resourcegroups/azurebackuprg_eastus_1/providers/microsoft.compute/restorepointcollections/azurebackup_vm140-prod-devops-ai_929623887696801515,Restore Point Collection,US East,[],1.666239743,1.666239743,USD
azurebackuprg_eastus_1,/subscriptions/6276588a-9234-41ee-a81c-7538ea3a817e/resourcegroups/azurebackuprg_eastus_1,KioSoft Globalazure  Subscription,6276588a-9234-41ee-a81c-7538ea3a817e,azurebackup_vm157-prod-operation-management_929623887344118525,/subscriptions/6276588a-9234-41ee-a81c-7538ea3a817e/resourcegroups/azurebackuprg_eastus_1/providers/microsoft.compute/restorepointcollections/azurebackup_vm157-prod-operation-management_929623887344118525,Restore Point Collection,US East,[],1.464074769,1.464074769,USD
azurebackuprg_eastus_1,/subscriptions/6276588a-9234-41ee-a81c-7538ea3a817e/resourcegroups/azurebackuprg_eastus_1,KioSoft Globalazure  Subscription,6276588a-9234-41ee-a81c-7538ea3a817e,azurebackup_vm20013-prod-kiopos-soft01_929623887472167545,/subscriptions/6276588a-9234-41ee-a81c-7538ea3a817e/resourcegroups/azurebackuprg_eastus_1/providers/microsoft.compute/restorepointcollections/azurebackup_vm20013-prod-kiopos-soft01_929623887472167545,Restore Point Collection,US East,[],1.402637675,1.402637675,USD
azurebackuprg_eastus_1,/subscriptions/6276588a-9234-41ee-a81c-7538ea3a817e/resourcegroups/azurebackuprg_eastus_1,KioSoft Globalazure  Subscription,6276588a-9234-41ee-a81c-7538ea3a817e,azurebackup_vm147-prod-kiocentral-tool_929623887329958306,/subscriptions/6276588a-9234-41ee-a81c-7538ea3a817e/resourcegroups/azurebackuprg_eastus_1/providers/microsoft.compute/restorepointcollections/azurebackup_vm147-prod-kiocentral-tool_929623887329958306,Restore Point Collection,US East,[],1.25269413,1.25269413,USD
azurebackuprg_eastus_1,/subscriptions/6276588a-9234-41ee-a81c-7538ea3a817e/resourcegroups/azurebackuprg_eastus_1,KioSoft Globalazure  Subscription,6276588a-9234-41ee-a81c-7538ea3a817e,azurebackup_vm133-prod-csc-tms_929623888589302131,/subscriptions/6276588a-9234-41ee-a81c-7538ea3a817e/resourcegroups/azurebackuprg_eastus_1/providers/microsoft.compute/restorepointcollections/azurebackup_vm133-prod-csc-tms_929623888589302131,Restore Point Collection,US East,[],1.151958216,1.151958216,USD
azurebackuprg_eastus_1,/subscriptions/6276588a-9234-41ee-a81c-7538ea3a817e/resourcegroups/azurebackuprg_eastus_1,KioSoft Globalazure  Subscription,6276588a-9234-41ee-a81c-7538ea3a817e,azurebackup_prod-mqtt-coffee_929623888628586878,/subscriptions/6276588a-9234-41ee-a81c-7538ea3a817e/resourcegroups/azurebackuprg_eastus_1/providers/microsoft.compute/restorepointcollections/azurebackup_prod-mqtt-coffee_929623888628586878,Restore Point Collection,US East,[],1.08510563,1.08510563,USD
azurebackuprg_eastus_1,/subscriptions/6276588a-9234-41ee-a81c-7538ea3a817e/resourcegroups/azurebackuprg_eastus_1,KioSoft Globalazure  Subscription,6276588a-9234-41ee-a81c-7538ea3a817e,azurebackup_tmsprod-tms02_929623887726593831,/subscriptions/6276588a-9234-41ee-a81c-7538ea3a817e/resourcegroups/azurebackuprg_eastus_1/providers/microsoft.compute/restorepointcollections/azurebackup_tmsprod-tms02_929623887726593831,Restore Point Collection,US East,[],0.909955342,0.909955342,USD
azurebackuprg_eastus_1,/subscriptions/6276588a-9234-41ee-a81c-7538ea3a817e/resourcegroups/azurebackuprg_eastus_1,KioSoft Globalazure  Subscription,6276588a-9234-41ee-a81c-7538ea3a817e,azurebackup_vm20006-prod-backupserver_929623888652037688,/subscriptions/6276588a-9234-41ee-a81c-7538ea3a817e/resourcegroups/azurebackuprg_eastus_1/providers/microsoft.compute/restorepointcollections/azurebackup_vm20006-prod-backupserver_929623888652037688,Restore Point Collection,US East,[],0.885000293,0.885000293,USD
azurebackuprg_eastus_1,/subscriptions/6276588a-9234-41ee-a81c-7538ea3a817e/resourcegroups/azurebackuprg_eastus_1,KioSoft Globalazure  Subscription,6276588a-9234-41ee-a81c-7538ea3a817e,azurebackup_tmsprod-tms01_929623888630237019,/subscriptions/6276588a-9234-41ee-a81c-7538ea3a817e/resourcegroups/azurebackuprg_eastus_1/providers/microsoft.compute/restorepointcollections/azurebackup_tmsprod-tms01_929623888630237019,Restore Point Collection,US East,[],0.697373028,0.697373028,USD
azurebackuprg_eastus_1,/subscriptions/6276588a-9234-41ee-a81c-7538ea3a817e/resourcegroups/azurebackuprg_eastus_1,KioSoft Globalazure  Subscription,6276588a-9234-41ee-a81c-7538ea3a817e,azurebackup_vm136-prod-wazan-web01_929623887255601481,/subscriptions/6276588a-9234-41ee-a81c-7538ea3a817e/resourcegroups/azurebackuprg_eastus_1/providers/microsoft.compute/restorepointcollections/azurebackup_vm136-prod-wazan-web01_929623887255601481,Restore Point Collection,US East,[],0.586178985,0.586178985,USD
azurebackuprg_eastus_1,/subscriptions/6276588a-9234-41ee-a81c-7538ea3a817e/resourcegroups/azurebackuprg_eastus_1,KioSoft Globalazure  Subscription,6276588a-9234-41ee-a81c-7538ea3a817e,azurebackup_vm20011-prod-pometheus-backup_929623887343452660,/subscriptions/6276588a-9234-41ee-a81c-7538ea3a817e/resourcegroups/azurebackuprg_eastus_1/providers/microsoft.compute/restorepointcollections/azurebackup_vm20011-prod-pometheus-backup_929623887343452660,Restore Point Collection,US East,[],0.523277601,0.523277601,USD
azurebackuprg_eastus_1,/subscriptions/6276588a-9234-41ee-a81c-7538ea3a817e/resourcegroups/azurebackuprg_eastus_1,KioSoft Globalazure  Subscription,6276588a-9234-41ee-a81c-7538ea3a817e,azurebackup_tmsprod-lb01_929623888688307930,/subscriptions/6276588a-9234-41ee-a81c-7538ea3a817e/resourcegroups/azurebackuprg_eastus_1/providers/microsoft.compute/restorepointcollections/azurebackup_tmsprod-lb01_929623888688307930,Restore Point Collection,US East,[],0.362400767,0.362400767,USD
azurebackuprg_eastus_1,/subscriptions/6276588a-9234-41ee-a81c-7538ea3a817e/resourcegroups/azurebackuprg_eastus_1,KioSoft Globalazure  Subscription,6276588a-9234-41ee-a81c-7538ea3a817e,azurebackup_snipe-it_246291976234172,/subscriptions/6276588a-9234-41ee-a81c-7538ea3a817e/resourcegroups/azurebackuprg_eastus_1/providers/microsoft.compute/restorepointcollections/azurebackup_snipe-it_246291976234172,Restore Point Collection,US East,[],0.188821976,0.188821976,USD
sut,/subscriptions/6276588a-9234-41ee-a81c-7538ea3a817e/resourcegroups/sut,KioSoft Globalazure  Subscription,6276588a-9234-41ee-a81c-7538ea3a817e,ks-fgt,/subscriptions/6276588a-9234-41ee-a81c-7538ea3a817e/resourcegroups/sut/providers/microsoft.compute/virtualmachines/ks-fgt,Virtual machine,US East 2,"[""\""provider\"":\""6eb3b02f-50e5-4a3e-8cb8-2e12925831vm\"""",""\""product\"":\""fortinet\""""]",278.5726317,278.5726317,USD
sut,/subscriptions/6276588a-9234-41ee-a81c-7538ea3a817e/resourcegroups/sut,KioSoft Globalazure  Subscription,6276588a-9234-41ee-a81c-7538ea3a817e,sut_vnetgateway,/subscriptions/6276588a-9234-41ee-a81c-7538ea3a817e/resourcegroups/sut/providers/microsoft.network/virtualnetworkgateways/sut_vnetgateway,Virtual network gateway,US East 2,[],136.8,136.8,USD
sut,/subscriptions/6276588a-9234-41ee-a81c-7538ea3a817e/resourcegroups/sut,KioSoft Globalazure  Subscription,6276588a-9234-41ee-a81c-7538ea3a817e,sutserver01,/subscriptions/6276588a-9234-41ee-a81c-7538ea3a817e/resourcegroups/sut/providers/microsoft.compute/virtualmachines/sutserver01,Virtual machine,"US East 2, Intercontinental","[""\""environment\"":\""production\"""",""\""product\"":\""internal - tti server/crm/rma\"""",""\""publisher\"":\""microsoftwindowsserver\""""]",80.69967874,80.69967874,USD
sut,/subscriptions/6276588a-9234-41ee-a81c-7538ea3a817e/resourcegroups/sut,KioSoft Globalazure  Subscription,6276588a-9234-41ee-a81c-7538ea3a817e,vm20022-prod-sut-server02,/subscriptions/6276588a-9234-41ee-a81c-7538ea3a817e/resourcegroups/sut/providers/microsoft.compute/virtualmachines/vm20022-prod-sut-server02,Virtual machine,US East 2,"[""\""environment\"":\""prod\"""",""\""product\"":\""sut\""""]",23.26314126,23.26314126,USD
sut,/subscriptions/6276588a-9234-41ee-a81c-7538ea3a817e/resourcegroups/sut,KioSoft Globalazure  Subscription,6276588a-9234-41ee-a81c-7538ea3a817e,sutserver01-new_osdisk_1_a06c711facad49a48f8208abbaca4778,/subscriptions/6276588a-9234-41ee-a81c-7538ea3a817e/resourcegroups/sut/providers/microsoft.compute/disks/sutserver01-new_osdisk_1_a06c711facad49a48f8208abbaca4778,Disk,US East 2,[],17.53167678,17.53167678,USD
sut,/subscriptions/6276588a-9234-41ee-a81c-7538ea3a817e/resourcegroups/sut,KioSoft Globalazure  Subscription,6276588a-9234-41ee-a81c-7538ea3a817e,sutserver02,/subscriptions/6276588a-9234-41ee-a81c-7538ea3a817e/resourcegroups/sut/providers/microsoft.compute/virtualmachines/sutserver02,Virtual machine,US East 2,"[""\""environment\"":\""production\"""",""\""publisher\"":\""canonical\"""",""\""product\"":\""internal - sut vpn \""""]",14.45453817,14.45453817,USD
sut,/subscriptions/6276588a-9234-41ee-a81c-7538ea3a817e/resourcegroups/sut,KioSoft Globalazure  Subscription,6276588a-9234-41ee-a81c-7538ea3a817e,ks-fgt_disk2_38c86f7ae9ed4a9681c35ca89d1c0156,/subscriptions/6276588a-9234-41ee-a81c-7538ea3a817e/resourcegroups/sut/providers/microsoft.compute/disks/ks-fgt_disk2_38c86f7ae9ed4a9681c35ca89d1c0156,Disk,US East 2,"[""\""provider\"":\""6eb3b02f-50e5-4a3e-8cb8-2e12925831vm\"""",""\""product\"":\""fortinet\""""]",4.707187299,4.707187299,USD
sut,/subscriptions/6276588a-9234-41ee-a81c-7538ea3a817e/resourcegroups/sut,KioSoft Globalazure  Subscription,6276588a-9234-41ee-a81c-7538ea3a817e,sutserver02_disk1_2d3f6d24be204a268f3cae7fe4263767,/subscriptions/6276588a-9234-41ee-a81c-7538ea3a817e/resourcegroups/sut/providers/microsoft.compute/disks/sutserver02_disk1_2d3f6d24be204a268f3cae7fe4263767,Disk,US East 2,[],4.69777612,4.69777612,USD
sut,/subscriptions/6276588a-9234-41ee-a81c-7538ea3a817e/resourcegroups/sut,KioSoft Globalazure  Subscription,6276588a-9234-41ee-a81c-7538ea3a817e,sutserver01-ip,/subscriptions/6276588a-9234-41ee-a81c-7538ea3a817e/resourcegroups/sut/providers/microsoft.network/publicipaddresses/sutserver01-ip,Public IP address,US East 2,[],3.60003974,3.60003974,USD
sut,/subscriptions/6276588a-9234-41ee-a81c-7538ea3a817e/resourcegroups/sut,KioSoft Globalazure  Subscription,6276588a-9234-41ee-a81c-7538ea3a817e,sutserver02ip184,/subscriptions/6276588a-9234-41ee-a81c-7538ea3a817e/resourcegroups/sut/providers/microsoft.network/publicipaddresses/sutserver02ip184,Public IP address,US East 2,[],3.60003974,3.60003974,USD
sut,/subscriptions/6276588a-9234-41ee-a81c-7538ea3a817e/resourcegroups/sut,KioSoft Globalazure  Subscription,6276588a-9234-41ee-a81c-7538ea3a817e,sut_vnetgateway1_publicip1,/subscriptions/6276588a-9234-41ee-a81c-7538ea3a817e/resourcegroups/sut/providers/microsoft.network/publicipaddresses/sut_vnetgateway1_publicip1,Public IP address,US East 2,[],2.88,2.88,USD
sut,/subscriptions/6276588a-9234-41ee-a81c-7538ea3a817e/resourcegroups/sut,KioSoft Globalazure  Subscription,6276588a-9234-41ee-a81c-7538ea3a817e,ks-fgt-pip,/subscriptions/6276588a-9234-41ee-a81c-7538ea3a817e/resourcegroups/sut/providers/microsoft.network/publicipaddresses/ks-fgt-pip,Public IP address,US East 2,"[""\""provider\"":\""6eb3b02f-50e5-4a3e-8cb8-2e12925831vm\"""",""\""product\"":\""fortinet\""""]",2.590011111,2.590011111,USD
sut,/subscriptions/6276588a-9234-41ee-a81c-7538ea3a817e/resourcegroups/sut,KioSoft Globalazure  Subscription,6276588a-9234-41ee-a81c-7538ea3a817e,disk20027-prod-sut-server02-os,/subscriptions/6276588a-9234-41ee-a81c-7538ea3a817e/resourcegroups/sut/providers/microsoft.compute/disks/disk20027-prod-sut-server02-os,Disk,US East 2,"[""\""environment\"":\""prod\"""",""\""product\"":\""sut\""""]",1.021851395,1.021851395,USD
sut,/subscriptions/6276588a-9234-41ee-a81c-7538ea3a817e/resourcegroups/sut,KioSoft Globalazure  Subscription,6276588a-9234-41ee-a81c-7538ea3a817e,pip20020-prod-sut-server02,/subscriptions/6276588a-9234-41ee-a81c-7538ea3a817e/resourcegroups/sut/providers/microsoft.network/publicipaddresses/pip20020-prod-sut-server02,Public IP address,US East 2,[],0.792803066,0.792803066,USD
sut,/subscriptions/6276588a-9234-41ee-a81c-7538ea3a817e/resourcegroups/sut,KioSoft Globalazure  Subscription,6276588a-9234-41ee-a81c-7538ea3a817e,ks-fgt_osdisk_1_9f02230dd01446fdbc896a9e669fa7a6,/subscriptions/6276588a-9234-41ee-a81c-7538ea3a817e/resourcegroups/sut/providers/microsoft.compute/disks/ks-fgt_osdisk_1_9f02230dd01446fdbc896a9e669fa7a6,Disk,US East 2,"[""\""provider\"":\""6eb3b02f-50e5-4a3e-8cb8-2e12925831vm\"""",""\""product\"":\""fortinet\""""]",0.591320743,0.591320743,USD
sut,/subscriptions/6276588a-9234-41ee-a81c-7538ea3a817e/resourcegroups/sut,KioSoft Globalazure  Subscription,6276588a-9234-41ee-a81c-7538ea3a817e,hosttohost-nuvolinq_datacenter1,/subscriptions/6276588a-9234-41ee-a81c-7538ea3a817e/resourcegroups/sut/providers/microsoft.network/connections/hosttohost-nuvolinq_datacenter1,Connection,US East 2,[],0.118505302,0.118505302,USD
sut,/subscriptions/6276588a-9234-41ee-a81c-7538ea3a817e/resourcegroups/sut,KioSoft Globalazure  Subscription,6276588a-9234-41ee-a81c-7538ea3a817e,high cpu usage-sutserver02,/subscriptions/6276588a-9234-41ee-a81c-7538ea3a817e/resourcegroups/sut/providers/microsoft.insights/metricalerts/high cpu usage-sutserver02,microsoft.insights/metricalerts,Unknown,[],0.092190985,0.092190985,USD
sut,/subscriptions/6276588a-9234-41ee-a81c-7538ea3a817e/resourcegroups/sut,KioSoft Globalazure  Subscription,6276588a-9234-41ee-a81c-7538ea3a817e,high mem usage-sutserver02,/subscriptions/6276588a-9234-41ee-a81c-7538ea3a817e/resourcegroups/sut/providers/microsoft.insights/metricalerts/high mem usage-sutserver02,microsoft.insights/metricalerts,Unknown,[],0.092190985,0.092190985,USD
sut,/subscriptions/6276588a-9234-41ee-a81c-7538ea3a817e/resourcegroups/sut,KioSoft Globalazure  Subscription,6276588a-9234-41ee-a81c-7538ea3a817e,percentage cpu - ks-fgt,/subscriptions/6276588a-9234-41ee-a81c-7538ea3a817e/resourcegroups/sut/providers/microsoft.insights/metricalerts/percentage cpu - ks-fgt,microsoft.insights/metricalerts,Unknown,"[""\""product\"":\""fortinet\""""]",0.092190985,0.092190985,USD
sut,/subscriptions/6276588a-9234-41ee-a81c-7538ea3a817e/resourcegroups/sut,KioSoft Globalazure  Subscription,6276588a-9234-41ee-a81c-7538ea3a817e,vm availability - ks-fgt,/subscriptions/6276588a-9234-41ee-a81c-7538ea3a817e/resourcegroups/sut/providers/microsoft.insights/metricalerts/vm availability - ks-fgt,microsoft.insights/metricalerts,Unknown,"[""\""product\"":\""fortinet\""""]",0.092190985,0.092190985,USD
sut,/subscriptions/6276588a-9234-41ee-a81c-7538ea3a817e/resourcegroups/sut,KioSoft Globalazure  Subscription,6276588a-9234-41ee-a81c-7538ea3a817e,vm20022-prod-sut-server02_cpu-memory-alert,/subscriptions/6276588a-9234-41ee-a81c-7538ea3a817e/resourcegroups/sut/providers/microsoft.insights/metricalerts/vm20022-prod-sut-server02_cpu-memory-alert,microsoft.insights/metricalerts,Unknown,[],0.040563015,0.040563015,USD
sut,/subscriptions/6276588a-9234-41ee-a81c-7538ea3a817e/resourcegroups/sut,KioSoft Globalazure  Subscription,6276588a-9234-41ee-a81c-7538ea3a817e,recommendedalertrules-ag-3,/subscriptions/6276588a-9234-41ee-a81c-7538ea3a817e/resourcegroups/sut/providers/microsoft.insights/actiongroups/recommendedalertrules-ag-3,microsoft.insights/actiongroups,"US North Central, US West 2",[],1.99005E-07,1.99005E-07,USD
cmk,/subscriptions/6276588a-9234-41ee-a81c-7538ea3a817e/resourcegroups/cmk,KioSoft Globalazure  Subscription,6276588a-9234-41ee-a81c-7538ea3a817e,mysql10-prod-universal,/subscriptions/6276588a-9234-41ee-a81c-7538ea3a817e/resourcegroups/cmk/providers/microsoft.dbformysql/flexibleservers/mysql10-prod-universal,Azure Database for MySQL flexible server,US East,"[""\""environment\"":\""production\"""",""\""db-size\"":\""general purpose, d2ads_v5, 2 vcores, 8 gib ram, 100 gib storage, 3200 iops\"""",""\""db-usage\"":\""universal\""""]",97.86268092,97.86268092,USD
cmk,/subscriptions/6276588a-9234-41ee-a81c-7538ea3a817e/resourcegroups/cmk,KioSoft Globalazure  Subscription,6276588a-9234-41ee-a81c-7538ea3a817e,prod-universal-db01,/subscriptions/6276588a-9234-41ee-a81c-7538ea3a817e/resourcegroups/cmk/providers/microsoft.compute/virtualmachines/prod-universal-db01,Virtual machine,"US East, Intercontinental","[""\""environment\"":\""production\"""",""\""publisher\"":\""openlogic\"""",""\""product\"":\""universal - db01\""""]",52.05852929,52.05852929,USD
cmk,/subscriptions/6276588a-9234-41ee-a81c-7538ea3a817e/resourcegroups/cmk,KioSoft Globalazure  Subscription,6276588a-9234-41ee-a81c-7538ea3a817e,prod-universal-web01-new,/subscriptions/6276588a-9234-41ee-a81c-7538ea3a817e/resourcegroups/cmk/providers/microsoft.compute/virtualmachines/prod-universal-web01-new,Virtual machine,"US East, Intercontinental","[""\""environment\"":\""production\"""",""\""product\"":\""universal - web01\"""",""\""publisher\"":\""openlogic\""""]",40.26287102,40.26287102,USD
cmk,/subscriptions/6276588a-9234-41ee-a81c-7538ea3a817e/resourcegroups/cmk,KioSoft Globalazure  Subscription,6276588a-9234-41ee-a81c-7538ea3a817e,prod-universal-web02-new,/subscriptions/6276588a-9234-41ee-a81c-7538ea3a817e/resourcegroups/cmk/providers/microsoft.compute/virtualmachines/prod-universal-web02-new,Virtual machine,"US East, Intercontinental","[""\""environment\"":\""production\"""",""\""publisher\"":\""openlogic\"""",""\""product\"":\""universal - web02\""""]",39.97194139,39.97194139,USD
cmk,/subscriptions/6276588a-9234-41ee-a81c-7538ea3a817e/resourcegroups/cmk,KioSoft Globalazure  Subscription,6276588a-9234-41ee-a81c-7538ea3a817e,vm139-prod-universal-web03,/subscriptions/6276588a-9234-41ee-a81c-7538ea3a817e/resourcegroups/cmk/providers/microsoft.compute/virtualmachines/vm139-prod-universal-web03,Virtual machine,US East,"[""\""environment\"":\""production\"""",""\""publisher\"":\""openlogic\"""",""\""product\"":\""universal - web03\""""]",39.9380605,39.9380605,USD
cmk,/subscriptions/6276588a-9234-41ee-a81c-7538ea3a817e/resourcegroups/cmk,KioSoft Globalazure  Subscription,6276588a-9234-41ee-a81c-7538ea3a817e,new-prod-universal_osdisk_1_b6073e6ffc6149e3889bf087c5f7da76-202209061431,/subscriptions/6276588a-9234-41ee-a81c-7538ea3a817e/resourcegroups/cmk/providers/microsoft.compute/disks/new-prod-universal_osdisk_1_b6073e6ffc6149e3889bf087c5f7da76-202209061431,Disk,US East,[],37.19452637,37.19452637,USD
cmk,/subscriptions/6276588a-9234-41ee-a81c-7538ea3a817e/resourcegroups/cmk,KioSoft Globalazure  Subscription,6276588a-9234-41ee-a81c-7538ea3a817e,sa37produniversal,/subscriptions/6276588a-9234-41ee-a81c-7538ea3a817e/resourcegroups/cmk/providers/microsoft.storage/storageaccounts/sa37produniversal,Storage account,US East,[],19.65672627,19.65672627,USD
cmk,/subscriptions/6276588a-9234-41ee-a81c-7538ea3a817e/resourcegroups/cmk,KioSoft Globalazure  Subscription,6276588a-9234-41ee-a81c-7538ea3a817e,cmk_osdisk_1_877fdd916a1c4a98abf230e509521e82,/subscriptions/6276588a-9234-41ee-a81c-7538ea3a817e/resourcegroups/cmk/providers/microsoft.compute/disks/cmk_osdisk_1_877fdd916a1c4a98abf230e509521e82,Disk,US East,[],19.28583596,19.28583596,USD
cmk,/subscriptions/6276588a-9234-41ee-a81c-7538ea3a817e/resourcegroups/cmk,KioSoft Globalazure  Subscription,6276588a-9234-41ee-a81c-7538ea3a817e,new-prod-universal-web01_osdisk_1_d9bed20442044741973316466ba092d5-202209071420,/subscriptions/6276588a-9234-41ee-a81c-7538ea3a817e/resourcegroups/cmk/providers/microsoft.compute/disks/new-prod-universal-web01_osdisk_1_d9bed20442044741973316466ba092d5-202209071420,Disk,US East,[],19.28583596,19.28583596,USD
cmk,/subscriptions/6276588a-9234-41ee-a81c-7538ea3a817e/resourcegroups/cmk,KioSoft Globalazure  Subscription,6276588a-9234-41ee-a81c-7538ea3a817e,new-prod-universal-web02_osdisk_1_1460efb8ec6a46988cfb86a06bcefadc-20220909,/subscriptions/6276588a-9234-41ee-a81c-7538ea3a817e/resourcegroups/cmk/providers/microsoft.compute/disks/new-prod-universal-web02_osdisk_1_1460efb8ec6a46988cfb86a06bcefadc-20220909,Disk,US East,[],19.28583596,19.28583596,USD
cmk,/subscriptions/6276588a-9234-41ee-a81c-7538ea3a817e/resourcegroups/cmk,KioSoft Globalazure  Subscription,6276588a-9234-41ee-a81c-7538ea3a817e,vm139produniversalweb03-osdisk-20241105-054648,/subscriptions/6276588a-9234-41ee-a81c-7538ea3a817e/resourcegroups/cmk/providers/microsoft.compute/disks/vm139produniversalweb03-osdisk-20241105-054648,Disk,US East,"[""\""rsvaultbackup\"":\""50af4d03-99bd-4d0f-add9-9c0bdcc8a491\""""]",19.28583596,19.28583596,USD
cmk,/subscriptions/6276588a-9234-41ee-a81c-7538ea3a817e/resourcegroups/cmk,KioSoft Globalazure  Subscription,6276588a-9234-41ee-a81c-7538ea3a817e,universal-loadbalance-prod,/subscriptions/6276588a-9234-41ee-a81c-7538ea3a817e/resourcegroups/cmk/providers/microsoft.network/loadbalancers/universal-loadbalance-prod,Load balancer,US East,[],18.59214206,18.59214206,USD
cmk,/subscriptions/6276588a-9234-41ee-a81c-7538ea3a817e/resourcegroups/cmk,KioSoft Globalazure  Subscription,6276588a-9234-41ee-a81c-7538ea3a817e,cmk,/subscriptions/6276588a-9234-41ee-a81c-7538ea3a817e/resourcegroups/cmk/providers/microsoft.compute/virtualmachines/cmk,Virtual machine,"US East, Intercontinental","[""\""environment\"":\""production\"""",""\""publisher\"":\""openlogic\"""",""\""product\"":\""market - coffee\""""]",17.76696843,17.76696843,USD
cmk,/subscriptions/6276588a-9234-41ee-a81c-7538ea3a817e/resourcegroups/cmk,KioSoft Globalazure  Subscription,6276588a-9234-41ee-a81c-7538ea3a817e,vm147-prod-kiocentral-tool,/subscriptions/6276588a-9234-41ee-a81c-7538ea3a817e/resourcegroups/cmk/providers/microsoft.compute/virtualmachines/vm147-prod-kiocentral-tool,Virtual machine,US East,"[""\""environment\"":\""production\"""",""\""publisher\"":\""openlogic\"""",""\""product\"":\""kiocentral-tool\""""]",14.43986396,14.43986396,USD
cmk,/subscriptions/6276588a-9234-41ee-a81c-7538ea3a817e/resourcegroups/cmk,KioSoft Globalazure  Subscription,6276588a-9234-41ee-a81c-7538ea3a817e,vm147-prod-kiocentral-tool_osdisk_1_c57e1084985d4cbebfc1f45ef076c3e1,/subscriptions/6276588a-9234-41ee-a81c-7538ea3a817e/resourcegroups/cmk/providers/microsoft.compute/disks/vm147-prod-kiocentral-tool_osdisk_1_c57e1084985d4cbebfc1f45ef076c3e1,Disk,US East,[],9.987175416,9.987175416,USD
cmk,/subscriptions/6276588a-9234-41ee-a81c-7538ea3a817e/resourcegroups/cmk,KioSoft Globalazure  Subscription,6276588a-9234-41ee-a81c-7538ea3a817e,priend03-prod-universal,/subscriptions/6276588a-9234-41ee-a81c-7538ea3a817e/resourcegroups/cmk/providers/microsoft.network/privateendpoints/priend03-prod-universal,Private endpoint,US East,[],7.2,7.2,USD
cmk,/subscriptions/6276588a-9234-41ee-a81c-7538ea3a817e/resourcegroups/cmk,KioSoft Globalazure  Subscription,6276588a-9234-41ee-a81c-7538ea3a817e,cmk-ip,/subscriptions/6276588a-9234-41ee-a81c-7538ea3a817e/resourcegroups/cmk/providers/microsoft.network/publicipaddresses/cmk-ip,Public IP address,US East,[],3.600039685,3.600039685,USD
cmk,/subscriptions/6276588a-9234-41ee-a81c-7538ea3a817e/resourcegroups/cmk,KioSoft Globalazure  Subscription,6276588a-9234-41ee-a81c-7538ea3a817e,pip169-vm139-prod-universal-web03,/subscriptions/6276588a-9234-41ee-a81c-7538ea3a817e/resourcegroups/cmk/providers/microsoft.network/publicipaddresses/pip169-vm139-prod-universal-web03,Public IP address,US East,[],3.600039685,3.600039685,USD
cmk,/subscriptions/6276588a-9234-41ee-a81c-7538ea3a817e/resourcegroups/cmk,KioSoft Globalazure  Subscription,6276588a-9234-41ee-a81c-7538ea3a817e,pip176-vm147-prod-kiocentral-tool,/subscriptions/6276588a-9234-41ee-a81c-7538ea3a817e/resourcegroups/cmk/providers/microsoft.network/publicipaddresses/pip176-vm147-prod-kiocentral-tool,Public IP address,US East,[],3.600039685,3.600039685,USD
cmk,/subscriptions/6276588a-9234-41ee-a81c-7538ea3a817e/resourcegroups/cmk,KioSoft Globalazure  Subscription,6276588a-9234-41ee-a81c-7538ea3a817e,prod-universal-ip,/subscriptions/6276588a-9234-41ee-a81c-7538ea3a817e/resourcegroups/cmk/providers/microsoft.network/publicipaddresses/prod-universal-ip,Public IP address,US East,[],3.600039685,3.600039685,USD
cmk,/subscriptions/6276588a-9234-41ee-a81c-7538ea3a817e/resourcegroups/cmk,KioSoft Globalazure  Subscription,6276588a-9234-41ee-a81c-7538ea3a817e,prod-universal-lb01-ip,/subscriptions/6276588a-9234-41ee-a81c-7538ea3a817e/resourcegroups/cmk/providers/microsoft.network/publicipaddresses/prod-universal-lb01-ip,Public IP address,US East,[],3.600039685,3.600039685,USD
cmk,/subscriptions/6276588a-9234-41ee-a81c-7538ea3a817e/resourcegroups/cmk,KioSoft Globalazure  Subscription,6276588a-9234-41ee-a81c-7538ea3a817e,prod-universal-web01-ip,/subscriptions/6276588a-9234-41ee-a81c-7538ea3a817e/resourcegroups/cmk/providers/microsoft.network/publicipaddresses/prod-universal-web01-ip,Public IP address,US East,[],3.600039685,3.600039685,USD
cmk,/subscriptions/6276588a-9234-41ee-a81c-7538ea3a817e/resourcegroups/cmk,KioSoft Globalazure  Subscription,6276588a-9234-41ee-a81c-7538ea3a817e,prod-universal-web02-ip,/subscriptions/6276588a-9234-41ee-a81c-7538ea3a817e/resourcegroups/cmk/providers/microsoft.network/publicipaddresses/prod-universal-web02-ip,Public IP address,US East,[],3.600039685,3.600039685,USD
cmk,/subscriptions/6276588a-9234-41ee-a81c-7538ea3a817e/resourcegroups/cmk,KioSoft Globalazure  Subscription,6276588a-9234-41ee-a81c-7538ea3a817e,privatelink.mysql.database.azure.com,/subscriptions/6276588a-9234-41ee-a81c-7538ea3a817e/resourcegroups/cmk/providers/microsoft.network/privatednszones/privatelink.mysql.database.azure.com,Private DNS zone,Unknown,[],0.483743502,0.483743502,USD
cmk,/subscriptions/6276588a-9234-41ee-a81c-7538ea3a817e/resourcegroups/cmk,KioSoft Globalazure  Subscription,6276588a-9234-41ee-a81c-7538ea3a817e,privatelink.file.core.windows.net,/subscriptions/6276588a-9234-41ee-a81c-7538ea3a817e/resourcegroups/cmk/providers/microsoft.network/privatednszones/privatelink.file.core.windows.net,Private DNS zone,Unknown,[],0.483743324,0.483743324,USD
cmk,/subscriptions/6276588a-9234-41ee-a81c-7538ea3a817e/resourcegroups/cmk,KioSoft Globalazure  Subscription,6276588a-9234-41ee-a81c-7538ea3a817e,[critical mysql offline]-mysql10-prod-universal,/subscriptions/6276588a-9234-41ee-a81c-7538ea3a817e/resourcegroups/cmk/providers/microsoft.insights/metricalerts/[critical mysql offline]-mysql10-prod-universal,microsoft.insights/metricalerts,Unknown,[],0.092190985,0.092190985,USD
cmk,/subscriptions/6276588a-9234-41ee-a81c-7538ea3a817e/resourcegroups/cmk,KioSoft Globalazure  Subscription,6276588a-9234-41ee-a81c-7538ea3a817e,[high storage io percent]-mysql10-prod-universal,/subscriptions/6276588a-9234-41ee-a81c-7538ea3a817e/resourcegroups/cmk/providers/microsoft.insights/metricalerts/[high storage io percent]-mysql10-prod-universal,microsoft.insights/metricalerts,Unknown,[],0.092190985,0.092190985,USD
cmk,/subscriptions/6276588a-9234-41ee-a81c-7538ea3a817e/resourcegroups/cmk,KioSoft Globalazure  Subscription,6276588a-9234-41ee-a81c-7538ea3a817e,ddos attack-universal,/subscriptions/6276588a-9234-41ee-a81c-7538ea3a817e/resourcegroups/cmk/providers/microsoft.insights/metricalerts/ddos attack-universal,microsoft.insights/metricalerts,Unknown,[],0.092190985,0.092190985,USD
cmk,/subscriptions/6276588a-9234-41ee-a81c-7538ea3a817e/resourcegroups/cmk,KioSoft Globalazure  Subscription,6276588a-9234-41ee-a81c-7538ea3a817e,high cpu usage-mysql10-prod-universal,/subscriptions/6276588a-9234-41ee-a81c-7538ea3a817e/resourcegroups/cmk/providers/microsoft.insights/metricalerts/high cpu usage-mysql10-prod-universal,microsoft.insights/metricalerts,Unknown,[],0.092190985,0.092190985,USD
cmk,/subscriptions/6276588a-9234-41ee-a81c-7538ea3a817e/resourcegroups/cmk,KioSoft Globalazure  Subscription,6276588a-9234-41ee-a81c-7538ea3a817e,high cpu usage-universal-db01,/subscriptions/6276588a-9234-41ee-a81c-7538ea3a817e/resourcegroups/cmk/providers/microsoft.insights/metricalerts/high cpu usage-universal-db01,microsoft.insights/metricalerts,Unknown,[],0.092190985,0.092190985,USD
cmk,/subscriptions/6276588a-9234-41ee-a81c-7538ea3a817e/resourcegroups/cmk,KioSoft Globalazure  Subscription,6276588a-9234-41ee-a81c-7538ea3a817e,high cpu usage-universal-web01,/subscriptions/6276588a-9234-41ee-a81c-7538ea3a817e/resourcegroups/cmk/providers/microsoft.insights/metricalerts/high cpu usage-universal-web01,microsoft.insights/metricalerts,Unknown,[],0.092190985,0.092190985,USD
cmk,/subscriptions/6276588a-9234-41ee-a81c-7538ea3a817e/resourcegroups/cmk,KioSoft Globalazure  Subscription,6276588a-9234-41ee-a81c-7538ea3a817e,high cpu usage-universal-web02,/subscriptions/6276588a-9234-41ee-a81c-7538ea3a817e/resourcegroups/cmk/providers/microsoft.insights/metricalerts/high cpu usage-universal-web02,microsoft.insights/metricalerts,Unknown,[],0.092190985,0.092190985,USD
cmk,/subscriptions/6276588a-9234-41ee-a81c-7538ea3a817e/resourcegroups/cmk,KioSoft Globalazure  Subscription,6276588a-9234-41ee-a81c-7538ea3a817e,high mem usage-coffee,/subscriptions/6276588a-9234-41ee-a81c-7538ea3a817e/resourcegroups/cmk/providers/microsoft.insights/metricalerts/high mem usage-coffee,microsoft.insights/metricalerts,Unknown,[],0.092190985,0.092190985,USD
cmk,/subscriptions/6276588a-9234-41ee-a81c-7538ea3a817e/resourcegroups/cmk,KioSoft Globalazure  Subscription,6276588a-9234-41ee-a81c-7538ea3a817e,high mem usage-mysql10-prod-universal,/subscriptions/6276588a-9234-41ee-a81c-7538ea3a817e/resourcegroups/cmk/providers/microsoft.insights/metricalerts/high mem usage-mysql10-prod-universal,microsoft.insights/metricalerts,Unknown,[],0.092190985,0.092190985,USD
cmk,/subscriptions/6276588a-9234-41ee-a81c-7538ea3a817e/resourcegroups/cmk,KioSoft Globalazure  Subscription,6276588a-9234-41ee-a81c-7538ea3a817e,high mem usage-universal-db01,/subscriptions/6276588a-9234-41ee-a81c-7538ea3a817e/resourcegroups/cmk/providers/microsoft.insights/metricalerts/high mem usage-universal-db01,microsoft.insights/metricalerts,Unknown,[],0.092190985,0.092190985,USD
cmk,/subscriptions/6276588a-9234-41ee-a81c-7538ea3a817e/resourcegroups/cmk,KioSoft Globalazure  Subscription,6276588a-9234-41ee-a81c-7538ea3a817e,high mem usage-universal-web01,/subscriptions/6276588a-9234-41ee-a81c-7538ea3a817e/resourcegroups/cmk/providers/microsoft.insights/metricalerts/high mem usage-universal-web01,microsoft.insights/metricalerts,Unknown,[],0.092190985,0.092190985,USD
cmk,/subscriptions/6276588a-9234-41ee-a81c-7538ea3a817e/resourcegroups/cmk,KioSoft Globalazure  Subscription,6276588a-9234-41ee-a81c-7538ea3a817e,high mem usage-universal-web02,/subscriptions/6276588a-9234-41ee-a81c-7538ea3a817e/resourcegroups/cmk/providers/microsoft.insights/metricalerts/high mem usage-universal-web02,microsoft.insights/metricalerts,Unknown,[],0.092190985,0.092190985,USD
cmk,/subscriptions/6276588a-9234-41ee-a81c-7538ea3a817e/resourcegroups/cmk,KioSoft Globalazure  Subscription,6276588a-9234-41ee-a81c-7538ea3a817e,high network in universal-db01,/subscriptions/6276588a-9234-41ee-a81c-7538ea3a817e/resourcegroups/cmk/providers/microsoft.insights/metricalerts/high network in universal-db01,microsoft.insights/metricalerts,Unknown,[],0.092190985,0.092190985,USD
cmk,/subscriptions/6276588a-9234-41ee-a81c-7538ea3a817e/resourcegroups/cmk,KioSoft Globalazure  Subscription,6276588a-9234-41ee-a81c-7538ea3a817e,high storage usage-mysql10-prod-universal,/subscriptions/6276588a-9234-41ee-a81c-7538ea3a817e/resourcegroups/cmk/providers/microsoft.insights/metricalerts/high storage usage-mysql10-prod-universal,microsoft.insights/metricalerts,Unknown,[],0.092190985,0.092190985,USD
cmk,/subscriptions/6276588a-9234-41ee-a81c-7538ea3a817e/resourcegroups/cmk,KioSoft Globalazure  Subscription,6276588a-9234-41ee-a81c-7538ea3a817e,low cpu usage-mysql10-prod-universal,/subscriptions/6276588a-9234-41ee-a81c-7538ea3a817e/resourcegroups/cmk/providers/microsoft.insights/metricalerts/low cpu usage-mysql10-prod-universal,microsoft.insights/metricalerts,Unknown,[],0.092190985,0.092190985,USD
cmk,/subscriptions/6276588a-9234-41ee-a81c-7538ea3a817e/resourcegroups/cmk,KioSoft Globalazure  Subscription,6276588a-9234-41ee-a81c-7538ea3a817e,medium cpu usage-mysql10-prod-universal,/subscriptions/6276588a-9234-41ee-a81c-7538ea3a817e/resourcegroups/cmk/providers/microsoft.insights/metricalerts/medium cpu usage-mysql10-prod-universal,microsoft.insights/metricalerts,Unknown,[],0.092190985,0.092190985,USD
cmk,/subscriptions/6276588a-9234-41ee-a81c-7538ea3a817e/resourcegroups/cmk,KioSoft Globalazure  Subscription,6276588a-9234-41ee-a81c-7538ea3a817e,high cpu usage-coffee,/subscriptions/6276588a-9234-41ee-a81c-7538ea3a817e/resourcegroups/cmk/providers/microsoft.insights/metricalerts/high cpu usage-coffee,microsoft.insights/metricalerts,Unknown,[],0.092062918,0.092062918,USD
cmk,/subscriptions/6276588a-9234-41ee-a81c-7538ea3a817e/resourcegroups/cmk,KioSoft Globalazure  Subscription,6276588a-9234-41ee-a81c-7538ea3a817e,high cpu usage-prod-universal,/subscriptions/6276588a-9234-41ee-a81c-7538ea3a817e/resourcegroups/cmk/providers/microsoft.insights/metricalerts/high cpu usage-prod-universal,microsoft.insights/metricalerts,Unknown,[],0.058654569,0.058654569,USD
cmk,/subscriptions/6276588a-9234-41ee-a81c-7538ea3a817e/resourcegroups/cmk,KioSoft Globalazure  Subscription,6276588a-9234-41ee-a81c-7538ea3a817e,high memory usage-prod-universal,/subscriptions/6276588a-9234-41ee-a81c-7538ea3a817e/resourcegroups/cmk/providers/microsoft.insights/metricalerts/high memory usage-prod-universal,microsoft.insights/metricalerts,Unknown,[],0.058654569,0.058654569,USD
cmk,/subscriptions/6276588a-9234-41ee-a81c-7538ea3a817e/resourcegroups/cmk,KioSoft Globalazure  Subscription,6276588a-9234-41ee-a81c-7538ea3a817e,high storage usage-mariadb04-prod-universal,/subscriptions/6276588a-9234-41ee-a81c-7538ea3a817e/resourcegroups/cmk/providers/microsoft.insights/metricalerts/high storage usage-mariadb04-prod-universal,microsoft.insights/metricalerts,Unknown,[],0.057117768,0.057117768,USD
retail,/subscriptions/6276588a-9234-41ee-a81c-7538ea3a817e/resourcegroups/retail,KioSoft Globalazure  Subscription,6276588a-9234-41ee-a81c-7538ea3a817e,mysql14-prod-market,/subscriptions/6276588a-9234-41ee-a81c-7538ea3a817e/resourcegroups/retail/providers/microsoft.dbformysql/flexibleservers/mysql14-prod-market,Azure Database for MySQL flexible server,US East,"[""\""environment\"":\""production\"""",""\""db-size\"":\""general purpose, d4ads_v5, 4 vcores, 16 gib ram, 122 gib storage, 6400 iops\"""",""\""db-usage\"":\""integration, amusement, coffee\""""]",278.8525585,278.8525585,USD
retail,/subscriptions/6276588a-9234-41ee-a81c-7538ea3a817e/resourcegroups/retail,KioSoft Globalazure  Subscription,6276588a-9234-41ee-a81c-7538ea3a817e,mysql15-prod-market-replica,/subscriptions/6276588a-9234-41ee-a81c-7538ea3a817e/resourcegroups/retail/providers/microsoft.dbformysql/flexibleservers/mysql15-prod-market-replica,Azure Database for MySQL flexible server,US East,"[""\""environment\"":\""production\"""",""\""db-size\"":\""general purpose, d2ads_v5, 2 vcores, 8 gib ram, 125 gib storage, 3200 iops\"""",""\""db-usage\"":\""integration, amusement, coffee\""""]",87.20266005,87.20266005,USD
retail,/subscriptions/6276588a-9234-41ee-a81c-7538ea3a817e/resourcegroups/retail,KioSoft Globalazure  Subscription,6276588a-9234-41ee-a81c-7538ea3a817e,sa29prodlatamcleanstore,/subscriptions/6276588a-9234-41ee-a81c-7538ea3a817e/resourcegroups/retail/providers/microsoft.storage/storageaccounts/sa29prodlatamcleanstore,Storage account,US South Central,[],23.47905341,23.47905341,USD
retail,/subscriptions/6276588a-9234-41ee-a81c-7538ea3a817e/resourcegroups/retail,KioSoft Globalazure  Subscription,6276588a-9234-41ee-a81c-7538ea3a817e,sa35prodintegration,/subscriptions/6276588a-9234-41ee-a81c-7538ea3a817e/resourcegroups/retail/providers/microsoft.storage/storageaccounts/sa35prodintegration,Storage account,US Central,[],22.11732488,22.11732488,USD
retail,/subscriptions/6276588a-9234-41ee-a81c-7538ea3a817e/resourcegroups/retail,KioSoft Globalazure  Subscription,6276588a-9234-41ee-a81c-7538ea3a817e,vm121prodamusementweb01-osdisk-20240103-070935,/subscriptions/6276588a-9234-41ee-a81c-7538ea3a817e/resourcegroups/retail/providers/microsoft.compute/disks/vm121prodamusementweb01-osdisk-20240103-070935,Disk,US East,"[""\""rsvaultbackup\"":\""36388286-b661-48d7-bfe0-29384624ae03\""""]",19.28583596,19.28583596,USD
retail,/subscriptions/6276588a-9234-41ee-a81c-7538ea3a817e/resourcegroups/retail,KioSoft Globalazure  Subscription,6276588a-9234-41ee-a81c-7538ea3a817e,vm121-prod-amusement-web01,/subscriptions/6276588a-9234-41ee-a81c-7538ea3a817e/resourcegroups/retail/providers/microsoft.compute/virtualmachines/vm121-prod-amusement-web01,Virtual machine,"US East, Intercontinental","[""\""environment\"":\""production\"""",""\""product\"":\""market - amusement\"""",""\""publisher\"":\""openlogic\""""]",16.54634485,16.54634485,USD
retail,/subscriptions/6276588a-9234-41ee-a81c-7538ea3a817e/resourcegroups/retail,KioSoft Globalazure  Subscription,6276588a-9234-41ee-a81c-7538ea3a817e,priend02-prod-market-replica,/subscriptions/6276588a-9234-41ee-a81c-7538ea3a817e/resourcegroups/retail/providers/microsoft.network/privateendpoints/priend02-prod-market-replica,Private endpoint,US East,[],7.2,7.2,USD
retail,/subscriptions/6276588a-9234-41ee-a81c-7538ea3a817e/resourcegroups/retail,KioSoft Globalazure  Subscription,6276588a-9234-41ee-a81c-7538ea3a817e,pip166-vm134-prod-amusement-web02,/subscriptions/6276588a-9234-41ee-a81c-7538ea3a817e/resourcegroups/retail/providers/microsoft.network/publicipaddresses/pip166-vm134-prod-amusement-web02,Public IP address,US East,[],3.600039685,3.600039685,USD
retail,/subscriptions/6276588a-9234-41ee-a81c-7538ea3a817e/resourcegroups/retail,KioSoft Globalazure  Subscription,6276588a-9234-41ee-a81c-7538ea3a817e,pip167-vm135-prod-amusement-web03,/subscriptions/6276588a-9234-41ee-a81c-7538ea3a817e/resourcegroups/retail/providers/microsoft.network/publicipaddresses/pip167-vm135-prod-amusement-web03,Public IP address,US East,[],3.600039685,3.600039685,USD
retail,/subscriptions/6276588a-9234-41ee-a81c-7538ea3a817e/resourcegroups/retail,KioSoft Globalazure  Subscription,6276588a-9234-41ee-a81c-7538ea3a817e,prod-amusementserver-ip,/subscriptions/6276588a-9234-41ee-a81c-7538ea3a817e/resourcegroups/retail/providers/microsoft.network/publicipaddresses/prod-amusementserver-ip,Public IP address,US East,[],3.600039685,3.600039685,USD
retail,/subscriptions/6276588a-9234-41ee-a81c-7538ea3a817e/resourcegroups/retail,KioSoft Globalazure  Subscription,6276588a-9234-41ee-a81c-7538ea3a817e,privatelink.file.core.windows.net,/subscriptions/6276588a-9234-41ee-a81c-7538ea3a817e/resourcegroups/retail/providers/microsoft.network/privatednszones/privatelink.file.core.windows.net,Private DNS zone,Unknown,[],0.483743502,0.483743502,USD
retail,/subscriptions/6276588a-9234-41ee-a81c-7538ea3a817e/resourcegroups/retail,KioSoft Globalazure  Subscription,6276588a-9234-41ee-a81c-7538ea3a817e,privatelink.mysql.database.azure.com,/subscriptions/6276588a-9234-41ee-a81c-7538ea3a817e/resourcegroups/retail/providers/microsoft.network/privatednszones/privatelink.mysql.database.azure.com,Private DNS zone,Unknown,[],0.483743502,0.483743502,USD
retail,/subscriptions/6276588a-9234-41ee-a81c-7538ea3a817e/resourcegroups/retail,KioSoft Globalazure  Subscription,6276588a-9234-41ee-a81c-7538ea3a817e,[critical mysql offline]-mysql14-prod-market,/subscriptions/6276588a-9234-41ee-a81c-7538ea3a817e/resourcegroups/retail/providers/microsoft.insights/metricalerts/[critical mysql offline]-mysql14-prod-market,microsoft.insights/metricalerts,Unknown,[],0.092190985,0.092190985,USD
retail,/subscriptions/6276588a-9234-41ee-a81c-7538ea3a817e/resourcegroups/retail,KioSoft Globalazure  Subscription,6276588a-9234-41ee-a81c-7538ea3a817e,[critical mysql offline]-mysql15-prod-market-replica,/subscriptions/6276588a-9234-41ee-a81c-7538ea3a817e/resourcegroups/retail/providers/microsoft.insights/metricalerts/[critical mysql offline]-mysql15-prod-market-replica,microsoft.insights/metricalerts,Unknown,[],0.092190985,0.092190985,USD
retail,/subscriptions/6276588a-9234-41ee-a81c-7538ea3a817e/resourcegroups/retail,KioSoft Globalazure  Subscription,6276588a-9234-41ee-a81c-7538ea3a817e,[high replication lag]-mysql15-prod-market-replica,/subscriptions/6276588a-9234-41ee-a81c-7538ea3a817e/resourcegroups/retail/providers/microsoft.insights/metricalerts/[high replication lag]-mysql15-prod-market-replica,microsoft.insights/metricalerts,Unknown,[],0.092190985,0.092190985,USD
retail,/subscriptions/6276588a-9234-41ee-a81c-7538ea3a817e/resourcegroups/retail,KioSoft Globalazure  Subscription,6276588a-9234-41ee-a81c-7538ea3a817e,[high storage io percent]-mysql14-prod-market,/subscriptions/6276588a-9234-41ee-a81c-7538ea3a817e/resourcegroups/retail/providers/microsoft.insights/metricalerts/[high storage io percent]-mysql14-prod-market,microsoft.insights/metricalerts,Unknown,[],0.092190985,0.092190985,USD
retail,/subscriptions/6276588a-9234-41ee-a81c-7538ea3a817e/resourcegroups/retail,KioSoft Globalazure  Subscription,6276588a-9234-41ee-a81c-7538ea3a817e,[high storage io percent]-mysql15-prod-market-replica,/subscriptions/6276588a-9234-41ee-a81c-7538ea3a817e/resourcegroups/retail/providers/microsoft.insights/metricalerts/[high storage io percent]-mysql15-prod-market-replica,microsoft.insights/metricalerts,Unknown,[],0.092190985,0.092190985,USD
retail,/subscriptions/6276588a-9234-41ee-a81c-7538ea3a817e/resourcegroups/retail,KioSoft Globalazure  Subscription,6276588a-9234-41ee-a81c-7538ea3a817e,ddos attack-amusement,/subscriptions/6276588a-9234-41ee-a81c-7538ea3a817e/resourcegroups/retail/providers/microsoft.insights/metricalerts/ddos attack-amusement,microsoft.insights/metricalerts,Unknown,[],0.092190985,0.092190985,USD
retail,/subscriptions/6276588a-9234-41ee-a81c-7538ea3a817e/resourcegroups/retail,KioSoft Globalazure  Subscription,6276588a-9234-41ee-a81c-7538ea3a817e,ddos attack-international,/subscriptions/6276588a-9234-41ee-a81c-7538ea3a817e/resourcegroups/retail/providers/microsoft.insights/metricalerts/ddos attack-international,microsoft.insights/metricalerts,Unknown,[],0.092190985,0.092190985,USD
retail,/subscriptions/6276588a-9234-41ee-a81c-7538ea3a817e/resourcegroups/retail,KioSoft Globalazure  Subscription,6276588a-9234-41ee-a81c-7538ea3a817e,high cpu usage-amusement-web01,/subscriptions/6276588a-9234-41ee-a81c-7538ea3a817e/resourcegroups/retail/providers/microsoft.insights/metricalerts/high cpu usage-amusement-web01,microsoft.insights/metricalerts,Unknown,[],0.092190985,0.092190985,USD
retail,/subscriptions/6276588a-9234-41ee-a81c-7538ea3a817e/resourcegroups/retail,KioSoft Globalazure  Subscription,6276588a-9234-41ee-a81c-7538ea3a817e,high cpu usage-mysql14-prod-market,/subscriptions/6276588a-9234-41ee-a81c-7538ea3a817e/resourcegroups/retail/providers/microsoft.insights/metricalerts/high cpu usage-mysql14-prod-market,microsoft.insights/metricalerts,Unknown,[],0.092190985,0.092190985,USD
retail,/subscriptions/6276588a-9234-41ee-a81c-7538ea3a817e/resourcegroups/retail,KioSoft Globalazure  Subscription,6276588a-9234-41ee-a81c-7538ea3a817e,high cpu usage-mysql15-prod-market-replica,/subscriptions/6276588a-9234-41ee-a81c-7538ea3a817e/resourcegroups/retail/providers/microsoft.insights/metricalerts/high cpu usage-mysql15-prod-market-replica,microsoft.insights/metricalerts,Unknown,[],0.092190985,0.092190985,USD
retail,/subscriptions/6276588a-9234-41ee-a81c-7538ea3a817e/resourcegroups/retail,KioSoft Globalazure  Subscription,6276588a-9234-41ee-a81c-7538ea3a817e,high mem usage-amusement-web01,/subscriptions/6276588a-9234-41ee-a81c-7538ea3a817e/resourcegroups/retail/providers/microsoft.insights/metricalerts/high mem usage-amusement-web01,microsoft.insights/metricalerts,Unknown,[],0.092190985,0.092190985,USD
retail,/subscriptions/6276588a-9234-41ee-a81c-7538ea3a817e/resourcegroups/retail,KioSoft Globalazure  Subscription,6276588a-9234-41ee-a81c-7538ea3a817e,high mem usage-mysql14-prod-market,/subscriptions/6276588a-9234-41ee-a81c-7538ea3a817e/resourcegroups/retail/providers/microsoft.insights/metricalerts/high mem usage-mysql14-prod-market,microsoft.insights/metricalerts,Unknown,[],0.092190985,0.092190985,USD
retail,/subscriptions/6276588a-9234-41ee-a81c-7538ea3a817e/resourcegroups/retail,KioSoft Globalazure  Subscription,6276588a-9234-41ee-a81c-7538ea3a817e,high mem usage-mysql15-prod-market-replica,/subscriptions/6276588a-9234-41ee-a81c-7538ea3a817e/resourcegroups/retail/providers/microsoft.insights/metricalerts/high mem usage-mysql15-prod-market-replica,microsoft.insights/metricalerts,Unknown,[],0.092190985,0.092190985,USD
retail,/subscriptions/6276588a-9234-41ee-a81c-7538ea3a817e/resourcegroups/retail,KioSoft Globalazure  Subscription,6276588a-9234-41ee-a81c-7538ea3a817e,high storage usage-mysql14-prod-market,/subscriptions/6276588a-9234-41ee-a81c-7538ea3a817e/resourcegroups/retail/providers/microsoft.insights/metricalerts/high storage usage-mysql14-prod-market,microsoft.insights/metricalerts,Unknown,[],0.092190985,0.092190985,USD
retail,/subscriptions/6276588a-9234-41ee-a81c-7538ea3a817e/resourcegroups/retail,KioSoft Globalazure  Subscription,6276588a-9234-41ee-a81c-7538ea3a817e,high storage usage-mysql15-prod-market-replica,/subscriptions/6276588a-9234-41ee-a81c-7538ea3a817e/resourcegroups/retail/providers/microsoft.insights/metricalerts/high storage usage-mysql15-prod-market-replica,microsoft.insights/metricalerts,Unknown,[],0.092190985,0.092190985,USD
retail,/subscriptions/6276588a-9234-41ee-a81c-7538ea3a817e/resourcegroups/retail,KioSoft Globalazure  Subscription,6276588a-9234-41ee-a81c-7538ea3a817e,low cpu usage-mysql14-prod-market,/subscriptions/6276588a-9234-41ee-a81c-7538ea3a817e/resourcegroups/retail/providers/microsoft.insights/metricalerts/low cpu usage-mysql14-prod-market,microsoft.insights/metricalerts,Unknown,[],0.092190985,0.092190985,USD
retail,/subscriptions/6276588a-9234-41ee-a81c-7538ea3a817e/resourcegroups/retail,KioSoft Globalazure  Subscription,6276588a-9234-41ee-a81c-7538ea3a817e,medium cpu usage-mysql14-prod-market,/subscriptions/6276588a-9234-41ee-a81c-7538ea3a817e/resourcegroups/retail/providers/microsoft.insights/metricalerts/medium cpu usage-mysql14-prod-market,microsoft.insights/metricalerts,Unknown,[],0.092190985,0.092190985,USD
retail,/subscriptions/6276588a-9234-41ee-a81c-7538ea3a817e/resourcegroups/retail,KioSoft Globalazure  Subscription,6276588a-9234-41ee-a81c-7538ea3a817e,high mem usage-mysql08-prod-market,/subscriptions/6276588a-9234-41ee-a81c-7538ea3a817e/resourcegroups/retail/providers/microsoft.insights/metricalerts/high mem usage-mysql08-prod-market,microsoft.insights/metricalerts,Unknown,[],0.06019137,0.06019137,USD
retail,/subscriptions/6276588a-9234-41ee-a81c-7538ea3a817e/resourcegroups/retail,KioSoft Globalazure  Subscription,6276588a-9234-41ee-a81c-7538ea3a817e,high mem usage-prod-cleanstore,/subscriptions/6276588a-9234-41ee-a81c-7538ea3a817e/resourcegroups/retail/providers/microsoft.insights/metricalerts/high mem usage-prod-cleanstore,microsoft.insights/metricalerts,Unknown,[],0.06019137,0.06019137,USD
retail,/subscriptions/6276588a-9234-41ee-a81c-7538ea3a817e/resourcegroups/retail,KioSoft Globalazure  Subscription,6276588a-9234-41ee-a81c-7538ea3a817e,high mem usage-prod-international,/subscriptions/6276588a-9234-41ee-a81c-7538ea3a817e/resourcegroups/retail/providers/microsoft.insights/metricalerts/high mem usage-prod-international,microsoft.insights/metricalerts,Unknown,[],0.05980717,0.05980717,USD
retail,/subscriptions/6276588a-9234-41ee-a81c-7538ea3a817e/resourcegroups/retail,KioSoft Globalazure  Subscription,6276588a-9234-41ee-a81c-7538ea3a817e,high mem usage-prod-market,/subscriptions/6276588a-9234-41ee-a81c-7538ea3a817e/resourcegroups/retail/providers/microsoft.insights/metricalerts/high mem usage-prod-market,microsoft.insights/metricalerts,Unknown,[],0.059422969,0.059422969,USD
retail,/subscriptions/6276588a-9234-41ee-a81c-7538ea3a817e/resourcegroups/retail,KioSoft Globalazure  Subscription,6276588a-9234-41ee-a81c-7538ea3a817e,high storage usage-prod-cleanstore,/subscriptions/6276588a-9234-41ee-a81c-7538ea3a817e/resourcegroups/retail/providers/microsoft.insights/metricalerts/high storage usage-prod-cleanstore,microsoft.insights/metricalerts,Unknown,[],0.059422969,0.059422969,USD
retail,/subscriptions/6276588a-9234-41ee-a81c-7538ea3a817e/resourcegroups/retail,KioSoft Globalazure  Subscription,6276588a-9234-41ee-a81c-7538ea3a817e,activeconnectionalert-pros-cleanstore,/subscriptions/6276588a-9234-41ee-a81c-7538ea3a817e/resourcegroups/retail/providers/microsoft.insights/metricalerts/activeconnectionalert-pros-cleanstore,microsoft.insights/metricalerts,Unknown,[],0.058654569,0.058654569,USD
retail,/subscriptions/6276588a-9234-41ee-a81c-7538ea3a817e/resourcegroups/retail,KioSoft Globalazure  Subscription,6276588a-9234-41ee-a81c-7538ea3a817e,high cpu usage-mysql16-prod-market-replica,/subscriptions/6276588a-9234-41ee-a81c-7538ea3a817e/resourcegroups/retail/providers/microsoft.insights/metricalerts/high cpu usage-mysql16-prod-market-replica,microsoft.insights/metricalerts,Unknown,[],0.058654569,0.058654569,USD
retail,/subscriptions/6276588a-9234-41ee-a81c-7538ea3a817e/resourcegroups/retail,KioSoft Globalazure  Subscription,6276588a-9234-41ee-a81c-7538ea3a817e,high cpu usage-prod-international,/subscriptions/6276588a-9234-41ee-a81c-7538ea3a817e/resourcegroups/retail/providers/microsoft.insights/metricalerts/high cpu usage-prod-international,microsoft.insights/metricalerts,Unknown,[],0.058270369,0.058270369,USD
retail,/subscriptions/6276588a-9234-41ee-a81c-7538ea3a817e/resourcegroups/retail,KioSoft Globalazure  Subscription,6276588a-9234-41ee-a81c-7538ea3a817e,high  cpu usage-prod-market,/subscriptions/6276588a-9234-41ee-a81c-7538ea3a817e/resourcegroups/retail/providers/microsoft.insights/metricalerts/high  cpu usage-prod-market,microsoft.insights/metricalerts,Unknown,[],0.057501968,0.057501968,USD
retail,/subscriptions/6276588a-9234-41ee-a81c-7538ea3a817e/resourcegroups/retail,KioSoft Globalazure  Subscription,6276588a-9234-41ee-a81c-7538ea3a817e,high cpu usage-prod-cleanstore,/subscriptions/6276588a-9234-41ee-a81c-7538ea3a817e/resourcegroups/retail/providers/microsoft.insights/metricalerts/high cpu usage-prod-cleanstore,microsoft.insights/metricalerts,Unknown,[],0.057501968,0.057501968,USD
retail,/subscriptions/6276588a-9234-41ee-a81c-7538ea3a817e/resourcegroups/retail,KioSoft Globalazure  Subscription,6276588a-9234-41ee-a81c-7538ea3a817e,high cpu usage-prod-market,/subscriptions/6276588a-9234-41ee-a81c-7538ea3a817e/resourcegroups/retail/providers/microsoft.insights/metricalerts/high cpu usage-prod-market,microsoft.insights/metricalerts,Unknown,[],0.057501968,0.057501968,USD
retail,/subscriptions/6276588a-9234-41ee-a81c-7538ea3a817e/resourcegroups/retail,KioSoft Globalazure  Subscription,6276588a-9234-41ee-a81c-7538ea3a817e,redis03-prod-universal,/subscriptions/6276588a-9234-41ee-a81c-7538ea3a817e/resourcegroups/retail/providers/microsoft.cache/redis/redis03-prod-universal,Redis cache,US East,"[""\""environment\"":\""production\"""",""\""db-size\"":\""1gb\"""",""\""db-usage\"":\""integration, amusement, coffee,cleanstore,universal\""""]",0,0,USD
rg20002-prod-om,/subscriptions/6276588a-9234-41ee-a81c-7538ea3a817e/resourcegroups/rg20002-prod-om,KioSoft Globalazure  Subscription,6276588a-9234-41ee-a81c-7538ea3a817e,disk20021-prod-elk01-data01,/subscriptions/6276588a-9234-41ee-a81c-7538ea3a817e/resourcegroups/rg20002-prod-om/providers/microsoft.compute/disks/disk20021-prod-elk01-data01,Disk,US East,[],186.9881726,186.9881726,USD
rg20002-prod-om,/subscriptions/6276588a-9234-41ee-a81c-7538ea3a817e/resourcegroups/rg20002-prod-om,KioSoft Globalazure  Subscription,6276588a-9234-41ee-a81c-7538ea3a817e,vm20006-prod-backupserver,/subscriptions/6276588a-9234-41ee-a81c-7538ea3a817e/resourcegroups/rg20002-prod-om/providers/microsoft.compute/virtualmachines/vm20006-prod-backupserver,Virtual machine,"US East, Intercontinental","[""\""environment\"":\""production\"""",""\""product\"":\""backupserver\""""]",49.37195601,49.37195601,USD
rg20002-prod-om,/subscriptions/6276588a-9234-41ee-a81c-7538ea3a817e/resourcegroups/rg20002-prod-om,KioSoft Globalazure  Subscription,6276588a-9234-41ee-a81c-7538ea3a817e,disk20015-prod-prometheus-os,/subscriptions/6276588a-9234-41ee-a81c-7538ea3a817e/resourcegroups/rg20002-prod-om/providers/microsoft.compute/disks/disk20015-prod-prometheus-os,Disk,US East,"[""\""environment\"":\""production\"""",""\""product\"":\""prometheus\""""]",37.19452637,37.19452637,USD
rg20002-prod-om,/subscriptions/6276588a-9234-41ee-a81c-7538ea3a817e/resourcegroups/rg20002-prod-om,KioSoft Globalazure  Subscription,6276588a-9234-41ee-a81c-7538ea3a817e,disk20009-prod-jumpserver-os,/subscriptions/6276588a-9234-41ee-a81c-7538ea3a817e/resourcegroups/rg20002-prod-om/providers/microsoft.compute/disks/disk20009-prod-jumpserver-os,Disk,US East 2,"[""\""environment\"":\""production\"""",""\""product\"":\""jumpserver\""""]",33.81618721,33.81618721,USD
rg20002-prod-om,/subscriptions/6276588a-9234-41ee-a81c-7538ea3a817e/resourcegroups/rg20002-prod-om,KioSoft Globalazure  Subscription,6276588a-9234-41ee-a81c-7538ea3a817e,disk20011-prod-elk-os,/subscriptions/6276588a-9234-41ee-a81c-7538ea3a817e/resourcegroups/rg20002-prod-om/providers/microsoft.compute/disks/disk20011-prod-elk-os,Disk,US East,"[""\""environment\"":\""production\"""",""\""product\"":\""elk\""""]",26.63038961,26.63038961,USD
rg20002-prod-om,/subscriptions/6276588a-9234-41ee-a81c-7538ea3a817e/resourcegroups/rg20002-prod-om,KioSoft Globalazure  Subscription,6276588a-9234-41ee-a81c-7538ea3a817e,vm20011-prod-prometheus,/subscriptions/6276588a-9234-41ee-a81c-7538ea3a817e/resourcegroups/rg20002-prod-om/providers/microsoft.compute/virtualmachines/vm20011-prod-prometheus,Virtual machine,"US East, Intercontinental","[""\""environment\"":\""production\"""",""\""product\"":\""prometheus\""""]",21.01288034,21.01288034,USD
rg20002-prod-om,/subscriptions/6276588a-9234-41ee-a81c-7538ea3a817e/resourcegroups/rg20002-prod-om,KioSoft Globalazure  Subscription,6276588a-9234-41ee-a81c-7538ea3a817e,kiosoft,/subscriptions/6276588a-9234-41ee-a81c-7538ea3a817e/resourcegroups/rg20002-prod-om/providers/microsoft.containerregistry/registries/kiosoft,Container registry,US East,"[""\""environment\"":\""production\""""]",19.99888407,19.99888407,USD
rg20002-prod-om,/subscriptions/6276588a-9234-41ee-a81c-7538ea3a817e/resourcegroups/rg20002-prod-om,KioSoft Globalazure  Subscription,6276588a-9234-41ee-a81c-7538ea3a817e,disk20020-prod-elk-os,/subscriptions/6276588a-9234-41ee-a81c-7538ea3a817e/resourcegroups/rg20002-prod-om/providers/microsoft.compute/disks/disk20020-prod-elk-os,Disk,US East,"[""\""environment\"":\""production\"""",""\""product\"":\""elk\""""]",19.28583596,19.28583596,USD
rg20002-prod-om,/subscriptions/6276588a-9234-41ee-a81c-7538ea3a817e/resourcegroups/rg20002-prod-om,KioSoft Globalazure  Subscription,6276588a-9234-41ee-a81c-7538ea3a817e,vm20005-prod-jumpserver,/subscriptions/6276588a-9234-41ee-a81c-7538ea3a817e/resourcegroups/rg20002-prod-om/providers/microsoft.compute/virtualmachines/vm20005-prod-jumpserver,Virtual machine,"US East 2, Intercontinental","[""\""environment\"":\""production\"""",""\""product\"":\""jumpserver\""""]",17.41038573,17.41038573,USD
rg20002-prod-om,/subscriptions/6276588a-9234-41ee-a81c-7538ea3a817e/resourcegroups/rg20002-prod-om,KioSoft Globalazure  Subscription,6276588a-9234-41ee-a81c-7538ea3a817e,vm20017-prod-elk01,/subscriptions/6276588a-9234-41ee-a81c-7538ea3a817e/resourcegroups/rg20002-prod-om/providers/microsoft.compute/virtualmachines/vm20017-prod-elk01,Virtual machine,US East,"[""\""environment\"":\""production\"""",""\""product\"":\""elk\""""]",14.5553316,14.5553316,USD
rg20002-prod-om,/subscriptions/6276588a-9234-41ee-a81c-7538ea3a817e/resourcegroups/rg20002-prod-om,KioSoft Globalazure  Subscription,6276588a-9234-41ee-a81c-7538ea3a817e,disk20010-prod-backupserver-os,/subscriptions/6276588a-9234-41ee-a81c-7538ea3a817e/resourcegroups/rg20002-prod-om/providers/microsoft.compute/disks/disk20010-prod-backupserver-os,Disk,US East,"[""\""environment\"":\""production\"""",""\""product\"":\""backupserver\""""]",5.166104099,5.166104099,USD
rg20002-prod-om,/subscriptions/6276588a-9234-41ee-a81c-7538ea3a817e/resourcegroups/rg20002-prod-om,KioSoft Globalazure  Subscription,6276588a-9234-41ee-a81c-7538ea3a817e,accessauditsystem-ip,/subscriptions/6276588a-9234-41ee-a81c-7538ea3a817e/resourcegroups/rg20002-prod-om/providers/microsoft.network/publicipaddresses/accessauditsystem-ip,Public IP address,US East 2,[],3.600039685,3.600039685,USD
rg20002-prod-om,/subscriptions/6276588a-9234-41ee-a81c-7538ea3a817e/resourcegroups/rg20002-prod-om,KioSoft Globalazure  Subscription,6276588a-9234-41ee-a81c-7538ea3a817e,pip20006-prod-backupserver,/subscriptions/6276588a-9234-41ee-a81c-7538ea3a817e/resourcegroups/rg20002-prod-om/providers/microsoft.network/publicipaddresses/pip20006-prod-backupserver,Public IP address,US East,[],3.600039685,3.600039685,USD
rg20002-prod-om,/subscriptions/6276588a-9234-41ee-a81c-7538ea3a817e/resourcegroups/rg20002-prod-om,KioSoft Globalazure  Subscription,6276588a-9234-41ee-a81c-7538ea3a817e,pip20012-prod-elk01,/subscriptions/6276588a-9234-41ee-a81c-7538ea3a817e/resourcegroups/rg20002-prod-om/providers/microsoft.network/publicipaddresses/pip20012-prod-elk01,Public IP address,US East,[],3.600039685,3.600039685,USD
rg20002-prod-om,/subscriptions/6276588a-9234-41ee-a81c-7538ea3a817e/resourcegroups/rg20002-prod-om,KioSoft Globalazure  Subscription,6276588a-9234-41ee-a81c-7538ea3a817e,ttimetrics-ip,/subscriptions/6276588a-9234-41ee-a81c-7538ea3a817e/resourcegroups/rg20002-prod-om/providers/microsoft.network/publicipaddresses/ttimetrics-ip,Public IP address,US East,[],3.600039685,3.600039685,USD
rg20002-prod-om,/subscriptions/6276588a-9234-41ee-a81c-7538ea3a817e/resourcegroups/rg20002-prod-om,KioSoft Globalazure  Subscription,6276588a-9234-41ee-a81c-7538ea3a817e,sa40sharepointbackup,/subscriptions/6276588a-9234-41ee-a81c-7538ea3a817e/resourcegroups/rg20002-prod-om/providers/microsoft.storage/storageaccounts/sa40sharepointbackup,Storage account,US East,[],2.406691341,2.406691341,USD
rg20002-prod-om,/subscriptions/6276588a-9234-41ee-a81c-7538ea3a817e/resourcegroups/rg20002-prod-om,KioSoft Globalazure  Subscription,6276588a-9234-41ee-a81c-7538ea3a817e,pip20007-prod-elk,/subscriptions/6276588a-9234-41ee-a81c-7538ea3a817e/resourcegroups/rg20002-prod-om/providers/microsoft.network/publicipaddresses/pip20007-prod-elk,Public IP address,US East,[],0.380004212,0.380004212,USD
rg20002-prod-om,/subscriptions/6276588a-9234-41ee-a81c-7538ea3a817e/resourcegroups/rg20002-prod-om,KioSoft Globalazure  Subscription,6276588a-9234-41ee-a81c-7538ea3a817e,vm-germany_osdisk_1_7178b248c1704aac982858764130d989-snapshot,/subscriptions/6276588a-9234-41ee-a81c-7538ea3a817e/resourcegroups/rg20002-prod-om/providers/microsoft.compute/snapshots/vm-germany_osdisk_1_7178b248c1704aac982858764130d989-snapshot,Snapshot,DE West Central,[],0.26034071,0.26034071,USD
rg20002-prod-om,/subscriptions/6276588a-9234-41ee-a81c-7538ea3a817e/resourcegroups/rg20002-prod-om,KioSoft Globalazure  Subscription,6276588a-9234-41ee-a81c-7538ea3a817e,vm-uk_osdisk_1_98f4e2aaa2be478aadf195ece551bb17-snapshot,/subscriptions/6276588a-9234-41ee-a81c-7538ea3a817e/resourcegroups/rg20002-prod-om/providers/microsoft.compute/snapshots/vm-uk_osdisk_1_98f4e2aaa2be478aadf195ece551bb17-snapshot,Snapshot,UK South,[],0.240272266,0.240272266,USD
rg20002-prod-om,/subscriptions/6276588a-9234-41ee-a81c-7538ea3a817e/resourcegroups/rg20002-prod-om,KioSoft Globalazure  Subscription,6276588a-9234-41ee-a81c-7538ea3a817e,vm20017-prod-elk01_cpu-memory-alert,/subscriptions/6276588a-9234-41ee-a81c-7538ea3a817e/resourcegroups/rg20002-prod-om/providers/microsoft.insights/metricalerts/vm20017-prod-elk01_cpu-memory-alert,microsoft.insights/metricalerts,Unknown,[],0.184253902,0.184253902,USD
rg50-prod-modem,/subscriptions/6276588a-9234-41ee-a81c-7538ea3a817e/resourcegroups/rg50-prod-modem,KioSoft Globalazure  Subscription,6276588a-9234-41ee-a81c-7538ea3a817e,mysql24-prod-modem,/subscriptions/6276588a-9234-41ee-a81c-7538ea3a817e/resourcegroups/rg50-prod-modem/providers/microsoft.dbformysql/flexibleservers/mysql24-prod-modem,Azure Database for MySQL flexible server,US East,"[""\""environment\"":\""production\"""",""\""db-size\"":\""general purpose, d2ads_v5, 2 vcores, 8 gib ram, 100 gib storage, 3200 iops\"""",""\""db-usage\"":\""modem\""""]",170.5808634,170.5808634,USD
rg50-prod-modem,/subscriptions/6276588a-9234-41ee-a81c-7538ea3a817e/resourcegroups/rg50-prod-modem,KioSoft Globalazure  Subscription,6276588a-9234-41ee-a81c-7538ea3a817e,vm73-prod-modem,/subscriptions/6276588a-9234-41ee-a81c-7538ea3a817e/resourcegroups/rg50-prod-modem/providers/microsoft.compute/virtualmachines/vm73-prod-modem,Virtual machine,"US East, Intercontinental","[""\""environment\"":\""production\"""",""\""publisher\"":\""microsoftwindowsserver\"""",""\""product\"":\""internal - modem\""""]",81.08956633,81.08956633,USD
rg50-prod-modem,/subscriptions/6276588a-9234-41ee-a81c-7538ea3a817e/resourcegroups/rg50-prod-modem,KioSoft Globalazure  Subscription,6276588a-9234-41ee-a81c-7538ea3a817e,vm73-prod-modem_osdisk_1_237266ce8eac4256b70c15497445e36c,/subscriptions/6276588a-9234-41ee-a81c-7538ea3a817e/resourcegroups/rg50-prod-modem/providers/microsoft.compute/disks/vm73-prod-modem_osdisk_1_237266ce8eac4256b70c15497445e36c,Disk,US East,[],71.64398129,71.64398129,USD
rg50-prod-modem,/subscriptions/6276588a-9234-41ee-a81c-7538ea3a817e/resourcegroups/rg50-prod-modem,KioSoft Globalazure  Subscription,6276588a-9234-41ee-a81c-7538ea3a817e,mysql03-prod-modem,/subscriptions/6276588a-9234-41ee-a81c-7538ea3a817e/resourcegroups/rg50-prod-modem/providers/microsoft.dbformysql/flexibleservers/mysql03-prod-modem,Azure Database for MySQL flexible server,US East,"[""\""environment\"":\""production\"""",""\""db-usage\"":\""modem\"""",""\""db-size\"":\""general purpose, d2ads_v5, 2 vcores, 8 gib ram, 524 gib storage, 3200 iops\""""]",60.65739714,60.65739714,USD
rg50-prod-modem,/subscriptions/6276588a-9234-41ee-a81c-7538ea3a817e/resourcegroups/rg50-prod-modem,KioSoft Globalazure  Subscription,6276588a-9234-41ee-a81c-7538ea3a817e,mysql03-prod-modem-dbrestore04,/subscriptions/6276588a-9234-41ee-a81c-7538ea3a817e/resourcegroups/rg50-prod-modem/providers/microsoft.dbformysql/flexibleservers/mysql03-prod-modem-dbrestore04,Azure Database for MySQL flexible server,US East,"[""\""environment\"":\""production\"""",""\""db-size\"":\""general purpose, d2ads_v5, 2 vcores, 8 gib ram, 524 gib storage, 3200 iops\"""",""\""db-usage\"":\""modem\""""]",59.03551824,59.03551824,USD
rg50-prod-modem,/subscriptions/6276588a-9234-41ee-a81c-7538ea3a817e/resourcegroups/rg50-prod-modem,KioSoft Globalazure  Subscription,6276588a-9234-41ee-a81c-7538ea3a817e,pip108-prod-modem,/subscriptions/6276588a-9234-41ee-a81c-7538ea3a817e/resourcegroups/rg50-prod-modem/providers/microsoft.network/publicipaddresses/pip108-prod-modem,Public IP address,US East,[],3.600039685,3.600039685,USD
rg50-prod-modem,/subscriptions/6276588a-9234-41ee-a81c-7538ea3a817e/resourcegroups/rg50-prod-modem,KioSoft Globalazure  Subscription,6276588a-9234-41ee-a81c-7538ea3a817e,[critical mysql offline]-mysql03-prod-modem-dbrestore04,/subscriptions/6276588a-9234-41ee-a81c-7538ea3a817e/resourcegroups/rg50-prod-modem/providers/microsoft.insights/metricalerts/[critical mysql offline]-mysql03-prod-modem-dbrestore04,microsoft.insights/metricalerts,Unknown,[],0.092190985,0.092190985,USD
rg50-prod-modem,/subscriptions/6276588a-9234-41ee-a81c-7538ea3a817e/resourcegroups/rg50-prod-modem,KioSoft Globalazure  Subscription,6276588a-9234-41ee-a81c-7538ea3a817e,[critical mysql offline]-mysql24-prod-modem,/subscriptions/6276588a-9234-41ee-a81c-7538ea3a817e/resourcegroups/rg50-prod-modem/providers/microsoft.insights/metricalerts/[critical mysql offline]-mysql24-prod-modem,microsoft.insights/metricalerts,Unknown,[],0.092190985,0.092190985,USD
rg50-prod-modem,/subscriptions/6276588a-9234-41ee-a81c-7538ea3a817e/resourcegroups/rg50-prod-modem,KioSoft Globalazure  Subscription,6276588a-9234-41ee-a81c-7538ea3a817e,[high storage io percent]-mysql03-prod-modem-dbrestore04,/subscriptions/6276588a-9234-41ee-a81c-7538ea3a817e/resourcegroups/rg50-prod-modem/providers/microsoft.insights/metricalerts/[high storage io percent]-mysql03-prod-modem-dbrestore04,microsoft.insights/metricalerts,Unknown,[],0.092190985,0.092190985,USD
rg50-prod-modem,/subscriptions/6276588a-9234-41ee-a81c-7538ea3a817e/resourcegroups/rg50-prod-modem,KioSoft Globalazure  Subscription,6276588a-9234-41ee-a81c-7538ea3a817e,[high storage io percent]-mysql24-prod-modem,/subscriptions/6276588a-9234-41ee-a81c-7538ea3a817e/resourcegroups/rg50-prod-modem/providers/microsoft.insights/metricalerts/[high storage io percent]-mysql24-prod-modem,microsoft.insights/metricalerts,Unknown,[],0.092190985,0.092190985,USD
rg50-prod-modem,/subscriptions/6276588a-9234-41ee-a81c-7538ea3a817e/resourcegroups/rg50-prod-modem,KioSoft Globalazure  Subscription,6276588a-9234-41ee-a81c-7538ea3a817e,high cpu usage-mysql03-prod-modem,/subscriptions/6276588a-9234-41ee-a81c-7538ea3a817e/resourcegroups/rg50-prod-modem/providers/microsoft.insights/metricalerts/high cpu usage-mysql03-prod-modem,microsoft.insights/metricalerts,Unknown,[],0.092190985,0.092190985,USD
rg50-prod-modem,/subscriptions/6276588a-9234-41ee-a81c-7538ea3a817e/resourcegroups/rg50-prod-modem,KioSoft Globalazure  Subscription,6276588a-9234-41ee-a81c-7538ea3a817e,high cpu usage-mysql03-prod-modem-dbrestore04,/subscriptions/6276588a-9234-41ee-a81c-7538ea3a817e/resourcegroups/rg50-prod-modem/providers/microsoft.insights/metricalerts/high cpu usage-mysql03-prod-modem-dbrestore04,microsoft.insights/metricalerts,Unknown,[],0.092190985,0.092190985,USD
rg50-prod-modem,/subscriptions/6276588a-9234-41ee-a81c-7538ea3a817e/resourcegroups/rg50-prod-modem,KioSoft Globalazure  Subscription,6276588a-9234-41ee-a81c-7538ea3a817e,high cpu usage-mysql24-prod-modem,/subscriptions/6276588a-9234-41ee-a81c-7538ea3a817e/resourcegroups/rg50-prod-modem/providers/microsoft.insights/metricalerts/high cpu usage-mysql24-prod-modem,microsoft.insights/metricalerts,Unknown,[],0.092190985,0.092190985,USD
rg50-prod-modem,/subscriptions/6276588a-9234-41ee-a81c-7538ea3a817e/resourcegroups/rg50-prod-modem,KioSoft Globalazure  Subscription,6276588a-9234-41ee-a81c-7538ea3a817e,high mem usage-mysql03-prod-modem-dbrestore04,/subscriptions/6276588a-9234-41ee-a81c-7538ea3a817e/resourcegroups/rg50-prod-modem/providers/microsoft.insights/metricalerts/high mem usage-mysql03-prod-modem-dbrestore04,microsoft.insights/metricalerts,Unknown,[],0.092190985,0.092190985,USD
rg50-prod-modem,/subscriptions/6276588a-9234-41ee-a81c-7538ea3a817e/resourcegroups/rg50-prod-modem,KioSoft Globalazure  Subscription,6276588a-9234-41ee-a81c-7538ea3a817e,high mem usage-mysql24-prod-modem,/subscriptions/6276588a-9234-41ee-a81c-7538ea3a817e/resourcegroups/rg50-prod-modem/providers/microsoft.insights/metricalerts/high mem usage-mysql24-prod-modem,microsoft.insights/metricalerts,Unknown,[],0.092190985,0.092190985,USD
rg50-prod-modem,/subscriptions/6276588a-9234-41ee-a81c-7538ea3a817e/resourcegroups/rg50-prod-modem,KioSoft Globalazure  Subscription,6276588a-9234-41ee-a81c-7538ea3a817e,high memory usage-mysql03-prod-modem,/subscriptions/6276588a-9234-41ee-a81c-7538ea3a817e/resourcegroups/rg50-prod-modem/providers/microsoft.insights/metricalerts/high memory usage-mysql03-prod-modem,microsoft.insights/metricalerts,Unknown,[],0.092190985,0.092190985,USD
rg50-prod-modem,/subscriptions/6276588a-9234-41ee-a81c-7538ea3a817e/resourcegroups/rg50-prod-modem,KioSoft Globalazure  Subscription,6276588a-9234-41ee-a81c-7538ea3a817e,high storage usage-mysql03-prod-modem,/subscriptions/6276588a-9234-41ee-a81c-7538ea3a817e/resourcegroups/rg50-prod-modem/providers/microsoft.insights/metricalerts/high storage usage-mysql03-prod-modem,microsoft.insights/metricalerts,Unknown,[],0.092190985,0.092190985,USD
rg50-prod-modem,/subscriptions/6276588a-9234-41ee-a81c-7538ea3a817e/resourcegroups/rg50-prod-modem,KioSoft Globalazure  Subscription,6276588a-9234-41ee-a81c-7538ea3a817e,high storage usage-mysql03-prod-modem-dbrestore04,/subscriptions/6276588a-9234-41ee-a81c-7538ea3a817e/resourcegroups/rg50-prod-modem/providers/microsoft.insights/metricalerts/high storage usage-mysql03-prod-modem-dbrestore04,microsoft.insights/metricalerts,Unknown,[],0.092190985,0.092190985,USD
rg50-prod-modem,/subscriptions/6276588a-9234-41ee-a81c-7538ea3a817e/resourcegroups/rg50-prod-modem,KioSoft Globalazure  Subscription,6276588a-9234-41ee-a81c-7538ea3a817e,high storage usage-mysql24-prod-modem,/subscriptions/6276588a-9234-41ee-a81c-7538ea3a817e/resourcegroups/rg50-prod-modem/providers/microsoft.insights/metricalerts/high storage usage-mysql24-prod-modem,microsoft.insights/metricalerts,Unknown,[],0.092190985,0.092190985,USD
dbmonitor,/subscriptions/6276588a-9234-41ee-a81c-7538ea3a817e/resourcegroups/dbmonitor,KioSoft Globalazure  Subscription,6276588a-9234-41ee-a81c-7538ea3a817e,kiosoft-es_osdisk_1_ab5bfb0ab1fb445abcd8754025a9e037,/subscriptions/6276588a-9234-41ee-a81c-7538ea3a817e/resourcegroups/dbmonitor/providers/microsoft.compute/disks/kiosoft-es_osdisk_1_ab5bfb0ab1fb445abcd8754025a9e037,Disk,US East,[],72.62136864,72.62136864,USD
dbmonitor,/subscriptions/6276588a-9234-41ee-a81c-7538ea3a817e/resourcegroups/dbmonitor,KioSoft Globalazure  Subscription,6276588a-9234-41ee-a81c-7538ea3a817e,universal-loadbalance-stage,/subscriptions/6276588a-9234-41ee-a81c-7538ea3a817e/resourcegroups/dbmonitor/providers/microsoft.network/loadbalancers/universal-loadbalance-stage,Load balancer,US East,[],46.80331543,46.80331543,USD
dbmonitor,/subscriptions/6276588a-9234-41ee-a81c-7538ea3a817e/resourcegroups/dbmonitor,KioSoft Globalazure  Subscription,6276588a-9234-41ee-a81c-7538ea3a817e,dbmonitor-osdisk-20241018-133820,/subscriptions/6276588a-9234-41ee-a81c-7538ea3a817e/resourcegroups/dbmonitor/providers/microsoft.compute/disks/dbmonitor-osdisk-20241018-133820,Disk,US East,"[""\""rsvaultbackup\"":\""0d1f30aa-99ae-4d52-9f10-0dbdfea0c7e7\""""]",39.53228278,39.53228278,USD
dbmonitor,/subscriptions/6276588a-9234-41ee-a81c-7538ea3a817e/resourcegroups/dbmonitor,KioSoft Globalazure  Subscription,6276588a-9234-41ee-a81c-7538ea3a817e,new-uniersalstress-db01_osdisk_1_178423fc8d5d4d9fa93bb09aae7cc966-20220905,/subscriptions/6276588a-9234-41ee-a81c-7538ea3a817e/resourcegroups/dbmonitor/providers/microsoft.compute/disks/new-uniersalstress-db01_osdisk_1_178423fc8d5d4d9fa93bb09aae7cc966-20220905,Disk,US East,[],20.05494158,20.05494158,USD
dbmonitor,/subscriptions/6276588a-9234-41ee-a81c-7538ea3a817e/resourcegroups/dbmonitor,KioSoft Globalazure  Subscription,6276588a-9234-41ee-a81c-7538ea3a817e,kiosoft-publicddd_osdisk_1_692455c3841c4b2db68f8741ad3d72db,/subscriptions/6276588a-9234-41ee-a81c-7538ea3a817e/resourcegroups/dbmonitor/providers/microsoft.compute/disks/kiosoft-publicddd_osdisk_1_692455c3841c4b2db68f8741ad3d72db,Disk,US East,[],19.69526109,19.69526109,USD
dbmonitor,/subscriptions/6276588a-9234-41ee-a81c-7538ea3a817e/resourcegroups/dbmonitor,KioSoft Globalazure  Subscription,6276588a-9234-41ee-a81c-7538ea3a817e,universaldev_osdisk_1_f84f34c352104cdfaf579e18cee76d65,/subscriptions/6276588a-9234-41ee-a81c-7538ea3a817e/resourcegroups/dbmonitor/providers/microsoft.compute/disks/universaldev_osdisk_1_f84f34c352104cdfaf579e18cee76d65,Disk,US East,[],19.53797935,19.53797935,USD
dbmonitor,/subscriptions/6276588a-9234-41ee-a81c-7538ea3a817e/resourcegroups/dbmonitor,KioSoft Globalazure  Subscription,6276588a-9234-41ee-a81c-7538ea3a817e,new-kiosoft-universaluat_osdisk-202406051807,/subscriptions/6276588a-9234-41ee-a81c-7538ea3a817e/resourcegroups/dbmonitor/providers/microsoft.compute/disks/new-kiosoft-universaluat_osdisk-202406051807,Disk,US East,[],19.47957983,19.47957983,USD
dbmonitor,/subscriptions/6276588a-9234-41ee-a81c-7538ea3a817e/resourcegroups/dbmonitor,KioSoft Globalazure  Subscription,6276588a-9234-41ee-a81c-7538ea3a817e,stage-universal-web01,/subscriptions/6276588a-9234-41ee-a81c-7538ea3a817e/resourcegroups/dbmonitor/providers/microsoft.compute/virtualmachines/stage-universal-web01,Virtual machine,"US East, Intercontinental","[""\""environment\"":\""stage\"""",""\""publisher\"":\""openlogic\"""",""\""squad\"":\""o&m\"""",""\""product\"":\""test - om - universal web01\""""]",16.11746153,16.11746153,USD
dbmonitor,/subscriptions/6276588a-9234-41ee-a81c-7538ea3a817e/resourcegroups/dbmonitor,KioSoft Globalazure  Subscription,6276588a-9234-41ee-a81c-7538ea3a817e,dbmonitor,/subscriptions/6276588a-9234-41ee-a81c-7538ea3a817e/resourcegroups/dbmonitor/providers/microsoft.compute/virtualmachines/dbmonitor,Virtual machine,"US East, Intercontinental","[""\""environment\"":\""qa\"""",""\""squad\"":\""universal\"""",""\""publisher\"":\""openlogic\"""",""\""product\"":\""test - universal - universal/retail/coffee\""""]",15.91984706,15.91984706,USD
dbmonitor,/subscriptions/6276588a-9234-41ee-a81c-7538ea3a817e/resourcegroups/dbmonitor,KioSoft Globalazure  Subscription,6276588a-9234-41ee-a81c-7538ea3a817e,stage-universal-web02,/subscriptions/6276588a-9234-41ee-a81c-7538ea3a817e/resourcegroups/dbmonitor/providers/microsoft.compute/virtualmachines/stage-universal-web02,Virtual machine,"US East, Intercontinental","[""\""environment\"":\""stage\"""",""\""squad\"":\""o&m\"""",""\""publisher\"":\""openlogic\"""",""\""product\"":\""test - om - universal web02\""""]",15.64547797,15.64547797,USD
dbmonitor,/subscriptions/6276588a-9234-41ee-a81c-7538ea3a817e/resourcegroups/dbmonitor,KioSoft Globalazure  Subscription,6276588a-9234-41ee-a81c-7538ea3a817e,kiosoft-publicddd,/subscriptions/6276588a-9234-41ee-a81c-7538ea3a817e/resourcegroups/dbmonitor/providers/microsoft.compute/virtualmachines/kiosoft-publicddd,Virtual machine,"US East, Intercontinental","[""\""environment\"":\""stable\"""",""\""squad\"":\""universal\"""",""\""publisher\"":\""cognosys\"""",""\""product\"":\""test - universal - stable\""""]",14.98575514,14.98575514,USD
dbmonitor,/subscriptions/6276588a-9234-41ee-a81c-7538ea3a817e/resourcegroups/dbmonitor,KioSoft Globalazure  Subscription,6276588a-9234-41ee-a81c-7538ea3a817e,stage-universal-db01,/subscriptions/6276588a-9234-41ee-a81c-7538ea3a817e/resourcegroups/dbmonitor/providers/microsoft.compute/virtualmachines/stage-universal-db01,Virtual machine,US East,"[""\""environment\"":\""stage\"""",""\""squad\"":\""o&m\"""",""\""publisher\"":\""openlogic\"""",""\""product\"":\""test - om - universal db01\""""]",14.80428048,14.80428048,USD
dbmonitor,/subscriptions/6276588a-9234-41ee-a81c-7538ea3a817e/resourcegroups/dbmonitor,KioSoft Globalazure  Subscription,6276588a-9234-41ee-a81c-7538ea3a817e,kiosoft-universaldev,/subscriptions/6276588a-9234-41ee-a81c-7538ea3a817e/resourcegroups/dbmonitor/providers/microsoft.compute/virtualmachines/kiosoft-universaldev,Virtual machine,"US East, Intercontinental","[""\""environment\"":\""dev\"""",""\""squad\"":\""universal\"""",""\""publisher\"":\""openlogic\"""",""\""product\"":\""test - universal - universal/retail/coffee\""""]",14.60737687,14.60737687,USD
dbmonitor,/subscriptions/6276588a-9234-41ee-a81c-7538ea3a817e/resourcegroups/dbmonitor,KioSoft Globalazure  Subscription,6276588a-9234-41ee-a81c-7538ea3a817e,kiosoft-es,/subscriptions/6276588a-9234-41ee-a81c-7538ea3a817e/resourcegroups/dbmonitor/providers/microsoft.compute/virtualmachines/kiosoft-es,Virtual machine,US East,"[""\""environment\"":\""dev/qa/uat\"""",""\""publisher\"":\""cognosys\"""",""\""squad\"":\""universal\"""",""\""product\"":\""test - universal - software\""""]",14.55244988,14.55244988,USD
dbmonitor,/subscriptions/6276588a-9234-41ee-a81c-7538ea3a817e/resourcegroups/dbmonitor,KioSoft Globalazure  Subscription,6276588a-9234-41ee-a81c-7538ea3a817e,kiosoft-universaluat,/subscriptions/6276588a-9234-41ee-a81c-7538ea3a817e/resourcegroups/dbmonitor/providers/microsoft.compute/virtualmachines/kiosoft-universaluat,Virtual machine,US East,"[""\""environment\"":\""uat\"""",""\""product\"":\""test - universal - universal/retail/coffee\"""",""\""squad\"":\""universal\"""",""\""publisher\"":\""cognosys\""""]",14.48780211,14.48780211,USD
dbmonitor,/subscriptions/6276588a-9234-41ee-a81c-7538ea3a817e/resourcegroups/dbmonitor,KioSoft Globalazure  Subscription,6276588a-9234-41ee-a81c-7538ea3a817e,bak-202412291941-capser,/subscriptions/6276588a-9234-41ee-a81c-7538ea3a817e/resourcegroups/dbmonitor/providers/microsoft.compute/disks/bak-202412291941-capser,Disk,US East,[],10.72614203,10.72614203,USD
dbmonitor,/subscriptions/6276588a-9234-41ee-a81c-7538ea3a817e/resourcegroups/dbmonitor,KioSoft Globalazure  Subscription,6276588a-9234-41ee-a81c-7538ea3a817e,new-kiosoft-unistress-web02_osdisk_1_eebfb9cb0cac41138cdd8c2b8db34027-20220905,/subscriptions/6276588a-9234-41ee-a81c-7538ea3a817e/resourcegroups/dbmonitor/providers/microsoft.compute/disks/new-kiosoft-unistress-web02_osdisk_1_eebfb9cb0cac41138cdd8c2b8db34027-20220905,Disk,US East,[],10.711388,10.711388,USD
dbmonitor,/subscriptions/6276588a-9234-41ee-a81c-7538ea3a817e/resourcegroups/dbmonitor,KioSoft Globalazure  Subscription,6276588a-9234-41ee-a81c-7538ea3a817e,sa23stagedryrun,/subscriptions/6276588a-9234-41ee-a81c-7538ea3a817e/resourcegroups/dbmonitor/providers/microsoft.storage/storageaccounts/sa23stagedryrun,Storage account,US East,[],4.980472153,4.980472153,USD
dbmonitor,/subscriptions/6276588a-9234-41ee-a81c-7538ea3a817e/resourcegroups/dbmonitor,KioSoft Globalazure  Subscription,6276588a-9234-41ee-a81c-7538ea3a817e,dbmonitor-nsg,/subscriptions/6276588a-9234-41ee-a81c-7538ea3a817e/resourcegroups/dbmonitor/providers/microsoft.network/networksecuritygroups/dbmonitor-nsg,Network security group,US East,[],4.305118692,4.305118692,USD
dbmonitor,/subscriptions/6276588a-9234-41ee-a81c-7538ea3a817e/resourcegroups/dbmonitor,KioSoft Globalazure  Subscription,6276588a-9234-41ee-a81c-7538ea3a817e,dbmonitor-ip,/subscriptions/6276588a-9234-41ee-a81c-7538ea3a817e/resourcegroups/dbmonitor/providers/microsoft.network/publicipaddresses/dbmonitor-ip,Public IP address,US East,[],3.600039685,3.600039685,USD
dbmonitor,/subscriptions/6276588a-9234-41ee-a81c-7538ea3a817e/resourcegroups/dbmonitor,KioSoft Globalazure  Subscription,6276588a-9234-41ee-a81c-7538ea3a817e,kiosoft-es-ip,/subscriptions/6276588a-9234-41ee-a81c-7538ea3a817e/resourcegroups/dbmonitor/providers/microsoft.network/publicipaddresses/kiosoft-es-ip,Public IP address,US East,[],3.600039685,3.600039685,USD
dbmonitor,/subscriptions/6276588a-9234-41ee-a81c-7538ea3a817e/resourcegroups/dbmonitor,KioSoft Globalazure  Subscription,6276588a-9234-41ee-a81c-7538ea3a817e,kiosoft-publicddd-ip,/subscriptions/6276588a-9234-41ee-a81c-7538ea3a817e/resourcegroups/dbmonitor/providers/microsoft.network/publicipaddresses/kiosoft-publicddd-ip,Public IP address,US East,[],3.600039685,3.600039685,USD
dbmonitor,/subscriptions/6276588a-9234-41ee-a81c-7538ea3a817e/resourcegroups/dbmonitor,KioSoft Globalazure  Subscription,6276588a-9234-41ee-a81c-7538ea3a817e,kiosoft-unistress-lb01-ip,/subscriptions/6276588a-9234-41ee-a81c-7538ea3a817e/resourcegroups/dbmonitor/providers/microsoft.network/publicipaddresses/kiosoft-unistress-lb01-ip,Public IP address,US East,[],3.600039685,3.600039685,USD
dbmonitor,/subscriptions/6276588a-9234-41ee-a81c-7538ea3a817e/resourcegroups/dbmonitor,KioSoft Globalazure  Subscription,6276588a-9234-41ee-a81c-7538ea3a817e,kiosoft-unistress-web01-ip,/subscriptions/6276588a-9234-41ee-a81c-7538ea3a817e/resourcegroups/dbmonitor/providers/microsoft.network/publicipaddresses/kiosoft-unistress-web01-ip,Public IP address,US East,[],3.600039685,3.600039685,USD
dbmonitor,/subscriptions/6276588a-9234-41ee-a81c-7538ea3a817e/resourcegroups/dbmonitor,KioSoft Globalazure  Subscription,6276588a-9234-41ee-a81c-7538ea3a817e,kiosoft-unistress-web02-ip,/subscriptions/6276588a-9234-41ee-a81c-7538ea3a817e/resourcegroups/dbmonitor/providers/microsoft.network/publicipaddresses/kiosoft-unistress-web02-ip,Public IP address,US East,[],3.600039685,3.600039685,USD
dbmonitor,/subscriptions/6276588a-9234-41ee-a81c-7538ea3a817e/resourcegroups/dbmonitor,KioSoft Globalazure  Subscription,6276588a-9234-41ee-a81c-7538ea3a817e,kiosoft-universaldev-ip,/subscriptions/6276588a-9234-41ee-a81c-7538ea3a817e/resourcegroups/dbmonitor/providers/microsoft.network/publicipaddresses/kiosoft-universaldev-ip,Public IP address,US East,[],3.600039685,3.600039685,USD
dbmonitor,/subscriptions/6276588a-9234-41ee-a81c-7538ea3a817e/resourcegroups/dbmonitor,KioSoft Globalazure  Subscription,6276588a-9234-41ee-a81c-7538ea3a817e,kiosoft-universaluat-ip,/subscriptions/6276588a-9234-41ee-a81c-7538ea3a817e/resourcegroups/dbmonitor/providers/microsoft.network/publicipaddresses/kiosoft-universaluat-ip,Public IP address,US East,[],3.600039685,3.600039685,USD
dbmonitor,/subscriptions/6276588a-9234-41ee-a81c-7538ea3a817e/resourcegroups/dbmonitor,KioSoft Globalazure  Subscription,6276588a-9234-41ee-a81c-7538ea3a817e,uniersalstress-db01-ip,/subscriptions/6276588a-9234-41ee-a81c-7538ea3a817e/resourcegroups/dbmonitor/providers/microsoft.network/publicipaddresses/uniersalstress-db01-ip,Public IP address,US East,[],3.600039685,3.600039685,USD
dbmonitor,/subscriptions/6276588a-9234-41ee-a81c-7538ea3a817e/resourcegroups/dbmonitor,KioSoft Globalazure  Subscription,6276588a-9234-41ee-a81c-7538ea3a817e,privatelink.file.core.windows.net,/subscriptions/6276588a-9234-41ee-a81c-7538ea3a817e/resourcegroups/dbmonitor/providers/microsoft.network/privatednszones/privatelink.file.core.windows.net,Private DNS zone,Unknown,[],0.483743502,0.483743502,USD
rg20000-prod-olap,/subscriptions/6276588a-9234-41ee-a81c-7538ea3a817e/resourcegroups/rg20000-prod-olap,KioSoft Globalazure  Subscription,6276588a-9234-41ee-a81c-7538ea3a817e,mysql25-prod-olap,/subscriptions/6276588a-9234-41ee-a81c-7538ea3a817e/resourcegroups/rg20000-prod-olap/providers/microsoft.dbformysql/flexibleservers/mysql25-prod-olap,Azure Database for MySQL flexible server,US East,"[""\""environment\"":\""production\"""",""\""db-usage\"":\""oalp\"""",""\""db-size\"":\""general purpose, d2ads_v5, 2 vcores, 8 gib ram, 100 gib storage, 3200 iops\""""]",114.7192182,114.7192182,USD
rg20000-prod-olap,/subscriptions/6276588a-9234-41ee-a81c-7538ea3a817e/resourcegroups/rg20000-prod-olap,KioSoft Globalazure  Subscription,6276588a-9234-41ee-a81c-7538ea3a817e,disk20019-prod-doris01-data01,/subscriptions/6276588a-9234-41ee-a81c-7538ea3a817e/resourcegroups/rg20000-prod-olap/providers/microsoft.compute/disks/disk20019-prod-doris01-data01,Disk,US East,[],101.1565558,101.1565558,USD
rg20000-prod-olap,/subscriptions/6276588a-9234-41ee-a81c-7538ea3a817e/resourcegroups/rg20000-prod-olap,KioSoft Globalazure  Subscription,6276588a-9234-41ee-a81c-7538ea3a817e,disk20003-prod-seatunnel01,/subscriptions/6276588a-9234-41ee-a81c-7538ea3a817e/resourcegroups/rg20000-prod-olap/providers/microsoft.compute/disks/disk20003-prod-seatunnel01,Disk,US East,"[""\""environment\"":\""prod\"""",""\""product\"":\""seatunnel\""""]",71.64398129,71.64398129,USD
rg20000-prod-olap,/subscriptions/6276588a-9234-41ee-a81c-7538ea3a817e/resourcegroups/rg20000-prod-olap,KioSoft Globalazure  Subscription,6276588a-9234-41ee-a81c-7538ea3a817e,vm20003-prod-seatunnel01,/subscriptions/6276588a-9234-41ee-a81c-7538ea3a817e/resourcegroups/rg20000-prod-olap/providers/microsoft.compute/virtualmachines/vm20003-prod-seatunnel01,Virtual machine,US East,"[""\""environment\"":\""prod\"""",""\""product\"":\""seatunnel\""""]",67.48001423,67.48001423,USD
rg20000-prod-olap,/subscriptions/6276588a-9234-41ee-a81c-7538ea3a817e/resourcegroups/rg20000-prod-olap,KioSoft Globalazure  Subscription,6276588a-9234-41ee-a81c-7538ea3a817e,vm20016-prod-doris01_osdisk_1_4619dc83df1b4a9dbb22047b32692d87,/subscriptions/6276588a-9234-41ee-a81c-7538ea3a817e/resourcegroups/rg20000-prod-olap/providers/microsoft.compute/disks/vm20016-prod-doris01_osdisk_1_4619dc83df1b4a9dbb22047b32692d87,Disk,US East,[],19.28583596,19.28583596,USD
rg20000-prod-olap,/subscriptions/6276588a-9234-41ee-a81c-7538ea3a817e/resourcegroups/rg20000-prod-olap,KioSoft Globalazure  Subscription,6276588a-9234-41ee-a81c-7538ea3a817e,vm20016-prod-doris01,/subscriptions/6276588a-9234-41ee-a81c-7538ea3a817e/resourcegroups/rg20000-prod-olap/providers/microsoft.compute/virtualmachines/vm20016-prod-doris01,Virtual machine,US East,"[""\""product\"":\""doris\""""]",14.82195721,14.82195721,USD
rg20000-prod-olap,/subscriptions/6276588a-9234-41ee-a81c-7538ea3a817e/resourcegroups/rg20000-prod-olap,KioSoft Globalazure  Subscription,6276588a-9234-41ee-a81c-7538ea3a817e,pip20000-prod-doris01,/subscriptions/6276588a-9234-41ee-a81c-7538ea3a817e/resourcegroups/rg20000-prod-olap/providers/microsoft.network/publicipaddresses/pip20000-prod-doris01,Public IP address,US East,[],3.600039685,3.600039685,USD
rg20000-prod-olap,/subscriptions/6276588a-9234-41ee-a81c-7538ea3a817e/resourcegroups/rg20000-prod-olap,KioSoft Globalazure  Subscription,6276588a-9234-41ee-a81c-7538ea3a817e,pip20003-prod-seatunnel01,/subscriptions/6276588a-9234-41ee-a81c-7538ea3a817e/resourcegroups/rg20000-prod-olap/providers/microsoft.network/publicipaddresses/pip20003-prod-seatunnel01,Public IP address,US East,[],3.600039685,3.600039685,USD
rg20000-prod-olap,/subscriptions/6276588a-9234-41ee-a81c-7538ea3a817e/resourcegroups/rg20000-prod-olap,KioSoft Globalazure  Subscription,6276588a-9234-41ee-a81c-7538ea3a817e,[critical mysql offline]-mysql25-prod-olap,/subscriptions/6276588a-9234-41ee-a81c-7538ea3a817e/resourcegroups/rg20000-prod-olap/providers/microsoft.insights/metricalerts/[critical mysql offline]-mysql25-prod-olap,microsoft.insights/metricalerts,Unknown,[],0.092190985,0.092190985,USD
rg20000-prod-olap,/subscriptions/6276588a-9234-41ee-a81c-7538ea3a817e/resourcegroups/rg20000-prod-olap,KioSoft Globalazure  Subscription,6276588a-9234-41ee-a81c-7538ea3a817e,[high storage io percent]-mysql25-prod-olap,/subscriptions/6276588a-9234-41ee-a81c-7538ea3a817e/resourcegroups/rg20000-prod-olap/providers/microsoft.insights/metricalerts/[high storage io percent]-mysql25-prod-olap,microsoft.insights/metricalerts,Unknown,[],0.092190985,0.092190985,USD
rg20000-prod-olap,/subscriptions/6276588a-9234-41ee-a81c-7538ea3a817e/resourcegroups/rg20000-prod-olap,KioSoft Globalazure  Subscription,6276588a-9234-41ee-a81c-7538ea3a817e,high cpu usage-mysql25-prod-olap,/subscriptions/6276588a-9234-41ee-a81c-7538ea3a817e/resourcegroups/rg20000-prod-olap/providers/microsoft.insights/metricalerts/high cpu usage-mysql25-prod-olap,microsoft.insights/metricalerts,Unknown,[],0.092190985,0.092190985,USD
rg20000-prod-olap,/subscriptions/6276588a-9234-41ee-a81c-7538ea3a817e/resourcegroups/rg20000-prod-olap,KioSoft Globalazure  Subscription,6276588a-9234-41ee-a81c-7538ea3a817e,high mem usage-mysql25-prod-olap,/subscriptions/6276588a-9234-41ee-a81c-7538ea3a817e/resourcegroups/rg20000-prod-olap/providers/microsoft.insights/metricalerts/high mem usage-mysql25-prod-olap,microsoft.insights/metricalerts,Unknown,[],0.092190985,0.092190985,USD
rg20000-prod-olap,/subscriptions/6276588a-9234-41ee-a81c-7538ea3a817e/resourcegroups/rg20000-prod-olap,KioSoft Globalazure  Subscription,6276588a-9234-41ee-a81c-7538ea3a817e,high storage usage-mysql25-prod-olap,/subscriptions/6276588a-9234-41ee-a81c-7538ea3a817e/resourcegroups/rg20000-prod-olap/providers/microsoft.insights/metricalerts/high storage usage-mysql25-prod-olap,microsoft.insights/metricalerts,Unknown,[],0.092190985,0.092190985,USD
rg20000-prod-olap,/subscriptions/6276588a-9234-41ee-a81c-7538ea3a817e/resourcegroups/rg20000-prod-olap,KioSoft Globalazure  Subscription,6276588a-9234-41ee-a81c-7538ea3a817e,low cpu usage-mysql25-prod-olap,/subscriptions/6276588a-9234-41ee-a81c-7538ea3a817e/resourcegroups/rg20000-prod-olap/providers/microsoft.insights/metricalerts/low cpu usage-mysql25-prod-olap,microsoft.insights/metricalerts,Unknown,[],0.092190985,0.092190985,USD
rg20000-prod-olap,/subscriptions/6276588a-9234-41ee-a81c-7538ea3a817e/resourcegroups/rg20000-prod-olap,KioSoft Globalazure  Subscription,6276588a-9234-41ee-a81c-7538ea3a817e,medium cpu usage-mysql25-prod-olap,/subscriptions/6276588a-9234-41ee-a81c-7538ea3a817e/resourcegroups/rg20000-prod-olap/providers/microsoft.insights/metricalerts/medium cpu usage-mysql25-prod-olap,microsoft.insights/metricalerts,Unknown,[],0.092190985,0.092190985,USD
rg20000-prod-olap,/subscriptions/6276588a-9234-41ee-a81c-7538ea3a817e/resourcegroups/rg20000-prod-olap,KioSoft Globalazure  Subscription,6276588a-9234-41ee-a81c-7538ea3a817e,sa41prodcommandcenter,/subscriptions/6276588a-9234-41ee-a81c-7538ea3a817e/resourcegroups/rg20000-prod-olap/providers/microsoft.storage/storageaccounts/sa41prodcommandcenter,Storage account,US East,[],0.001160512,0.001160512,USD
rg20000-prod-olap,/subscriptions/6276588a-9234-41ee-a81c-7538ea3a817e/resourcegroups/rg20000-prod-olap,KioSoft Globalazure  Subscription,6276588a-9234-41ee-a81c-7538ea3a817e,disk20018-prod-seatunnel01-data01,/subscriptions/6276588a-9234-41ee-a81c-7538ea3a817e/resourcegroups/rg20000-prod-olap/providers/microsoft.compute/disks/disk20018-prod-seatunnel01-data01,Disk,US East,[],0,0,USD
rg51-test-csc,/subscriptions/6276588a-9234-41ee-a81c-7538ea3a817e/resourcegroups/rg51-test-csc,KioSoft Globalazure  Subscription,6276588a-9234-41ee-a81c-7538ea3a817e,mysql11-test-csc,/subscriptions/6276588a-9234-41ee-a81c-7538ea3a817e/resourcegroups/rg51-test-csc/providers/microsoft.dbformysql/flexibleservers/mysql11-test-csc,Azure Database for MySQL flexible server,US East,"[""\""environment\"":\""test\"""",""\""db-size\"":\""general purpose, d2ads_v5, 2 vcores, 8 gib ram, 100 gib storage, 3200 iops\"""",""\""db-usage\"":\""csc-test\""""]",162.8130834,162.8130834,USD
rg51-test-csc,/subscriptions/6276588a-9234-41ee-a81c-7538ea3a817e/resourcegroups/rg51-test-csc,KioSoft Globalazure  Subscription,6276588a-9234-41ee-a81c-7538ea3a817e,redis04-test-csc,/subscriptions/6276588a-9234-41ee-a81c-7538ea3a817e/resourcegroups/rg51-test-csc/providers/microsoft.cache/redis/redis04-test-csc,Redis cache,US East,[],99.35990469,99.35990469,USD
rg51-test-csc,/subscriptions/6276588a-9234-41ee-a81c-7538ea3a817e/resourcegroups/rg51-test-csc,KioSoft Globalazure  Subscription,6276588a-9234-41ee-a81c-7538ea3a817e,vm74-test-universal_osdisk_1_4531eb6b58ea47c18d98719556a5a6ea,/subscriptions/6276588a-9234-41ee-a81c-7538ea3a817e/resourcegroups/rg51-test-csc/providers/microsoft.compute/disks/vm74-test-universal_osdisk_1_4531eb6b58ea47c18d98719556a5a6ea,Disk,US East,[],19.52309468,19.52309468,USD
rg51-test-csc,/subscriptions/6276588a-9234-41ee-a81c-7538ea3a817e/resourcegroups/rg51-test-csc,KioSoft Globalazure  Subscription,6276588a-9234-41ee-a81c-7538ea3a817e,vm124testretail-osdisk-20240104-025010,/subscriptions/6276588a-9234-41ee-a81c-7538ea3a817e/resourcegroups/rg51-test-csc/providers/microsoft.compute/disks/vm124testretail-osdisk-20240104-025010,Disk,US East,"[""\""rsvaultbackup\"":\""d8fbfd6c-a176-4b7a-91f9-5ee7ebb5c0a5\""""]",19.52019871,19.52019871,USD
rg51-test-csc,/subscriptions/6276588a-9234-41ee-a81c-7538ea3a817e/resourcegroups/rg51-test-csc,KioSoft Globalazure  Subscription,6276588a-9234-41ee-a81c-7538ea3a817e,loadbalance08-test-csc-web,/subscriptions/6276588a-9234-41ee-a81c-7538ea3a817e/resourcegroups/rg51-test-csc/providers/microsoft.network/loadbalancers/loadbalance08-test-csc-web,Load balancer,US East,[],18.00192333,18.00192333,USD
rg51-test-csc,/subscriptions/6276588a-9234-41ee-a81c-7538ea3a817e/resourcegroups/rg51-test-csc,KioSoft Globalazure  Subscription,6276588a-9234-41ee-a81c-7538ea3a817e,vm124-test-retail,/subscriptions/6276588a-9234-41ee-a81c-7538ea3a817e/resourcegroups/rg51-test-csc/providers/microsoft.compute/virtualmachines/vm124-test-retail,Virtual machine,"US East, Intercontinental","[""\""environment\"":\""test\"""",""\""squad\"":\""o&m\"""",""\""publisher\"":\""openlogic\"""",""\""product\"":\""test - csc - universal\""""]",14.85993951,14.85993951,USD
rg51-test-csc,/subscriptions/6276588a-9234-41ee-a81c-7538ea3a817e/resourcegroups/rg51-test-csc,KioSoft Globalazure  Subscription,6276588a-9234-41ee-a81c-7538ea3a817e,vm74-test-universal,/subscriptions/6276588a-9234-41ee-a81c-7538ea3a817e/resourcegroups/rg51-test-csc/providers/microsoft.compute/virtualmachines/vm74-test-universal,Virtual machine,"US East, Intercontinental","[""\""environment\"":\""test\"""",""\""product\"":\""test - csc - universal\"""",""\""squad\"":\""o&m\"""",""\""publisher\"":\""openlogic\""""]",14.51320737,14.51320737,USD
rg51-test-csc,/subscriptions/6276588a-9234-41ee-a81c-7538ea3a817e/resourcegroups/rg51-test-csc,KioSoft Globalazure  Subscription,6276588a-9234-41ee-a81c-7538ea3a817e,pip109-test-universal,/subscriptions/6276588a-9234-41ee-a81c-7538ea3a817e/resourcegroups/rg51-test-csc/providers/microsoft.network/publicipaddresses/pip109-test-universal,Public IP address,US East,[],3.600039685,3.600039685,USD
rg51-test-csc,/subscriptions/6276588a-9234-41ee-a81c-7538ea3a817e/resourcegroups/rg51-test-csc,KioSoft Globalazure  Subscription,6276588a-9234-41ee-a81c-7538ea3a817e,pip110-test-retail,/subscriptions/6276588a-9234-41ee-a81c-7538ea3a817e/resourcegroups/rg51-test-csc/providers/microsoft.network/publicipaddresses/pip110-test-retail,Public IP address,US East,[],3.600039685,3.600039685,USD
rg51-test-csc,/subscriptions/6276588a-9234-41ee-a81c-7538ea3a817e/resourcegroups/rg51-test-csc,KioSoft Globalazure  Subscription,6276588a-9234-41ee-a81c-7538ea3a817e,pip164-loadbalance08-test-csc-web,/subscriptions/6276588a-9234-41ee-a81c-7538ea3a817e/resourcegroups/rg51-test-csc/providers/microsoft.network/publicipaddresses/pip164-loadbalance08-test-csc-web,Public IP address,US East,[],3.600039685,3.600039685,USD
rg51-test-csc,/subscriptions/6276588a-9234-41ee-a81c-7538ea3a817e/resourcegroups/rg51-test-csc,KioSoft Globalazure  Subscription,6276588a-9234-41ee-a81c-7538ea3a817e,[critical mysql offline]-mysql11-test-csc,/subscriptions/6276588a-9234-41ee-a81c-7538ea3a817e/resourcegroups/rg51-test-csc/providers/microsoft.insights/metricalerts/[critical mysql offline]-mysql11-test-csc,microsoft.insights/metricalerts,Unknown,[],0.092190985,0.092190985,USD
rg51-test-csc,/subscriptions/6276588a-9234-41ee-a81c-7538ea3a817e/resourcegroups/rg51-test-csc,KioSoft Globalazure  Subscription,6276588a-9234-41ee-a81c-7538ea3a817e,[high storage io percent]-mysql11-test-csc,/subscriptions/6276588a-9234-41ee-a81c-7538ea3a817e/resourcegroups/rg51-test-csc/providers/microsoft.insights/metricalerts/[high storage io percent]-mysql11-test-csc,microsoft.insights/metricalerts,Unknown,[],0.092190985,0.092190985,USD
rg51-test-csc,/subscriptions/6276588a-9234-41ee-a81c-7538ea3a817e/resourcegroups/rg51-test-csc,KioSoft Globalazure  Subscription,6276588a-9234-41ee-a81c-7538ea3a817e,high cpu usage-mysql11-test-csc,/subscriptions/6276588a-9234-41ee-a81c-7538ea3a817e/resourcegroups/rg51-test-csc/providers/microsoft.insights/metricalerts/high cpu usage-mysql11-test-csc,microsoft.insights/metricalerts,Unknown,[],0.092190985,0.092190985,USD
rg51-test-csc,/subscriptions/6276588a-9234-41ee-a81c-7538ea3a817e/resourcegroups/rg51-test-csc,KioSoft Globalazure  Subscription,6276588a-9234-41ee-a81c-7538ea3a817e,high mem usage-mysql11-test-csc,/subscriptions/6276588a-9234-41ee-a81c-7538ea3a817e/resourcegroups/rg51-test-csc/providers/microsoft.insights/metricalerts/high mem usage-mysql11-test-csc,microsoft.insights/metricalerts,Unknown,[],0.092190985,0.092190985,USD
rg51-test-csc,/subscriptions/6276588a-9234-41ee-a81c-7538ea3a817e/resourcegroups/rg51-test-csc,KioSoft Globalazure  Subscription,6276588a-9234-41ee-a81c-7538ea3a817e,high storage usage-mysql11-test-csc,/subscriptions/6276588a-9234-41ee-a81c-7538ea3a817e/resourcegroups/rg51-test-csc/providers/microsoft.insights/metricalerts/high storage usage-mysql11-test-csc,microsoft.insights/metricalerts,Unknown,[],0.092190985,0.092190985,USD
mc_commandcenter_aks10000-test-cc_eastus,/subscriptions/6276588a-9234-41ee-a81c-7538ea3a817e/resourcegroups/mc_commandcenter_aks10000-test-cc_eastus,KioSoft Globalazure  Subscription,6276588a-9234-41ee-a81c-7538ea3a817e,f7f171b92381240709e6fbd,/subscriptions/6276588a-9234-41ee-a81c-7538ea3a817e/resourcegroups/mc_commandcenter_aks10000-test-cc_eastus/providers/microsoft.storage/storageaccounts/f7f171b92381240709e6fbd,Storage account,US East,"[""\""k8s-azure-created-by\"":\""azure\""""]",117.6070321,117.6070321,USD
mc_commandcenter_aks10000-test-cc_eastus,/subscriptions/6276588a-9234-41ee-a81c-7538ea3a817e/resourcegroups/mc_commandcenter_aks10000-test-cc_eastus,KioSoft Globalazure  Subscription,6276588a-9234-41ee-a81c-7538ea3a817e,kubernetes,/subscriptions/6276588a-9234-41ee-a81c-7538ea3a817e/resourcegroups/mc_commandcenter_aks10000-test-cc_eastus/providers/microsoft.network/loadbalancers/kubernetes,Load balancer,US East,"[""\""aks-managed-cluster-name\"":\""aks10000-test-cc\"""",""\""aks-managed-cluster-rg\"":\""commandcenter\""""]",72.86519849,72.86519849,USD
mc_commandcenter_aks10000-test-cc_eastus,/subscriptions/6276588a-9234-41ee-a81c-7538ea3a817e/resourcegroups/mc_commandcenter_aks10000-test-cc_eastus,KioSoft Globalazure  Subscription,6276588a-9234-41ee-a81c-7538ea3a817e,aks-syspool-21886233aks-syspool-21886233-os__1_6176699af2d1436bad5dc534ade1af20,/subscriptions/6276588a-9234-41ee-a81c-7538ea3a817e/resourcegroups/mc_commandcenter_aks10000-test-cc_eastus/providers/microsoft.compute/disks/aks-syspool-21886233aks-syspool-21886233-os__1_6176699af2d1436bad5dc534ade1af20,Disk,US East,"[""\""aks-managed-bootstrap-profile-acr-name\"":\"""",""\""aks-managed-consolidated-additional-properties\"":\""e5526f86-975b-11f0-ba0d-76008b2e43a6\"""",""\""aks-managed-createoperationid\"":\"""",""\""aks-managed-creationsource\"":\""vmssclient-aks-syspool-21886233-vmss\"""",""\""aks-managed-enable-imds-restriction\"":\""false\"""",""\""aks-managed-kubeletidentityclientid\"":\""5bcc0bf7-d6b7-49bc-ad4c-6946a48b03b7\"""",""\""aks-managed-networkisolated-outbound-type\"":\"""",""\""aks-managed-orchestrator\"":\""kubernetes:1.33.2\"""",""\""aks-managed-poolname\"":\""syspool\"""",""\""aks-managed-resourcenamesuffix\"":\""39371513\"""",""\""aks-managed-ssh-access\"":\""localuser\"""",""\""aks-managed-operationid\"":\""b5e577e7-9309-4df8-a3e7-2f563b1b6949\""""]",18.53035185,18.53035185,USD
mc_commandcenter_aks10000-test-cc_eastus,/subscriptions/6276588a-9234-41ee-a81c-7538ea3a817e/resourcegroups/mc_commandcenter_aks10000-test-cc_eastus,KioSoft Globalazure  Subscription,6276588a-9234-41ee-a81c-7538ea3a817e,aks-e4asv4pool-22212aks-e4asv4pool-222123os__1_3038d45942ad497a9522cc698a2afe1a,/subscriptions/6276588a-9234-41ee-a81c-7538ea3a817e/resourcegroups/mc_commandcenter_aks10000-test-cc_eastus/providers/microsoft.compute/disks/aks-e4asv4pool-22212aks-e4asv4pool-222123os__1_3038d45942ad497a9522cc698a2afe1a,Disk,US East,"[""\""aks-managed-bootstrap-profile-acr-name\"":\"""",""\""aks-managed-consolidated-additional-properties\"":\""e552783e-975b-11f0-ba0d-76008b2e43a6\"""",""\""aks-managed-createoperationid\"":\"""",""\""aks-managed-creationsource\"":\""vmssclient-aks-e4asv4pool-22212387-vmss\"""",""\""aks-managed-enable-imds-restriction\"":\""false\"""",""\""aks-managed-kubeletidentityclientid\"":\""5bcc0bf7-d6b7-49bc-ad4c-6946a48b03b7\"""",""\""aks-managed-networkisolated-outbound-type\"":\"""",""\""aks-managed-orchestrator\"":\""kubernetes:1.33.2\"""",""\""aks-managed-poolname\"":\""e4asv4pool\"""",""\""aks-managed-resourcenamesuffix\"":\""39371513\"""",""\""aks-managed-ssh-access\"":\""localuser\"""",""\""aks-managed-operationid\"":\""b5e577e7-9309-4df8-a3e7-2f563b1b6949\""""]",18.53015475,18.53015475,USD
mc_commandcenter_aks10000-test-cc_eastus,/subscriptions/6276588a-9234-41ee-a81c-7538ea3a817e/resourcegroups/mc_commandcenter_aks10000-test-cc_eastus,KioSoft Globalazure  Subscription,6276588a-9234-41ee-a81c-7538ea3a817e,aks-e4asv4pool-22212387-vmss / 0,/subscriptions/6276588a-9234-41ee-a81c-7538ea3a817e/resourcegroups/mc_commandcenter_aks10000-test-cc_eastus/providers/microsoft.compute/virtualmachinescalesets/aks-e4asv4pool-22212387-vmss/virtualmachines/0,Virtual machine scale set instance,US East,"[""\""aks-managed-bootstrap-profile-acr-name\"":\"""",""\""aks-managed-consolidated-additional-properties\"":\""e552783e-975b-11f0-ba0d-76008b2e43a6\"""",""\""aks-managed-createoperationid\"":\"""",""\""aks-managed-creationsource\"":\""vmssclient-aks-e4asv4pool-22212387-vmss\"""",""\""aks-managed-enable-imds-restriction\"":\""false\"""",""\""aks-managed-kubeletidentityclientid\"":\""5bcc0bf7-d6b7-49bc-ad4c-6946a48b03b7\"""",""\""aks-managed-networkisolated-outbound-type\"":\"""",""\""aks-managed-orchestrator\"":\""kubernetes:1.33.2\"""",""\""aks-managed-poolname\"":\""e4asv4pool\"""",""\""aks-managed-resourcenamesuffix\"":\""39371513\"""",""\""aks-managed-ssh-access\"":\""localuser\"""",""\""aks-managed-operationid\"":\""b5e577e7-9309-4df8-a3e7-2f563b1b6949\"""",""\""aks-managed-consolidated-additional-properties\"":\""6438b73c-974d-11f0-a8f9-12cfd56d4ddd\"""",""\""aks-managed-operationid\"":\""c4b8b8b7-1c53-4642-ab84-0101e4bf1827\"""",""\""aks-managed-orchestrator\"":\""kubernetes:1.32.7\"""",""\""aks-managed-consolidated-additional-properties\"":\""586a1a8e-764e-11f0-b843-8a5c45200048\"""",""\""aks-managed-createoperationid\"":\""f7d970e0-fb2e-464d-a9da-9debfbdc17cb\"""",""\""aks-managed-orchestrator\"":\""kubernetes:1.31.9\""""]",14.4,14.4,USD
mc_commandcenter_aks10000-test-cc_eastus,/subscriptions/6276588a-9234-41ee-a81c-7538ea3a817e/resourcegroups/mc_commandcenter_aks10000-test-cc_eastus,KioSoft Globalazure  Subscription,6276588a-9234-41ee-a81c-7538ea3a817e,aks-syspool-21886233-vmss / 0,/subscriptions/6276588a-9234-41ee-a81c-7538ea3a817e/resourcegroups/mc_commandcenter_aks10000-test-cc_eastus/providers/microsoft.compute/virtualmachinescalesets/aks-syspool-21886233-vmss/virtualmachines/0,Virtual machine scale set instance,US East,"[""\""aks-managed-bootstrap-profile-acr-name\"":\"""",""\""aks-managed-consolidated-additional-properties\"":\""e5526f86-975b-11f0-ba0d-76008b2e43a6\"""",""\""aks-managed-createoperationid\"":\"""",""\""aks-managed-creationsource\"":\""vmssclient-aks-syspool-21886233-vmss\"""",""\""aks-managed-enable-imds-restriction\"":\""false\"""",""\""aks-managed-kubeletidentityclientid\"":\""5bcc0bf7-d6b7-49bc-ad4c-6946a48b03b7\"""",""\""aks-managed-networkisolated-outbound-type\"":\"""",""\""aks-managed-orchestrator\"":\""kubernetes:1.33.2\"""",""\""aks-managed-poolname\"":\""syspool\"""",""\""aks-managed-resourcenamesuffix\"":\""39371513\"""",""\""aks-managed-ssh-access\"":\""localuser\"""",""\""aks-managed-operationid\"":\""b5e577e7-9309-4df8-a3e7-2f563b1b6949\"""",""\""aks-managed-consolidated-additional-properties\"":\""acad71d9-52f1-11f0-a7e0-723c6327b13b\"""",""\""aks-managed-createoperationid\"":\""61d3e299-15f7-4fa3-bf0c-910609bbc878\"""",""\""aks-managed-orchestrator\"":\""kubernetes:1.31.9\"""",""\""aks-managed-consolidated-additional-properties\"":\""6438b261-974d-11f0-a8f9-12cfd56d4ddd\"""",""\""aks-managed-operationid\"":\""c4b8b8b7-1c53-4642-ab84-0101e4bf1827\"""",""\""aks-managed-orchestrator\"":\""kubernetes:1.32.7\""""]",14.4,14.4,USD
mc_commandcenter_aks10000-test-cc_eastus,/subscriptions/6276588a-9234-41ee-a81c-7538ea3a817e/resourcegroups/mc_commandcenter_aks10000-test-cc_eastus,KioSoft Globalazure  Subscription,6276588a-9234-41ee-a81c-7538ea3a817e,8b906ae0-b714-42c6-9763-7e7d876c5224,/subscriptions/6276588a-9234-41ee-a81c-7538ea3a817e/resourcegroups/mc_commandcenter_aks10000-test-cc_eastus/providers/microsoft.network/publicipaddresses/8b906ae0-b714-42c6-9763-7e7d876c5224,Public IP address,US East,"[""\""aks-managed-cluster-name\"":\""aks10000-test-cc\"""",""\""aks-managed-cluster-rg\"":\""commandcenter\"""",""\""aks-managed-type\"":\""aks-slb-managed-outbound-ip\""""]",3.600039685,3.600039685,USD
mc_commandcenter_aks10000-test-cc_eastus,/subscriptions/6276588a-9234-41ee-a81c-7538ea3a817e/resourcegroups/mc_commandcenter_aks10000-test-cc_eastus,KioSoft Globalazure  Subscription,6276588a-9234-41ee-a81c-7538ea3a817e,kubernetes-a03086337f77140c0a669db2c967252e,/subscriptions/6276588a-9234-41ee-a81c-7538ea3a817e/resourcegroups/mc_commandcenter_aks10000-test-cc_eastus/providers/microsoft.network/publicipaddresses/kubernetes-a03086337f77140c0a669db2c967252e,Public IP address,US East,"[""\""aks-managed-cluster-name\"":\""aks10000-test-cc\"""",""\""aks-managed-cluster-rg\"":\""commandcenter\"""",""\""k8s-azure-cluster-name\"":\""kubernetes\"""",""\""k8s-azure-service\"":\""istio-system/istio-ingressgateway\""""]",3.600039685,3.600039685,USD
mc_commandcenter_aks10000-test-cc_eastus,/subscriptions/6276588a-9234-41ee-a81c-7538ea3a817e/resourcegroups/mc_commandcenter_aks10000-test-cc_eastus,KioSoft Globalazure  Subscription,6276588a-9234-41ee-a81c-7538ea3a817e,kubernetes-a0ee29861b5e54fedab09ea55e128ca1,/subscriptions/6276588a-9234-41ee-a81c-7538ea3a817e/resourcegroups/mc_commandcenter_aks10000-test-cc_eastus/providers/microsoft.network/publicipaddresses/kubernetes-a0ee29861b5e54fedab09ea55e128ca1,Public IP address,US East,"[""\""aks-managed-cluster-name\"":\""aks10000-test-cc\"""",""\""aks-managed-cluster-rg\"":\""commandcenter\"""",""\""k8s-azure-cluster-name\"":\""kubernetes\"""",""\""k8s-azure-service\"":\""emqx/emqx\""""]",3.600039685,3.600039685,USD
mc_commandcenter_aks10000-test-cc_eastus,/subscriptions/6276588a-9234-41ee-a81c-7538ea3a817e/resourcegroups/mc_commandcenter_aks10000-test-cc_eastus,KioSoft Globalazure  Subscription,6276588a-9234-41ee-a81c-7538ea3a817e,kubernetes-ae80924c6e8104b47af4627e23657589,/subscriptions/6276588a-9234-41ee-a81c-7538ea3a817e/resourcegroups/mc_commandcenter_aks10000-test-cc_eastus/providers/microsoft.network/publicipaddresses/kubernetes-ae80924c6e8104b47af4627e23657589,Public IP address,US East,"[""\""aks-managed-cluster-name\"":\""aks10000-test-cc\"""",""\""aks-managed-cluster-rg\"":\""commandcenter\"""",""\""k8s-azure-cluster-name\"":\""kubernetes\"""",""\""k8s-azure-service\"":\""test-tools/nginx-proxy-lb\""""]",3.600039685,3.600039685,USD
mc_commandcenter_aks10000-test-cc_eastus,/subscriptions/6276588a-9234-41ee-a81c-7538ea3a817e/resourcegroups/mc_commandcenter_aks10000-test-cc_eastus,KioSoft Globalazure  Subscription,6276588a-9234-41ee-a81c-7538ea3a817e,kubernetes-a24d1cf29a100455f9dbb5ba32f9558e,/subscriptions/6276588a-9234-41ee-a81c-7538ea3a817e/resourcegroups/mc_commandcenter_aks10000-test-cc_eastus/providers/microsoft.network/publicipaddresses/kubernetes-a24d1cf29a100455f9dbb5ba32f9558e,Public IP address,US East,"[""\""aks-managed-cluster-name\"":\""aks10000-test-cc\"""",""\""aks-managed-cluster-rg\"":\""commandcenter\"""",""\""k8s-azure-cluster-name\"":\""kubernetes\"""",""\""k8s-azure-service\"":\""flink/flink-jobmanager\""""]",3.197144941,3.197144941,USD
mc_commandcenter_aks10000-test-cc_eastus,/subscriptions/6276588a-9234-41ee-a81c-7538ea3a817e/resourcegroups/mc_commandcenter_aks10000-test-cc_eastus,KioSoft Globalazure  Subscription,6276588a-9234-41ee-a81c-7538ea3a817e,pvc-0c0410dd-8d93-4147-a5a9-48ce781c8b95,/subscriptions/6276588a-9234-41ee-a81c-7538ea3a817e/resourcegroups/mc_commandcenter_aks10000-test-cc_eastus/providers/microsoft.compute/disks/pvc-0c0410dd-8d93-4147-a5a9-48ce781c8b95,Disk,US East,"[""\""k8s-azure-created-by\"":\""kubernetes-azure-dd\"""",""\""kubernetes.io-created-for-pv-name\"":\""pvc-0c0410dd-8d93-4147-a5a9-48ce781c8b95\"""",""\""kubernetes.io-created-for-pvc-name\"":\""storage-loki-0\"""",""\""kubernetes.io-created-for-pvc-namespace\"":\""istio-system\""""]",1.900326737,1.900326737,USD
mc_commandcenter_aks10000-test-cc_eastus,/subscriptions/6276588a-9234-41ee-a81c-7538ea3a817e/resourcegroups/mc_commandcenter_aks10000-test-cc_eastus,KioSoft Globalazure  Subscription,6276588a-9234-41ee-a81c-7538ea3a817e,aks-e4asv4pool-22212aks-e4asv4pool-222123os__1_10e1761e848c4a5fad65a01ba7cf9bde,/subscriptions/6276588a-9234-41ee-a81c-7538ea3a817e/resourcegroups/mc_commandcenter_aks10000-test-cc_eastus/providers/microsoft.compute/disks/aks-e4asv4pool-22212aks-e4asv4pool-222123os__1_10e1761e848c4a5fad65a01ba7cf9bde,Disk,US East,"[""\""aks-managed-bootstrap-profile-acr-name\"":\"""",""\""aks-managed-consolidated-additional-properties\"":\""586a1a8e-764e-11f0-b843-8a5c45200048\"""",""\""aks-managed-createoperationid\"":\""f7d970e0-fb2e-464d-a9da-9debfbdc17cb\"""",""\""aks-managed-creationsource\"":\""vmssclient-aks-e4asv4pool-22212387-vmss\"""",""\""aks-managed-enable-imds-restriction\"":\""false\"""",""\""aks-managed-kubeletidentityclientid\"":\""5bcc0bf7-d6b7-49bc-ad4c-6946a48b03b7\"""",""\""aks-managed-orchestrator\"":\""kubernetes:1.31.9\"""",""\""aks-managed-poolname\"":\""e4asv4pool\"""",""\""aks-managed-resourcenamesuffix\"":\""39371513\"""",""\""aks-managed-ssh-access\"":\""localuser\"""",""\""aks-managed-coordination\"":\""true\""""]",0.71180676,0.71180676,USD
mc_commandcenter_aks10000-test-cc_eastus,/subscriptions/6276588a-9234-41ee-a81c-7538ea3a817e/resourcegroups/mc_commandcenter_aks10000-test-cc_eastus,KioSoft Globalazure  Subscription,6276588a-9234-41ee-a81c-7538ea3a817e,aks-syspool-21886233aks-syspool-21886233-os__1_7e75143a4dde4f2c9b1dad717c4de616,/subscriptions/6276588a-9234-41ee-a81c-7538ea3a817e/resourcegroups/mc_commandcenter_aks10000-test-cc_eastus/providers/microsoft.compute/disks/aks-syspool-21886233aks-syspool-21886233-os__1_7e75143a4dde4f2c9b1dad717c4de616,Disk,US East,"[""\""aks-managed-bootstrap-profile-acr-name\"":\"""",""\""aks-managed-consolidated-additional-properties\"":\""acad71d9-52f1-11f0-a7e0-723c6327b13b\"""",""\""aks-managed-createoperationid\"":\""61d3e299-15f7-4fa3-bf0c-910609bbc878\"""",""\""aks-managed-creationsource\"":\""vmssclient-aks-syspool-21886233-vmss\"""",""\""aks-managed-enable-imds-restriction\"":\""false\"""",""\""aks-managed-kubeletidentityclientid\"":\""5bcc0bf7-d6b7-49bc-ad4c-6946a48b03b7\"""",""\""aks-managed-orchestrator\"":\""kubernetes:1.31.9\"""",""\""aks-managed-poolname\"":\""syspool\"""",""\""aks-managed-resourcenamesuffix\"":\""39371513\"""",""\""aks-managed-ssh-access\"":\""localuser\""""]",0.684429577,0.684429577,USD
mc_commandcenter_aks10000-test-cc_eastus,/subscriptions/6276588a-9234-41ee-a81c-7538ea3a817e/resourcegroups/mc_commandcenter_aks10000-test-cc_eastus,KioSoft Globalazure  Subscription,6276588a-9234-41ee-a81c-7538ea3a817e,aks-e4asv4pool-22212aks-e4asv4pool-222123os__1_671737dcc4fe4f9f8c455b37c2902739,/subscriptions/6276588a-9234-41ee-a81c-7538ea3a817e/resourcegroups/mc_commandcenter_aks10000-test-cc_eastus/providers/microsoft.compute/disks/aks-e4asv4pool-22212aks-e4asv4pool-222123os__1_671737dcc4fe4f9f8c455b37c2902739,Disk,US East,"[""\""aks-managed-bootstrap-profile-acr-name\"":\"""",""\""aks-managed-consolidated-additional-properties\"":\""e552783e-975b-11f0-ba0d-76008b2e43a6\"""",""\""aks-managed-createoperationid\"":\"""",""\""aks-managed-creationsource\"":\""vmssclient-aks-e4asv4pool-22212387-vmss\"""",""\""aks-managed-enable-imds-restriction\"":\""false\"""",""\""aks-managed-kubeletidentityclientid\"":\""5bcc0bf7-d6b7-49bc-ad4c-6946a48b03b7\"""",""\""aks-managed-orchestrator\"":\""kubernetes:1.33.2\"""",""\""aks-managed-poolname\"":\""e4asv4pool\"""",""\""aks-managed-resourcenamesuffix\"":\""39371513\"""",""\""aks-managed-ssh-access\"":\""localuser\"""",""\""aks-managed-operationid\"":\""b5e577e7-9309-4df8-a3e7-2f563b1b6949\"""",""\""aks-managed-networkisolated-outbound-type\"":\""\""""]",0.588954361,0.588954361,USD
mc_commandcenter_aks10000-test-cc_eastus,/subscriptions/6276588a-9234-41ee-a81c-7538ea3a817e/resourcegroups/mc_commandcenter_aks10000-test-cc_eastus,KioSoft Globalazure  Subscription,6276588a-9234-41ee-a81c-7538ea3a817e,pvc-5806d47a-ff6f-4ee2-b1b7-c3138c355cc1,/subscriptions/6276588a-9234-41ee-a81c-7538ea3a817e/resourcegroups/mc_commandcenter_aks10000-test-cc_eastus/providers/microsoft.compute/disks/pvc-5806d47a-ff6f-4ee2-b1b7-c3138c355cc1,Disk,US East,"[""\""k8s-azure-created-by\"":\""kubernetes-azure-dd\"""",""\""kubernetes.io-created-for-pv-name\"":\""pvc-5806d47a-ff6f-4ee2-b1b7-c3138c355cc1\"""",""\""kubernetes.io-created-for-pvc-name\"":\""prometheus-pvc-rwo-lrs\"""",""\""kubernetes.io-created-for-pvc-namespace\"":\""istio-system\""""]",0.556668715,0.556668715,USD
mc_commandcenter_aks10000-test-cc_eastus,/subscriptions/6276588a-9234-41ee-a81c-7538ea3a817e/resourcegroups/mc_commandcenter_aks10000-test-cc_eastus,KioSoft Globalazure  Subscription,6276588a-9234-41ee-a81c-7538ea3a817e,aks-e4asv4pool-22212387-vmss / 5,/subscriptions/6276588a-9234-41ee-a81c-7538ea3a817e/resourcegroups/mc_commandcenter_aks10000-test-cc_eastus/providers/microsoft.compute/virtualmachinescalesets/aks-e4asv4pool-22212387-vmss/virtualmachines/5,Virtual machine scale set instance,US East,"[""\""aks-managed-bootstrap-profile-acr-name\"":\"""",""\""aks-managed-consolidated-additional-properties\"":\""e552783e-975b-11f0-ba0d-76008b2e43a6\"""",""\""aks-managed-createoperationid\"":\"""",""\""aks-managed-creationsource\"":\""vmssclient-aks-e4asv4pool-22212387-vmss\"""",""\""aks-managed-enable-imds-restriction\"":\""false\"""",""\""aks-managed-kubeletidentityclientid\"":\""5bcc0bf7-d6b7-49bc-ad4c-6946a48b03b7\"""",""\""aks-managed-operationid\"":\""b5e577e7-9309-4df8-a3e7-2f563b1b6949\"""",""\""aks-managed-orchestrator\"":\""kubernetes:1.33.2\"""",""\""aks-managed-poolname\"":\""e4asv4pool\"""",""\""aks-managed-resourcenamesuffix\"":\""39371513\"""",""\""aks-managed-ssh-access\"":\""localuser\"""",""\""aks-managed-networkisolated-outbound-type\"":\""\""""]",0.42,0.42,USD
mc_commandcenter_aks10000-test-cc_eastus,/subscriptions/6276588a-9234-41ee-a81c-7538ea3a817e/resourcegroups/mc_commandcenter_aks10000-test-cc_eastus,KioSoft Globalazure  Subscription,6276588a-9234-41ee-a81c-7538ea3a817e,kubernetes-a0929de449d844cc9a443b0bbd7a8a2e,/subscriptions/6276588a-9234-41ee-a81c-7538ea3a817e/resourcegroups/mc_commandcenter_aks10000-test-cc_eastus/providers/microsoft.network/publicipaddresses/kubernetes-a0929de449d844cc9a443b0bbd7a8a2e,Public IP address,US East,"[""\""aks-managed-cluster-name\"":\""aks10000-test-cc\"""",""\""aks-managed-cluster-rg\"":\""commandcenter\"""",""\""k8s-azure-cluster-name\"":\""kubernetes\"""",""\""k8s-azure-service\"":\""flink/flink-jobmanager\""""]",0.135001496,0.135001496,USD
mc_commandcenter_aks10000-test-cc_eastus,/subscriptions/6276588a-9234-41ee-a81c-7538ea3a817e/resourcegroups/mc_commandcenter_aks10000-test-cc_eastus,KioSoft Globalazure  Subscription,6276588a-9234-41ee-a81c-7538ea3a817e,aks-syspool-21886233-vmss,/subscriptions/6276588a-9234-41ee-a81c-7538ea3a817e/resourcegroups/mc_commandcenter_aks10000-test-cc_eastus/providers/microsoft.compute/virtualmachinescalesets/aks-syspool-21886233-vmss,Virtual machine scale set,"US East, Intercontinental","[""\""aks-managed-bootstrap-profile-acr-name\"":\"""",""\""aks-managed-consolidated-additional-properties\"":\""e5526f86-975b-11f0-ba0d-76008b2e43a6\"""",""\""aks-managed-createoperationid\"":\"""",""\""aks-managed-creationsource\"":\""vmssclient-aks-syspool-21886233-vmss\"""",""\""aks-managed-enable-imds-restriction\"":\""false\"""",""\""aks-managed-kubeletidentityclientid\"":\""5bcc0bf7-d6b7-49bc-ad4c-6946a48b03b7\"""",""\""aks-managed-networkisolated-outbound-type\"":\"""",""\""aks-managed-orchestrator\"":\""kubernetes:1.33.2\"""",""\""aks-managed-poolname\"":\""syspool\"""",""\""aks-managed-resourcenamesuffix\"":\""39371513\"""",""\""aks-managed-ssh-access\"":\""localuser\"""",""\""aks-managed-operationid\"":\""b5e577e7-9309-4df8-a3e7-2f563b1b6949\"""",""\""aks-managed-consolidated-additional-properties\"":\""6438b261-974d-11f0-a8f9-12cfd56d4ddd\"""",""\""aks-managed-operationid\"":\""c4b8b8b7-1c53-4642-ab84-0101e4bf1827\"""",""\""aks-managed-orchestrator\"":\""kubernetes:1.32.7\"""",""\""aks-managed-consolidated-additional-properties\"":\""acad71d9-52f1-11f0-a7e0-723c6327b13b\"""",""\""aks-managed-createoperationid\"":\""61d3e299-15f7-4fa3-bf0c-910609bbc878\"""",""\""aks-managed-orchestrator\"":\""kubernetes:1.31.9\"""",""\""aks-managed-networkisolated-outbound-type\"":\""\""""]",0.07361613,0.07361613,USD
mc_commandcenter_aks10000-test-cc_eastus,/subscriptions/6276588a-9234-41ee-a81c-7538ea3a817e/resourcegroups/mc_commandcenter_aks10000-test-cc_eastus,KioSoft Globalazure  Subscription,6276588a-9234-41ee-a81c-7538ea3a817e,aks-syspool-21886233aks-syspool-21886233-os__1_b263f11f14314f988f50a85005199b26,/subscriptions/6276588a-9234-41ee-a81c-7538ea3a817e/resourcegroups/mc_commandcenter_aks10000-test-cc_eastus/providers/microsoft.compute/disks/aks-syspool-21886233aks-syspool-21886233-os__1_b263f11f14314f988f50a85005199b26,Disk,US East,"[""\""aks-managed-bootstrap-profile-acr-name\"":\"""",""\""aks-managed-consolidated-additional-properties\"":\""6438b261-974d-11f0-a8f9-12cfd56d4ddd\"""",""\""aks-managed-createoperationid\"":\"""",""\""aks-managed-creationsource\"":\""vmssclient-aks-syspool-21886233-vmss\"""",""\""aks-managed-enable-imds-restriction\"":\""false\"""",""\""aks-managed-kubeletidentityclientid\"":\""5bcc0bf7-d6b7-49bc-ad4c-6946a48b03b7\"""",""\""aks-managed-operationid\"":\""c4b8b8b7-1c53-4642-ab84-0101e4bf1827\"""",""\""aks-managed-orchestrator\"":\""kubernetes:1.32.7\"""",""\""aks-managed-poolname\"":\""syspool\"""",""\""aks-managed-resourcenamesuffix\"":\""39371513\"""",""\""aks-managed-ssh-access\"":\""localuser\"""",""\""aks-managed-networkisolated-outbound-type\"":\"""",""\""aks-managed-consolidated-additional-properties\"":\""e5526f86-975b-11f0-ba0d-76008b2e43a6\"""",""\""aks-managed-operationid\"":\""b5e577e7-9309-4df8-a3e7-2f563b1b6949\"""",""\""aks-managed-orchestrator\"":\""kubernetes:1.33.2\""""]",0.047796738,0.047796738,USD
mc_commandcenter_aks10000-test-cc_eastus,/subscriptions/6276588a-9234-41ee-a81c-7538ea3a817e/resourcegroups/mc_commandcenter_aks10000-test-cc_eastus,KioSoft Globalazure  Subscription,6276588a-9234-41ee-a81c-7538ea3a817e,aks-e4asv4pool-22212387-vmss / 2,/subscriptions/6276588a-9234-41ee-a81c-7538ea3a817e/resourcegroups/mc_commandcenter_aks10000-test-cc_eastus/providers/microsoft.compute/virtualmachinescalesets/aks-e4asv4pool-22212387-vmss/virtualmachines/2,Virtual machine scale set instance,US East,"[""\""aks-managed-bootstrap-profile-acr-name\"":\"""",""\""aks-managed-consolidated-additional-properties\"":\""6438b73c-974d-11f0-a8f9-12cfd56d4ddd\"""",""\""aks-managed-createoperationid\"":\"""",""\""aks-managed-creationsource\"":\""vmssclient-aks-e4asv4pool-22212387-vmss\"""",""\""aks-managed-enable-imds-restriction\"":\""false\"""",""\""aks-managed-kubeletidentityclientid\"":\""5bcc0bf7-d6b7-49bc-ad4c-6946a48b03b7\"""",""\""aks-managed-operationid\"":\""c4b8b8b7-1c53-4642-ab84-0101e4bf1827\"""",""\""aks-managed-orchestrator\"":\""kubernetes:1.32.7\"""",""\""aks-managed-poolname\"":\""e4asv4pool\"""",""\""aks-managed-resourcenamesuffix\"":\""39371513\"""",""\""aks-managed-ssh-access\"":\""localuser\"""",""\""aks-managed-networkisolated-outbound-type\"":\""\""""]",0.02,0.02,USD
mc_commandcenter_aks10000-test-cc_eastus,/subscriptions/6276588a-9234-41ee-a81c-7538ea3a817e/resourcegroups/mc_commandcenter_aks10000-test-cc_eastus,KioSoft Globalazure  Subscription,6276588a-9234-41ee-a81c-7538ea3a817e,aks-e4asv4pool-22212387-vmss / 4,/subscriptions/6276588a-9234-41ee-a81c-7538ea3a817e/resourcegroups/mc_commandcenter_aks10000-test-cc_eastus/providers/microsoft.compute/virtualmachinescalesets/aks-e4asv4pool-22212387-vmss/virtualmachines/4,Virtual machine scale set instance,US East,"[""\""aks-managed-bootstrap-profile-acr-name\"":\"""",""\""aks-managed-consolidated-additional-properties\"":\""e552783e-975b-11f0-ba0d-76008b2e43a6\"""",""\""aks-managed-createoperationid\"":\"""",""\""aks-managed-creationsource\"":\""vmssclient-aks-e4asv4pool-22212387-vmss\"""",""\""aks-managed-enable-imds-restriction\"":\""false\"""",""\""aks-managed-kubeletidentityclientid\"":\""5bcc0bf7-d6b7-49bc-ad4c-6946a48b03b7\"""",""\""aks-managed-operationid\"":\""b5e577e7-9309-4df8-a3e7-2f563b1b6949\"""",""\""aks-managed-orchestrator\"":\""kubernetes:1.33.2\"""",""\""aks-managed-poolname\"":\""e4asv4pool\"""",""\""aks-managed-resourcenamesuffix\"":\""39371513\"""",""\""aks-managed-ssh-access\"":\""localuser\"""",""\""aks-managed-networkisolated-outbound-type\"":\""\""""]",0.02,0.02,USD
mc_commandcenter_aks10000-test-cc_eastus,/subscriptions/6276588a-9234-41ee-a81c-7538ea3a817e/resourcegroups/mc_commandcenter_aks10000-test-cc_eastus,KioSoft Globalazure  Subscription,6276588a-9234-41ee-a81c-7538ea3a817e,aks-syspool-21886233-vmss / 3,/subscriptions/6276588a-9234-41ee-a81c-7538ea3a817e/resourcegroups/mc_commandcenter_aks10000-test-cc_eastus/providers/microsoft.compute/virtualmachinescalesets/aks-syspool-21886233-vmss/virtualmachines/3,Virtual machine scale set instance,US East,"[""\""aks-managed-bootstrap-profile-acr-name\"":\"""",""\""aks-managed-consolidated-additional-properties\"":\""e5526f86-975b-11f0-ba0d-76008b2e43a6\"""",""\""aks-managed-createoperationid\"":\"""",""\""aks-managed-creationsource\"":\""vmssclient-aks-syspool-21886233-vmss\"""",""\""aks-managed-enable-imds-restriction\"":\""false\"""",""\""aks-managed-kubeletidentityclientid\"":\""5bcc0bf7-d6b7-49bc-ad4c-6946a48b03b7\"""",""\""aks-managed-operationid\"":\""b5e577e7-9309-4df8-a3e7-2f563b1b6949\"""",""\""aks-managed-orchestrator\"":\""kubernetes:1.33.2\"""",""\""aks-managed-poolname\"":\""syspool\"""",""\""aks-managed-resourcenamesuffix\"":\""39371513\"""",""\""aks-managed-ssh-access\"":\""localuser\"""",""\""aks-managed-networkisolated-outbound-type\"":\""\""""]",0.02,0.02,USD
mc_commandcenter_aks10000-test-cc_eastus,/subscriptions/6276588a-9234-41ee-a81c-7538ea3a817e/resourcegroups/mc_commandcenter_aks10000-test-cc_eastus,KioSoft Globalazure  Subscription,6276588a-9234-41ee-a81c-7538ea3a817e,aks-e4asv4pool-22212387-vmss,/subscriptions/6276588a-9234-41ee-a81c-7538ea3a817e/resourcegroups/mc_commandcenter_aks10000-test-cc_eastus/providers/microsoft.compute/virtualmachinescalesets/aks-e4asv4pool-22212387-vmss,Virtual machine scale set,"US East, Intercontinental","[""\""aks-managed-bootstrap-profile-acr-name\"":\"""",""\""aks-managed-consolidated-additional-properties\"":\""e552783e-975b-11f0-ba0d-76008b2e43a6\"""",""\""aks-managed-createoperationid\"":\"""",""\""aks-managed-creationsource\"":\""vmssclient-aks-e4asv4pool-22212387-vmss\"""",""\""aks-managed-enable-imds-restriction\"":\""false\"""",""\""aks-managed-kubeletidentityclientid\"":\""5bcc0bf7-d6b7-49bc-ad4c-6946a48b03b7\"""",""\""aks-managed-networkisolated-outbound-type\"":\"""",""\""aks-managed-orchestrator\"":\""kubernetes:1.33.2\"""",""\""aks-managed-poolname\"":\""e4asv4pool\"""",""\""aks-managed-resourcenamesuffix\"":\""39371513\"""",""\""aks-managed-ssh-access\"":\""localuser\"""",""\""aks-managed-operationid\"":\""b5e577e7-9309-4df8-a3e7-2f563b1b6949\"""",""\""aks-managed-consolidated-additional-properties\"":\""6438b73c-974d-11f0-a8f9-12cfd56d4ddd\"""",""\""aks-managed-operationid\"":\""c4b8b8b7-1c53-4642-ab84-0101e4bf1827\"""",""\""aks-managed-orchestrator\"":\""kubernetes:1.32.7\"""",""\""aks-managed-consolidated-additional-properties\"":\""586a1a8e-764e-11f0-b843-8a5c45200048\"""",""\""aks-managed-createoperationid\"":\""f7d970e0-fb2e-464d-a9da-9debfbdc17cb\"""",""\""aks-managed-orchestrator\"":\""kubernetes:1.31.9\""""]",0.014960762,0.014960762,USD
mc_commandcenter_aks10000-test-cc_eastus,/subscriptions/6276588a-9234-41ee-a81c-7538ea3a817e/resourcegroups/mc_commandcenter_aks10000-test-cc_eastus,KioSoft Globalazure  Subscription,6276588a-9234-41ee-a81c-7538ea3a817e,aks-e4asv4pool-22212aks-e4asv4pool-222123os__1_2606b0bd40694f65a4956a15b6f95c80,/subscriptions/6276588a-9234-41ee-a81c-7538ea3a817e/resourcegroups/mc_commandcenter_aks10000-test-cc_eastus/providers/microsoft.compute/disks/aks-e4asv4pool-22212aks-e4asv4pool-222123os__1_2606b0bd40694f65a4956a15b6f95c80,Disk,US East,"[""\""aks-managed-bootstrap-profile-acr-name\"":\"""",""\""aks-managed-consolidated-additional-properties\"":\""6438b73c-974d-11f0-a8f9-12cfd56d4ddd\"""",""\""aks-managed-createoperationid\"":\"""",""\""aks-managed-creationsource\"":\""vmssclient-aks-e4asv4pool-22212387-vmss\"""",""\""aks-managed-enable-imds-restriction\"":\""false\"""",""\""aks-managed-kubeletidentityclientid\"":\""5bcc0bf7-d6b7-49bc-ad4c-6946a48b03b7\"""",""\""aks-managed-operationid\"":\""c4b8b8b7-1c53-4642-ab84-0101e4bf1827\"""",""\""aks-managed-orchestrator\"":\""kubernetes:1.32.7\"""",""\""aks-managed-poolname\"":\""e4asv4pool\"""",""\""aks-managed-resourcenamesuffix\"":\""39371513\"""",""\""aks-managed-ssh-access\"":\""localuser\"""",""\""aks-managed-networkisolated-outbound-type\"":\""\""""]",0.014743076,0.014743076,USD
mc_commandcenter_aks10000-test-cc_eastus,/subscriptions/6276588a-9234-41ee-a81c-7538ea3a817e/resourcegroups/mc_commandcenter_aks10000-test-cc_eastus,KioSoft Globalazure  Subscription,6276588a-9234-41ee-a81c-7538ea3a817e,aks-e4asv4pool-22212aks-e4asv4pool-222123os__1_db555292357e47a0aa7a8bcb6d495b0f,/subscriptions/6276588a-9234-41ee-a81c-7538ea3a817e/resourcegroups/mc_commandcenter_aks10000-test-cc_eastus/providers/microsoft.compute/disks/aks-e4asv4pool-22212aks-e4asv4pool-222123os__1_db555292357e47a0aa7a8bcb6d495b0f,Disk,US East,"[""\""aks-managed-bootstrap-profile-acr-name\"":\"""",""\""aks-managed-consolidated-additional-properties\"":\""6438b73c-974d-11f0-a8f9-12cfd56d4ddd\"""",""\""aks-managed-createoperationid\"":\"""",""\""aks-managed-creationsource\"":\""vmssclient-aks-e4asv4pool-22212387-vmss\"""",""\""aks-managed-enable-imds-restriction\"":\""false\"""",""\""aks-managed-kubeletidentityclientid\"":\""5bcc0bf7-d6b7-49bc-ad4c-6946a48b03b7\"""",""\""aks-managed-operationid\"":\""c4b8b8b7-1c53-4642-ab84-0101e4bf1827\"""",""\""aks-managed-orchestrator\"":\""kubernetes:1.32.7\"""",""\""aks-managed-poolname\"":\""e4asv4pool\"""",""\""aks-managed-resourcenamesuffix\"":\""39371513\"""",""\""aks-managed-ssh-access\"":\""localuser\"""",""\""aks-managed-networkisolated-outbound-type\"":\""\""""]",0.014743076,0.014743076,USD
mc_commandcenter_aks10000-test-cc_eastus,/subscriptions/6276588a-9234-41ee-a81c-7538ea3a817e/resourcegroups/mc_commandcenter_aks10000-test-cc_eastus,KioSoft Globalazure  Subscription,6276588a-9234-41ee-a81c-7538ea3a817e,aks-e4asv4pool-22212aks-e4asv4pool-222123os__1_e9cf362d35334db4a17e80d427b15892,/subscriptions/6276588a-9234-41ee-a81c-7538ea3a817e/resourcegroups/mc_commandcenter_aks10000-test-cc_eastus/providers/microsoft.compute/disks/aks-e4asv4pool-22212aks-e4asv4pool-222123os__1_e9cf362d35334db4a17e80d427b15892,Disk,US East,"[""\""aks-managed-bootstrap-profile-acr-name\"":\"""",""\""aks-managed-consolidated-additional-properties\"":\""e552783e-975b-11f0-ba0d-76008b2e43a6\"""",""\""aks-managed-createoperationid\"":\"""",""\""aks-managed-creationsource\"":\""vmssclient-aks-e4asv4pool-22212387-vmss\"""",""\""aks-managed-enable-imds-restriction\"":\""false\"""",""\""aks-managed-kubeletidentityclientid\"":\""5bcc0bf7-d6b7-49bc-ad4c-6946a48b03b7\"""",""\""aks-managed-operationid\"":\""b5e577e7-9309-4df8-a3e7-2f563b1b6949\"""",""\""aks-managed-orchestrator\"":\""kubernetes:1.33.2\"""",""\""aks-managed-poolname\"":\""e4asv4pool\"""",""\""aks-managed-resourcenamesuffix\"":\""39371513\"""",""\""aks-managed-ssh-access\"":\""localuser\"""",""\""aks-managed-networkisolated-outbound-type\"":\""\""""]",0.013363377,0.013363377,USD
mc_commandcenter_aks10000-test-cc_eastus,/subscriptions/6276588a-9234-41ee-a81c-7538ea3a817e/resourcegroups/mc_commandcenter_aks10000-test-cc_eastus,KioSoft Globalazure  Subscription,6276588a-9234-41ee-a81c-7538ea3a817e,aks-e4asv4pool-22212aks-e4asv4pool-222123os__1_69867f336066425691e440396b1a211c,/subscriptions/6276588a-9234-41ee-a81c-7538ea3a817e/resourcegroups/mc_commandcenter_aks10000-test-cc_eastus/providers/microsoft.compute/disks/aks-e4asv4pool-22212aks-e4asv4pool-222123os__1_69867f336066425691e440396b1a211c,Disk,US East,"[""\""aks-managed-bootstrap-profile-acr-name\"":\"""",""\""aks-managed-consolidated-additional-properties\"":\""6438b73c-974d-11f0-a8f9-12cfd56d4ddd\"""",""\""aks-managed-createoperationid\"":\"""",""\""aks-managed-creationsource\"":\""vmssclient-aks-e4asv4pool-22212387-vmss\"""",""\""aks-managed-enable-imds-restriction\"":\""false\"""",""\""aks-managed-kubeletidentityclientid\"":\""5bcc0bf7-d6b7-49bc-ad4c-6946a48b03b7\"""",""\""aks-managed-operationid\"":\""c4b8b8b7-1c53-4642-ab84-0101e4bf1827\"""",""\""aks-managed-orchestrator\"":\""kubernetes:1.32.7\"""",""\""aks-managed-poolname\"":\""e4asv4pool\"""",""\""aks-managed-resourcenamesuffix\"":\""39371513\"""",""\""aks-managed-ssh-access\"":\""localuser\"""",""\""aks-managed-networkisolated-outbound-type\"":\""\""""]",0.010840497,0.010840497,USD
mc_commandcenter_aks10000-test-cc_eastus,/subscriptions/6276588a-9234-41ee-a81c-7538ea3a817e/resourcegroups/mc_commandcenter_aks10000-test-cc_eastus,KioSoft Globalazure  Subscription,6276588a-9234-41ee-a81c-7538ea3a817e,aks-e4asv4pool-22212aks-e4asv4pool-222123os__1_bc30a74a758c496b936207cbb71986fd,/subscriptions/6276588a-9234-41ee-a81c-7538ea3a817e/resourcegroups/mc_commandcenter_aks10000-test-cc_eastus/providers/microsoft.compute/disks/aks-e4asv4pool-22212aks-e4asv4pool-222123os__1_bc30a74a758c496b936207cbb71986fd,Disk,US East,"[""\""aks-managed-bootstrap-profile-acr-name\"":\"""",""\""aks-managed-consolidated-additional-properties\"":\""e552783e-975b-11f0-ba0d-76008b2e43a6\"""",""\""aks-managed-createoperationid\"":\"""",""\""aks-managed-creationsource\"":\""vmssclient-aks-e4asv4pool-22212387-vmss\"""",""\""aks-managed-enable-imds-restriction\"":\""false\"""",""\""aks-managed-kubeletidentityclientid\"":\""5bcc0bf7-d6b7-49bc-ad4c-6946a48b03b7\"""",""\""aks-managed-operationid\"":\""b5e577e7-9309-4df8-a3e7-2f563b1b6949\"""",""\""aks-managed-orchestrator\"":\""kubernetes:1.33.2\"""",""\""aks-managed-poolname\"":\""e4asv4pool\"""",""\""aks-managed-resourcenamesuffix\"":\""39371513\"""",""\""aks-managed-ssh-access\"":\""localuser\"""",""\""aks-managed-networkisolated-outbound-type\"":\""\""""]",0.006543718,0.006543718,USD
mc_commandcenter_aks10000-test-cc_eastus,/subscriptions/6276588a-9234-41ee-a81c-7538ea3a817e/resourcegroups/mc_commandcenter_aks10000-test-cc_eastus,KioSoft Globalazure  Subscription,6276588a-9234-41ee-a81c-7538ea3a817e,aks-syspool-21886233aks-syspool-21886233-os__1_cc1106c943f8465d876f9f731fb558fb,/subscriptions/6276588a-9234-41ee-a81c-7538ea3a817e/resourcegroups/mc_commandcenter_aks10000-test-cc_eastus/providers/microsoft.compute/disks/aks-syspool-21886233aks-syspool-21886233-os__1_cc1106c943f8465d876f9f731fb558fb,Disk,US East,"[""\""aks-managed-bootstrap-profile-acr-name\"":\"""",""\""aks-managed-consolidated-additional-properties\"":\""6438b261-974d-11f0-a8f9-12cfd56d4ddd\"""",""\""aks-managed-createoperationid\"":\"""",""\""aks-managed-creationsource\"":\""vmssclient-aks-syspool-21886233-vmss\"""",""\""aks-managed-enable-imds-restriction\"":\""false\"""",""\""aks-managed-kubeletidentityclientid\"":\""5bcc0bf7-d6b7-49bc-ad4c-6946a48b03b7\"""",""\""aks-managed-operationid\"":\""c4b8b8b7-1c53-4642-ab84-0101e4bf1827\"""",""\""aks-managed-orchestrator\"":\""kubernetes:1.32.7\"""",""\""aks-managed-poolname\"":\""syspool\"""",""\""aks-managed-resourcenamesuffix\"":\""39371513\"""",""\""aks-managed-ssh-access\"":\""localuser\"""",""\""aks-managed-networkisolated-outbound-type\"":\""\""""]",0.003685769,0.003685769,USD
mc_commandcenter_aks10000-test-cc_eastus,/subscriptions/6276588a-9234-41ee-a81c-7538ea3a817e/resourcegroups/mc_commandcenter_aks10000-test-cc_eastus,KioSoft Globalazure  Subscription,6276588a-9234-41ee-a81c-7538ea3a817e,aks-e4asv4pool-22212aks-e4asv4pool-222123os__1_6979096261ea4b0c8fdf95a8df6a57c5,/subscriptions/6276588a-9234-41ee-a81c-7538ea3a817e/resourcegroups/mc_commandcenter_aks10000-test-cc_eastus/providers/microsoft.compute/disks/aks-e4asv4pool-22212aks-e4asv4pool-222123os__1_6979096261ea4b0c8fdf95a8df6a57c5,Disk,US East,"[""\""aks-managed-bootstrap-profile-acr-name\"":\"""",""\""aks-managed-consolidated-additional-properties\"":\""6438b73c-974d-11f0-a8f9-12cfd56d4ddd\"""",""\""aks-managed-createoperationid\"":\"""",""\""aks-managed-creationsource\"":\""vmssclient-aks-e4asv4pool-22212387-vmss\"""",""\""aks-managed-enable-imds-restriction\"":\""false\"""",""\""aks-managed-kubeletidentityclientid\"":\""5bcc0bf7-d6b7-49bc-ad4c-6946a48b03b7\"""",""\""aks-managed-operationid\"":\""c4b8b8b7-1c53-4642-ab84-0101e4bf1827\"""",""\""aks-managed-orchestrator\"":\""kubernetes:1.32.7\"""",""\""aks-managed-poolname\"":\""e4asv4pool\"""",""\""aks-managed-resourcenamesuffix\"":\""39371513\"""",""\""aks-managed-ssh-access\"":\""localuser\"""",""\""aks-managed-networkisolated-outbound-type\"":\""\""""]",0.003547799,0.003547799,USD
mc_commandcenter_aks10000-test-cc_eastus,/subscriptions/6276588a-9234-41ee-a81c-7538ea3a817e/resourcegroups/mc_commandcenter_aks10000-test-cc_eastus,KioSoft Globalazure  Subscription,6276588a-9234-41ee-a81c-7538ea3a817e,pvc-d10ab5ac-43d1-4bca-9f81-25f1994cf4f4,/subscriptions/6276588a-9234-41ee-a81c-7538ea3a817e/resourcegroups/mc_commandcenter_aks10000-test-cc_eastus/providers/microsoft.compute/disks/pvc-d10ab5ac-43d1-4bca-9f81-25f1994cf4f4,Disk,US East,"[""\""k8s-azure-created-by\"":\""kubernetes-azure-dd\"""",""\""kubernetes.io-created-for-pv-name\"":\""pvc-d10ab5ac-43d1-4bca-9f81-25f1994cf4f4\"""",""\""kubernetes.io-created-for-pvc-name\"":\""prometheus-pvc-rwo\"""",""\""kubernetes.io-created-for-pvc-namespace\"":\""istio-system\""""]",0.003435792,0.003435792,USD
mc_commandcenter_aks10000-test-cc_eastus,/subscriptions/6276588a-9234-41ee-a81c-7538ea3a817e/resourcegroups/mc_commandcenter_aks10000-test-cc_eastus,KioSoft Globalazure  Subscription,6276588a-9234-41ee-a81c-7538ea3a817e,aks-syspool-21886233aks-syspool-21886233-os__1_d5be47dec7204b5599addee472162eb6,/subscriptions/6276588a-9234-41ee-a81c-7538ea3a817e/resourcegroups/mc_commandcenter_aks10000-test-cc_eastus/providers/microsoft.compute/disks/aks-syspool-21886233aks-syspool-21886233-os__1_d5be47dec7204b5599addee472162eb6,Disk,US East,"[""\""aks-managed-bootstrap-profile-acr-name\"":\"""",""\""aks-managed-consolidated-additional-properties\"":\""e5526f86-975b-11f0-ba0d-76008b2e43a6\"""",""\""aks-managed-createoperationid\"":\"""",""\""aks-managed-creationsource\"":\""vmssclient-aks-syspool-21886233-vmss\"""",""\""aks-managed-enable-imds-restriction\"":\""false\"""",""\""aks-managed-kubeletidentityclientid\"":\""5bcc0bf7-d6b7-49bc-ad4c-6946a48b03b7\"""",""\""aks-managed-orchestrator\"":\""kubernetes:1.33.2\"""",""\""aks-managed-poolname\"":\""syspool\"""",""\""aks-managed-resourcenamesuffix\"":\""39371513\"""",""\""aks-managed-ssh-access\"":\""localuser\"""",""\""aks-managed-operationid\"":\""b5e577e7-9309-4df8-a3e7-2f563b1b6949\"""",""\""aks-managed-networkisolated-outbound-type\"":\""\""""]",0.003330989,0.003330989,USD
mc_commandcenter_aks10000-test-cc_eastus,/subscriptions/6276588a-9234-41ee-a81c-7538ea3a817e/resourcegroups/mc_commandcenter_aks10000-test-cc_eastus,KioSoft Globalazure  Subscription,6276588a-9234-41ee-a81c-7538ea3a817e,aks-syspool-21886233aks-syspool-21886233-os__1_d6b8df2d07ab4b3f92a077eea0265800,/subscriptions/6276588a-9234-41ee-a81c-7538ea3a817e/resourcegroups/mc_commandcenter_aks10000-test-cc_eastus/providers/microsoft.compute/disks/aks-syspool-21886233aks-syspool-21886233-os__1_d6b8df2d07ab4b3f92a077eea0265800,Disk,US East,"[""\""aks-managed-bootstrap-profile-acr-name\"":\"""",""\""aks-managed-consolidated-additional-properties\"":\""6438b261-974d-11f0-a8f9-12cfd56d4ddd\"""",""\""aks-managed-createoperationid\"":\"""",""\""aks-managed-creationsource\"":\""vmssclient-aks-syspool-21886233-vmss\"""",""\""aks-managed-enable-imds-restriction\"":\""false\"""",""\""aks-managed-kubeletidentityclientid\"":\""5bcc0bf7-d6b7-49bc-ad4c-6946a48b03b7\"""",""\""aks-managed-operationid\"":\""c4b8b8b7-1c53-4642-ab84-0101e4bf1827\"""",""\""aks-managed-orchestrator\"":\""kubernetes:1.32.7\"""",""\""aks-managed-poolname\"":\""syspool\"""",""\""aks-managed-resourcenamesuffix\"":\""39371513\"""",""\""aks-managed-ssh-access\"":\""localuser\"""",""\""aks-managed-networkisolated-outbound-type\"":\""\""""]",0.002089259,0.002089259,USD
rg48-stage-cleanstore,/subscriptions/6276588a-9234-41ee-a81c-7538ea3a817e/resourcegroups/rg48-stage-cleanstore,KioSoft Globalazure  Subscription,6276588a-9234-41ee-a81c-7538ea3a817e,redis05-test-omdryun01,/subscriptions/6276588a-9234-41ee-a81c-7538ea3a817e/resourcegroups/rg48-stage-cleanstore/providers/microsoft.cache/redis/redis05-test-omdryun01,Redis cache,US East,[],99.35990469,99.35990469,USD
rg48-stage-cleanstore,/subscriptions/6276588a-9234-41ee-a81c-7538ea3a817e/resourcegroups/rg48-stage-cleanstore,KioSoft Globalazure  Subscription,6276588a-9234-41ee-a81c-7538ea3a817e,sa25omdryrun01,/subscriptions/6276588a-9234-41ee-a81c-7538ea3a817e/resourcegroups/rg48-stage-cleanstore/providers/microsoft.storage/storageaccounts/sa25omdryrun01,Storage account,US East,[],39.2581533,39.2581533,USD
rg48-stage-cleanstore,/subscriptions/6276588a-9234-41ee-a81c-7538ea3a817e/resourcegroups/rg48-stage-cleanstore,KioSoft Globalazure  Subscription,6276588a-9234-41ee-a81c-7538ea3a817e,vm125-stage-db01_osdisk,/subscriptions/6276588a-9234-41ee-a81c-7538ea3a817e/resourcegroups/rg48-stage-cleanstore/providers/microsoft.compute/disks/vm125-stage-db01_osdisk,Disk,US East,[],19.40680711,19.40680711,USD
rg48-stage-cleanstore,/subscriptions/6276588a-9234-41ee-a81c-7538ea3a817e/resourcegroups/rg48-stage-cleanstore,KioSoft Globalazure  Subscription,6276588a-9234-41ee-a81c-7538ea3a817e,sa34omdryrun01,/subscriptions/6276588a-9234-41ee-a81c-7538ea3a817e/resourcegroups/rg48-stage-cleanstore/providers/microsoft.storage/storageaccounts/sa34omdryrun01,Storage account,US East,[],15.65934052,15.65934052,USD
rg48-stage-cleanstore,/subscriptions/6276588a-9234-41ee-a81c-7538ea3a817e/resourcegroups/rg48-stage-cleanstore,KioSoft Globalazure  Subscription,6276588a-9234-41ee-a81c-7538ea3a817e,stage-cleanstore-web01,/subscriptions/6276588a-9234-41ee-a81c-7538ea3a817e/resourcegroups/rg48-stage-cleanstore/providers/microsoft.compute/virtualmachines/stage-cleanstore-web01,Virtual machine,"US East, Intercontinental","[""\""environment\"":\""stage\"""",""\""product\"":\""retail\"""",""\""squad\"":\""o&m\"""",""\""publisher\"":\""openlogic\""""]",14.63372196,14.63372196,USD
rg48-stage-cleanstore,/subscriptions/6276588a-9234-41ee-a81c-7538ea3a817e/resourcegroups/rg48-stage-cleanstore,KioSoft Globalazure  Subscription,6276588a-9234-41ee-a81c-7538ea3a817e,stage-cleanstore-web02,/subscriptions/6276588a-9234-41ee-a81c-7538ea3a817e/resourcegroups/rg48-stage-cleanstore/providers/microsoft.compute/virtualmachines/stage-cleanstore-web02,Virtual machine,US East,"[""\""environment\"":\""stage\"""",""\""squad\"":\""o&m\"""",""\""publisher\"":\""openlogic\"""",""\""product\"":\""retail\""""]",14.56245183,14.56245183,USD
rg48-stage-cleanstore,/subscriptions/6276588a-9234-41ee-a81c-7538ea3a817e/resourcegroups/rg48-stage-cleanstore,KioSoft Globalazure  Subscription,6276588a-9234-41ee-a81c-7538ea3a817e,vm125-stage-db01,/subscriptions/6276588a-9234-41ee-a81c-7538ea3a817e/resourcegroups/rg48-stage-cleanstore/providers/microsoft.compute/virtualmachines/vm125-stage-db01,Virtual machine,"US East, Intercontinental","[""\""environment\"":\""stage\"""",""\""squad\"":\""o&m\"""",""\""publisher\"":\""openlogic\"""",""\""product\"":\""test - stage /retail/coffee\""""]",14.50412988,14.50412988,USD
rg48-stage-cleanstore,/subscriptions/6276588a-9234-41ee-a81c-7538ea3a817e/resourcegroups/rg48-stage-cleanstore,KioSoft Globalazure  Subscription,6276588a-9234-41ee-a81c-7538ea3a817e,dryrun01_private_endpoint,/subscriptions/6276588a-9234-41ee-a81c-7538ea3a817e/resourcegroups/rg48-stage-cleanstore/providers/microsoft.network/privateendpoints/dryrun01_private_endpoint,Private endpoint,US East,[],7.2,7.2,USD
rg48-stage-cleanstore,/subscriptions/6276588a-9234-41ee-a81c-7538ea3a817e/resourcegroups/rg48-stage-cleanstore,KioSoft Globalazure  Subscription,6276588a-9234-41ee-a81c-7538ea3a817e,pe01-prod-kiocentral-tool,/subscriptions/6276588a-9234-41ee-a81c-7538ea3a817e/resourcegroups/rg48-stage-cleanstore/providers/microsoft.network/privateendpoints/pe01-prod-kiocentral-tool,Private endpoint,US East,[],7.2,7.2,USD
rg48-stage-cleanstore,/subscriptions/6276588a-9234-41ee-a81c-7538ea3a817e/resourcegroups/rg48-stage-cleanstore,KioSoft Globalazure  Subscription,6276588a-9234-41ee-a81c-7538ea3a817e,tmstest,/subscriptions/6276588a-9234-41ee-a81c-7538ea3a817e/resourcegroups/rg48-stage-cleanstore/providers/microsoft.network/privateendpoints/tmstest,Private endpoint,US East,[],7.2,7.2,USD
rg48-stage-cleanstore,/subscriptions/6276588a-9234-41ee-a81c-7538ea3a817e/resourcegroups/rg48-stage-cleanstore,KioSoft Globalazure  Subscription,6276588a-9234-41ee-a81c-7538ea3a817e,stagecleanstoreweb01-osdisk-20241225-050718,/subscriptions/6276588a-9234-41ee-a81c-7538ea3a817e/resourcegroups/rg48-stage-cleanstore/providers/microsoft.compute/disks/stagecleanstoreweb01-osdisk-20241225-050718,Disk,US East,"[""\""rsvaultbackup\"":\""40503b1b-e4b9-4a31-ba72-2946847173d1\""""]",5.589657283,5.589657283,USD
rg48-stage-cleanstore,/subscriptions/6276588a-9234-41ee-a81c-7538ea3a817e/resourcegroups/rg48-stage-cleanstore,KioSoft Globalazure  Subscription,6276588a-9234-41ee-a81c-7538ea3a817e,stage-cleanstore-web02_osdisk_1_a658fd4adcaa4f71b458f3dcd0046030,/subscriptions/6276588a-9234-41ee-a81c-7538ea3a817e/resourcegroups/rg48-stage-cleanstore/providers/microsoft.compute/disks/stage-cleanstore-web02_osdisk_1_a658fd4adcaa4f71b458f3dcd0046030,Disk,US East,[],5.574877228,5.574877228,USD
rg48-stage-cleanstore,/subscriptions/6276588a-9234-41ee-a81c-7538ea3a817e/resourcegroups/rg48-stage-cleanstore,KioSoft Globalazure  Subscription,6276588a-9234-41ee-a81c-7538ea3a817e,pip103-stage-cleanstore-web01,/subscriptions/6276588a-9234-41ee-a81c-7538ea3a817e/resourcegroups/rg48-stage-cleanstore/providers/microsoft.network/publicipaddresses/pip103-stage-cleanstore-web01,Public IP address,US East,[],3.600039685,3.600039685,USD
rg48-stage-cleanstore,/subscriptions/6276588a-9234-41ee-a81c-7538ea3a817e/resourcegroups/rg48-stage-cleanstore,KioSoft Globalazure  Subscription,6276588a-9234-41ee-a81c-7538ea3a817e,pip104-stage-cleanstore-web02,/subscriptions/6276588a-9234-41ee-a81c-7538ea3a817e/resourcegroups/rg48-stage-cleanstore/providers/microsoft.network/publicipaddresses/pip104-stage-cleanstore-web02,Public IP address,US East,[],3.600039685,3.600039685,USD
rg48-stage-cleanstore,/subscriptions/6276588a-9234-41ee-a81c-7538ea3a817e/resourcegroups/rg48-stage-cleanstore,KioSoft Globalazure  Subscription,6276588a-9234-41ee-a81c-7538ea3a817e,tm02-stage-cleanstore,/subscriptions/6276588a-9234-41ee-a81c-7538ea3a817e/resourcegroups/rg48-stage-cleanstore/providers/microsoft.network/trafficmanagerprofiles/tm02-stage-cleanstore,Traffic Manager profile,Unknown,[],2.669298834,2.669298834,USD
rg48-stage-cleanstore,/subscriptions/6276588a-9234-41ee-a81c-7538ea3a817e/resourcegroups/rg48-stage-cleanstore,KioSoft Globalazure  Subscription,6276588a-9234-41ee-a81c-7538ea3a817e,privatelink.file.core.windows.net,/subscriptions/6276588a-9234-41ee-a81c-7538ea3a817e/resourcegroups/rg48-stage-cleanstore/providers/microsoft.network/privatednszones/privatelink.file.core.windows.net,Private DNS zone,Unknown,[],0.483743502,0.483743502,USD
rg9999-test-infrastructure,/subscriptions/6276588a-9234-41ee-a81c-7538ea3a817e/resourcegroups/rg9999-test-infrastructure,KioSoft Globalazure  Subscription,6276588a-9234-41ee-a81c-7538ea3a817e,restore-prod-sage,/subscriptions/6276588a-9234-41ee-a81c-7538ea3a817e/resourcegroups/rg9999-test-infrastructure/providers/microsoft.compute/virtualmachines/restore-prod-sage,Virtual machine,"US East, Intercontinental","[""\""environment\"":\""production\"""",""\""publisher\"":\""microsoftwindowsserver\"""",""\""product\"":\""internal - sage\""""]",56.03200422,56.03200422,USD
rg9999-test-infrastructure,/subscriptions/6276588a-9234-41ee-a81c-7538ea3a817e/resourcegroups/rg9999-test-infrastructure,KioSoft Globalazure  Subscription,6276588a-9234-41ee-a81c-7538ea3a817e,restoreprodsage-osdisk-20250930-051805,/subscriptions/6276588a-9234-41ee-a81c-7538ea3a817e/resourcegroups/rg9999-test-infrastructure/providers/microsoft.compute/disks/restoreprodsage-osdisk-20250930-051805,Disk,US East,"[""\""rsvaultbackup\"":\""4367038c-66fe-4fb3-bb4e-66d75499d72c\""""]",49.03543226,49.03543226,USD
rg9999-test-infrastructure,/subscriptions/6276588a-9234-41ee-a81c-7538ea3a817e/resourcegroups/rg9999-test-infrastructure,KioSoft Globalazure  Subscription,6276588a-9234-41ee-a81c-7538ea3a817e,redis9998-test-automation,/subscriptions/6276588a-9234-41ee-a81c-7538ea3a817e/resourcegroups/rg9999-test-infrastructure/providers/microsoft.cache/redis/redis9998-test-automation,Redis cache,US East,[],36.02486587,36.02486587,USD
rg9999-test-infrastructure,/subscriptions/6276588a-9234-41ee-a81c-7538ea3a817e/resourcegroups/rg9999-test-infrastructure,KioSoft Globalazure  Subscription,6276588a-9234-41ee-a81c-7538ea3a817e,restore-prod-jumpserver,/subscriptions/6276588a-9234-41ee-a81c-7538ea3a817e/resourcegroups/rg9999-test-infrastructure/providers/microsoft.compute/virtualmachines/restore-prod-jumpserver,Virtual machine,US East 2,"[""\""environment\"":\""production\"""",""\""product\"":\""jumpserver\""""]",35.22850576,35.22850576,USD
rg9999-test-infrastructure,/subscriptions/6276588a-9234-41ee-a81c-7538ea3a817e/resourcegroups/rg9999-test-infrastructure,KioSoft Globalazure  Subscription,6276588a-9234-41ee-a81c-7538ea3a817e,restoreprodjumpserver-osdisk-20250925-085359,/subscriptions/6276588a-9234-41ee-a81c-7538ea3a817e/resourcegroups/rg9999-test-infrastructure/providers/microsoft.compute/disks/restoreprodjumpserver-osdisk-20250925-085359,Disk,US East 2,"[""\""rsvaultbackup\"":\""02d87b98-4299-471a-8728-aae793ee15e1\"""",""\""environment\"":\""production\"""",""\""product\"":\""jumpserver\""""]",22.41559618,22.41559618,USD
rg9999-test-infrastructure,/subscriptions/6276588a-9234-41ee-a81c-7538ea3a817e/resourcegroups/rg9999-test-infrastructure,KioSoft Globalazure  Subscription,6276588a-9234-41ee-a81c-7538ea3a817e,mysql9998-test-automation,/subscriptions/6276588a-9234-41ee-a81c-7538ea3a817e/resourcegroups/rg9999-test-infrastructure/providers/microsoft.dbformysql/flexibleservers/mysql9998-test-automation,Azure Database for MySQL flexible server,US East,[],8.731345213,8.731345213,USD
rg9999-test-infrastructure,/subscriptions/6276588a-9234-41ee-a81c-7538ea3a817e/resourcegroups/rg9999-test-infrastructure,KioSoft Globalazure  Subscription,6276588a-9234-41ee-a81c-7538ea3a817e,restore-mysql12-prod-cleanstore-utc-20250924161203,/subscriptions/6276588a-9234-41ee-a81c-7538ea3a817e/resourcegroups/rg9999-test-infrastructure/providers/microsoft.dbformysql/flexibleservers/restore-mysql12-prod-cleanstore-utc-20250924161203,Azure Database for MySQL flexible server,US East,"[""\""environment\"":\""production\"""",""\""db-size\"":\""general purpose, d16ads_v5, 16 vcores, 64 gib ram, 662 storage, 2286 iops\"""",""\""db-usage\"":\""cleanstore\""""]",6.944294279,6.944294279,USD
rg9999-test-infrastructure,/subscriptions/6276588a-9234-41ee-a81c-7538ea3a817e/resourcegroups/rg9999-test-infrastructure,KioSoft Globalazure  Subscription,6276588a-9234-41ee-a81c-7538ea3a817e,nat-lb-test,/subscriptions/6276588a-9234-41ee-a81c-7538ea3a817e/resourcegroups/rg9999-test-infrastructure/providers/microsoft.network/natgateways/nat-lb-test,NAT gateway,US East,[],4.006706451,4.006706451,USD
rg9999-test-infrastructure,/subscriptions/6276588a-9234-41ee-a81c-7538ea3a817e/resourcegroups/rg9999-test-infrastructure,KioSoft Globalazure  Subscription,6276588a-9234-41ee-a81c-7538ea3a817e,restore-mysql12-prod-cleanstore-slowest-utc-20250924161103,/subscriptions/6276588a-9234-41ee-a81c-7538ea3a817e/resourcegroups/rg9999-test-infrastructure/providers/microsoft.dbformysql/flexibleservers/restore-mysql12-prod-cleanstore-slowest-utc-20250924161103,Azure Database for MySQL flexible server,US East,"[""\""environment\"":\""production\"""",""\""db-usage\"":\""cleanstore\"""",""\""db-size\"":\""general purpose, d16ads_v5, 16 vcores, 64 gib ram, 662 storage, 2286 iops\""""]",3.424020448,3.424020448,USD
rg9999-test-infrastructure,/subscriptions/6276588a-9234-41ee-a81c-7538ea3a817e/resourcegroups/rg9999-test-infrastructure,KioSoft Globalazure  Subscription,6276588a-9234-41ee-a81c-7538ea3a817e,restore-mysql12-prod-cleanstore-latest-utc-2025030300,/subscriptions/6276588a-9234-41ee-a81c-7538ea3a817e/resourcegroups/rg9999-test-infrastructure/providers/microsoft.dbformysql/flexibleservers/restore-mysql12-prod-cleanstore-latest-utc-2025030300,Azure Database for MySQL flexible server,US East,"[""\""environment\"":\""production\"""",""\""db-usage\"":\""cleanstore\"""",""\""db-size\"":\""general purpose, d16ads_v5, 16 vcores, 64 gib ram, 662 storage, 2286 iops\""""]",3.099500123,3.099500123,USD
rg9999-test-infrastructure,/subscriptions/6276588a-9234-41ee-a81c-7538ea3a817e/resourcegroups/rg9999-test-infrastructure,KioSoft Globalazure  Subscription,6276588a-9234-41ee-a81c-7538ea3a817e,restore-sage-ip,/subscriptions/6276588a-9234-41ee-a81c-7538ea3a817e/resourcegroups/rg9999-test-infrastructure/providers/microsoft.network/publicipaddresses/restore-sage-ip,Public IP address,US East,[],2.477895301,2.477895301,USD
rg9999-test-infrastructure,/subscriptions/6276588a-9234-41ee-a81c-7538ea3a817e/resourcegroups/rg9999-test-infrastructure,KioSoft Globalazure  Subscription,6276588a-9234-41ee-a81c-7538ea3a817e,pip9999-test-restore,/subscriptions/6276588a-9234-41ee-a81c-7538ea3a817e/resourcegroups/rg9999-test-infrastructure/providers/microsoft.network/publicipaddresses/pip9999-test-restore,Public IP address,US East 2,[],2.399064094,2.399064094,USD
rg9999-test-infrastructure,/subscriptions/6276588a-9234-41ee-a81c-7538ea3a817e/resourcegroups/rg9999-test-infrastructure,KioSoft Globalazure  Subscription,6276588a-9234-41ee-a81c-7538ea3a817e,restore-mysql19-prod-cleanstore-db02-slowest-utc-20250924133203,/subscriptions/6276588a-9234-41ee-a81c-7538ea3a817e/resourcegroups/rg9999-test-infrastructure/providers/microsoft.dbformysql/flexibleservers/restore-mysql19-prod-cleanstore-db02-slowest-utc-20250924133203,Azure Database for MySQL flexible server,US East,"[""\""environment\"":\""production\"""",""\""db-usage\"":\""cleanstore\"""",""\""db-size\"":\""general purpose, d4ds_v4, 4 vcores, 16 gib ram, 670 gib storage, 6400 iops\""""]",2.16124448,2.16124448,USD
rg9999-test-infrastructure,/subscriptions/6276588a-9234-41ee-a81c-7538ea3a817e/resourcegroups/rg9999-test-infrastructure,KioSoft Globalazure  Subscription,6276588a-9234-41ee-a81c-7538ea3a817e,restore-mysql19-prod-cleanstore-db02-utc-20250924133303,/subscriptions/6276588a-9234-41ee-a81c-7538ea3a817e/resourcegroups/rg9999-test-infrastructure/providers/microsoft.dbformysql/flexibleservers/restore-mysql19-prod-cleanstore-db02-utc-20250924133303,Azure Database for MySQL flexible server,US East,"[""\""environment\"":\""production\"""",""\""db-usage\"":\""cleanstore\"""",""\""db-size\"":\""general purpose, d4ds_v4, 4 vcores, 16 gib ram, 670 gib storage, 6400 iops\""""]",2.140286075,2.140286075,USD
rg9999-test-infrastructure,/subscriptions/6276588a-9234-41ee-a81c-7538ea3a817e/resourcegroups/rg9999-test-infrastructure,KioSoft Globalazure  Subscription,6276588a-9234-41ee-a81c-7538ea3a817e,snipe-it,/subscriptions/6276588a-9234-41ee-a81c-7538ea3a817e/resourcegroups/rg9999-test-infrastructure/providers/microsoft.compute/virtualmachines/snipe-it,Virtual machine,US East,[],1.485309103,1.485309103,USD
rg9999-test-infrastructure,/subscriptions/6276588a-9234-41ee-a81c-7538ea3a817e/resourcegroups/rg9999-test-infrastructure,KioSoft Globalazure  Subscription,6276588a-9234-41ee-a81c-7538ea3a817e,snipe-it_osdisk_1_b13ca6878cec4dbf9550fe81abb9fa39,/subscriptions/6276588a-9234-41ee-a81c-7538ea3a817e/resourcegroups/rg9999-test-infrastructure/providers/microsoft.compute/disks/snipe-it_osdisk_1_b13ca6878cec4dbf9550fe81abb9fa39,Disk,US East,[],1.063296032,1.063296032,USD
rg9999-test-infrastructure,/subscriptions/6276588a-9234-41ee-a81c-7538ea3a817e/resourcegroups/rg9999-test-infrastructure,KioSoft Globalazure  Subscription,6276588a-9234-41ee-a81c-7538ea3a817e,restoreuniversalweb01-osdisk-20250925-005356,/subscriptions/6276588a-9234-41ee-a81c-7538ea3a817e/resourcegroups/rg9999-test-infrastructure/providers/microsoft.compute/disks/restoreuniversalweb01-osdisk-20250925-005356,Disk,US East,"[""\""rsvaultbackup\"":\""3d053056-f113-4091-b13d-1d3921664acb\""""]",0.800856518,0.800856518,USD
rg9999-test-infrastructure,/subscriptions/6276588a-9234-41ee-a81c-7538ea3a817e/resourcegroups/rg9999-test-infrastructure,KioSoft Globalazure  Subscription,6276588a-9234-41ee-a81c-7538ea3a817e,restoreuniversalweb02-osdisk-20250925-005827,/subscriptions/6276588a-9234-41ee-a81c-7538ea3a817e/resourcegroups/rg9999-test-infrastructure/providers/microsoft.compute/disks/restoreuniversalweb02-osdisk-20250925-005827,Disk,US East,"[""\""rsvaultbackup\"":\""3a7b5443-1d44-4d05-b3a9-68cd72f93d7a\""""]",0.79462816,0.79462816,USD
rg9999-test-infrastructure,/subscriptions/6276588a-9234-41ee-a81c-7538ea3a817e/resourcegroups/rg9999-test-infrastructure,KioSoft Globalazure  Subscription,6276588a-9234-41ee-a81c-7538ea3a817e,restorecleanstoreweb01-osdisk-20250925-010257,/subscriptions/6276588a-9234-41ee-a81c-7538ea3a817e/resourcegroups/rg9999-test-infrastructure/providers/microsoft.compute/disks/restorecleanstoreweb01-osdisk-20250925-010257,Disk,US East,"[""\""rsvaultbackup\"":\""af992292-bb7e-41eb-9f2f-c1e15fb63a1f\""""]",0.79255861,0.79255861,USD
rg9999-test-infrastructure,/subscriptions/6276588a-9234-41ee-a81c-7538ea3a817e/resourcegroups/rg9999-test-infrastructure,KioSoft Globalazure  Subscription,6276588a-9234-41ee-a81c-7538ea3a817e,restoreamusementweb01-osdisk-20250925-013247,/subscriptions/6276588a-9234-41ee-a81c-7538ea3a817e/resourcegroups/rg9999-test-infrastructure/providers/microsoft.compute/disks/restoreamusementweb01-osdisk-20250925-013247,Disk,US East,"[""\""rsvaultbackup\"":\""8812ed7c-7d67-417e-92c7-ba839392e060\""""]",0.778958714,0.778958714,USD
rg9999-test-infrastructure,/subscriptions/6276588a-9234-41ee-a81c-7538ea3a817e/resourcegroups/rg9999-test-infrastructure,KioSoft Globalazure  Subscription,6276588a-9234-41ee-a81c-7538ea3a817e,restoreintegrationweb01-osdisk-20250925-023550,/subscriptions/6276588a-9234-41ee-a81c-7538ea3a817e/resourcegroups/rg9999-test-infrastructure/providers/microsoft.compute/disks/restoreintegrationweb01-osdisk-20250925-023550,Disk,US Central,"[""\""environment\"":\""prod\"""",""\""rsvaultbackup\"":\""c889f64d-21d2-4be9-b61f-d607a81f90a1\"""",""\""product\"":\""integration\""""]",0.750119045,0.750119045,USD
rg9999-test-infrastructure,/subscriptions/6276588a-9234-41ee-a81c-7538ea3a817e/resourcegroups/rg9999-test-infrastructure,KioSoft Globalazure  Subscription,6276588a-9234-41ee-a81c-7538ea3a817e,restorelatamweb01-osdisk-20250925-023457,/subscriptions/6276588a-9234-41ee-a81c-7538ea3a817e/resourcegroups/rg9999-test-infrastructure/providers/microsoft.compute/disks/restorelatamweb01-osdisk-20250925-023457,Disk,US South Central,"[""\""environment\"":\""prod\"""",""\""rsvaultbackup\"":\""0e9edba8-e991-4339-a873-35fe10f49ef9\"""",""\""product\"":\""latamcleanstore\""""]",0.682422793,0.682422793,USD
rg9999-test-infrastructure,/subscriptions/6276588a-9234-41ee-a81c-7538ea3a817e/resourcegroups/rg9999-test-infrastructure,KioSoft Globalazure  Subscription,6276588a-9234-41ee-a81c-7538ea3a817e,restore-mysql19-prod-cleanstore-db02-fastest-utc-20250925133303,/subscriptions/6276588a-9234-41ee-a81c-7538ea3a817e/resourcegroups/rg9999-test-infrastructure/providers/microsoft.dbformysql/flexibleservers/restore-mysql19-prod-cleanstore-db02-fastest-utc-20250925133303,Azure Database for MySQL flexible server,US East,"[""\""environment\"":\""production\"""",""\""db-usage\"":\""cleanstore\"""",""\""db-size\"":\""general purpose, d4ds_v4, 4 vcores, 16 gib ram, 670 gib storage, 6400 iops\""""]",0.539422764,0.539422764,USD
rg9999-test-infrastructure,/subscriptions/6276588a-9234-41ee-a81c-7538ea3a817e/resourcegroups/rg9999-test-infrastructure,KioSoft Globalazure  Subscription,6276588a-9234-41ee-a81c-7538ea3a817e,nat-lb-test-ip,/subscriptions/6276588a-9234-41ee-a81c-7538ea3a817e/resourcegroups/rg9999-test-infrastructure/providers/microsoft.network/publicipaddresses/nat-lb-test-ip,Public IP address,US East,[],0.442961633,0.442961633,USD
rg9999-test-infrastructure,/subscriptions/6276588a-9234-41ee-a81c-7538ea3a817e/resourcegroups/rg9999-test-infrastructure,KioSoft Globalazure  Subscription,6276588a-9234-41ee-a81c-7538ea3a817e,restore-mysql19-prod-cleanstore-db02-latest-utc-20250926011600,/subscriptions/6276588a-9234-41ee-a81c-7538ea3a817e/resourcegroups/rg9999-test-infrastructure/providers/microsoft.dbformysql/flexibleservers/restore-mysql19-prod-cleanstore-db02-latest-utc-20250926011600,Azure Database for MySQL flexible server,US East,"[""\""environment\"":\""production\"""",""\""db-usage\"":\""cleanstore\"""",""\""db-size\"":\""general purpose, d4ds_v4, 4 vcores, 16 gib ram, 670 gib storage, 6400 iops\""""]",0.43246471,0.43246471,USD
rg9999-test-infrastructure,/subscriptions/6276588a-9234-41ee-a81c-7538ea3a817e/resourcegroups/rg9999-test-infrastructure,KioSoft Globalazure  Subscription,6276588a-9234-41ee-a81c-7538ea3a817e,restore-mysql15-prod-market-replica-slowest-utc-20250924212403,/subscriptions/6276588a-9234-41ee-a81c-7538ea3a817e/resourcegroups/rg9999-test-infrastructure/providers/microsoft.dbformysql/flexibleservers/restore-mysql15-prod-market-replica-slowest-utc-20250924212403,Azure Database for MySQL flexible server,US East,"[""\""environment\"":\""production\"""",""\""db-usage\"":\""integration, amusement, coffee\"""",""\""db-size\"":\""general purpose, d2ads_v5, 2 vcores, 8 gib ram, 125 gib storage, 3200 iops\""""]",0.430558357,0.430558357,USD
rg9999-test-infrastructure,/subscriptions/6276588a-9234-41ee-a81c-7538ea3a817e/resourcegroups/rg9999-test-infrastructure,KioSoft Globalazure  Subscription,6276588a-9234-41ee-a81c-7538ea3a817e,restore-mysql15-prod-market-replica-utc-20250924212503,/subscriptions/6276588a-9234-41ee-a81c-7538ea3a817e/resourcegroups/rg9999-test-infrastructure/providers/microsoft.dbformysql/flexibleservers/restore-mysql15-prod-market-replica-utc-20250924212503,Azure Database for MySQL flexible server,US East,"[""\""environment\"":\""production\"""",""\""db-usage\"":\""integration, amusement, coffee\"""",""\""db-size\"":\""general purpose, d2ads_v5, 2 vcores, 8 gib ram, 125 gib storage, 3200 iops\""""]",0.419272459,0.419272459,USD
rg9999-test-infrastructure,/subscriptions/6276588a-9234-41ee-a81c-7538ea3a817e/resourcegroups/rg9999-test-infrastructure,KioSoft Globalazure  Subscription,6276588a-9234-41ee-a81c-7538ea3a817e,restore-mysql14-prod-market-utc-20250924133903,/subscriptions/6276588a-9234-41ee-a81c-7538ea3a817e/resourcegroups/rg9999-test-infrastructure/providers/microsoft.dbformysql/flexibleservers/restore-mysql14-prod-market-utc-20250924133903,Azure Database for MySQL flexible server,US East,"[""\""environment\"":\""production\"""",""\""db-usage\"":\""integration, amusement, coffee\"""",""\""db-size\"":\""general purpose, d4ads_v5, 4 vcores, 16 gib ram, 122 gib storage, 6400 iops\""""]",0.413152415,0.413152415,USD
rg9999-test-infrastructure,/subscriptions/6276588a-9234-41ee-a81c-7538ea3a817e/resourcegroups/rg9999-test-infrastructure,KioSoft Globalazure  Subscription,6276588a-9234-41ee-a81c-7538ea3a817e,restore-mysql10-prod-universal-utc-20250925083203,/subscriptions/6276588a-9234-41ee-a81c-7538ea3a817e/resourcegroups/rg9999-test-infrastructure/providers/microsoft.dbformysql/flexibleservers/restore-mysql10-prod-universal-utc-20250925083203,Azure Database for MySQL flexible server,US East,"[""\""environment\"":\""production\"""",""\""db-size\"":\""general purpose, d2ads_v5, 2 vcores, 8 gib ram, 100 gib storage, 3200 iops\"""",""\""db-usage\"":\""universal\""""]",0.397280827,0.397280827,USD
rg9999-test-infrastructure,/subscriptions/6276588a-9234-41ee-a81c-7538ea3a817e/resourcegroups/rg9999-test-infrastructure,KioSoft Globalazure  Subscription,6276588a-9234-41ee-a81c-7538ea3a817e,snipe-it-ip,/subscriptions/6276588a-9234-41ee-a81c-7538ea3a817e/resourcegroups/rg9999-test-infrastructure/providers/microsoft.network/publicipaddresses/snipe-it-ip,Public IP address,US East,[],0.380004212,0.380004212,USD
rg9999-test-infrastructure,/subscriptions/6276588a-9234-41ee-a81c-7538ea3a817e/resourcegroups/rg9999-test-infrastructure,KioSoft Globalazure  Subscription,6276588a-9234-41ee-a81c-7538ea3a817e,restore-mysql25-prod-olap-utc-20250925030703,/subscriptions/6276588a-9234-41ee-a81c-7538ea3a817e/resourcegroups/rg9999-test-infrastructure/providers/microsoft.dbformysql/flexibleservers/restore-mysql25-prod-olap-utc-20250925030703,Azure Database for MySQL flexible server,US East,"[""\""environment\"":\""production\"""",""\""db-usage\"":\""oalp\"""",""\""db-size\"":\""general purpose, d2ads_v5, 2 vcores, 8 gib ram, 100 gib storage, 3200 iops\""""]",0.362251404,0.362251404,USD
rg9999-test-infrastructure,/subscriptions/6276588a-9234-41ee-a81c-7538ea3a817e/resourcegroups/rg9999-test-infrastructure,KioSoft Globalazure  Subscription,6276588a-9234-41ee-a81c-7538ea3a817e,restore-mysql14-prod-market-slowest-utc-20250924133803,/subscriptions/6276588a-9234-41ee-a81c-7538ea3a817e/resourcegroups/rg9999-test-infrastructure/providers/microsoft.dbformysql/flexibleservers/restore-mysql14-prod-market-slowest-utc-20250924133803,Azure Database for MySQL flexible server,US East,"[""\""environment\"":\""production\"""",""\""db-usage\"":\""integration, amusement, coffee\"""",""\""db-size\"":\""general purpose, d4ads_v5, 4 vcores, 16 gib ram, 122 gib storage, 6400 iops\""""]",0.358635101,0.358635101,USD
rg9999-test-infrastructure,/subscriptions/6276588a-9234-41ee-a81c-7538ea3a817e/resourcegroups/rg9999-test-infrastructure,KioSoft Globalazure  Subscription,6276588a-9234-41ee-a81c-7538ea3a817e,restore-mysql25-prod-olap-slowest-utc-20250925030603,/subscriptions/6276588a-9234-41ee-a81c-7538ea3a817e/resourcegroups/rg9999-test-infrastructure/providers/microsoft.dbformysql/flexibleservers/restore-mysql25-prod-olap-slowest-utc-20250925030603,Azure Database for MySQL flexible server,US East,"[""\""environment\"":\""production\"""",""\""db-size\"":\""general purpose, d2ads_v5, 2 vcores, 8 gib ram, 100 gib storage, 3200 iops\"""",""\""db-usage\"":\""oalp\""""]",0.352556315,0.352556315,USD
rg9999-test-infrastructure,/subscriptions/6276588a-9234-41ee-a81c-7538ea3a817e/resourcegroups/rg9999-test-infrastructure,KioSoft Globalazure  Subscription,6276588a-9234-41ee-a81c-7538ea3a817e,restore-mysql24-prod-modem-utc-20250924232303,/subscriptions/6276588a-9234-41ee-a81c-7538ea3a817e/resourcegroups/rg9999-test-infrastructure/providers/microsoft.dbformysql/flexibleservers/restore-mysql24-prod-modem-utc-20250924232303,Azure Database for MySQL flexible server,US East,"[""\""environment\"":\""production\"""",""\""db-usage\"":\""modem\"""",""\""db-size\"":\""general purpose, d2ads_v5, 2 vcores, 8 gib ram, 100 gib storage, 3200 iops\""""]",0.339224213,0.339224213,USD
rg9999-test-infrastructure,/subscriptions/6276588a-9234-41ee-a81c-7538ea3a817e/resourcegroups/rg9999-test-infrastructure,KioSoft Globalazure  Subscription,6276588a-9234-41ee-a81c-7538ea3a817e,restore-mysql10-prod-universal-slowest-utc-20250925083103,/subscriptions/6276588a-9234-41ee-a81c-7538ea3a817e/resourcegroups/rg9999-test-infrastructure/providers/microsoft.dbformysql/flexibleservers/restore-mysql10-prod-universal-slowest-utc-20250925083103,Azure Database for MySQL flexible server,US East,"[""\""environment\"":\""production\"""",""\""db-size\"":\""general purpose, d2ads_v5, 2 vcores, 8 gib ram, 100 gib storage, 3200 iops\"""",""\""db-usage\"":\""universal\""""]",0.322001248,0.322001248,USD
rg9999-test-infrastructure,/subscriptions/6276588a-9234-41ee-a81c-7538ea3a817e/resourcegroups/rg9999-test-infrastructure,KioSoft Globalazure  Subscription,6276588a-9234-41ee-a81c-7538ea3a817e,restore-mysql24-prod-modem-slowest-utc-20250924232203,/subscriptions/6276588a-9234-41ee-a81c-7538ea3a817e/resourcegroups/rg9999-test-infrastructure/providers/microsoft.dbformysql/flexibleservers/restore-mysql24-prod-modem-slowest-utc-20250924232203,Azure Database for MySQL flexible server,US East,"[""\""environment\"":\""production\"""",""\""db-size\"":\""general purpose, d2ads_v5, 2 vcores, 8 gib ram, 100 gib storage, 3200 iops\"""",""\""db-usage\"":\""modem\""""]",0.295086106,0.295086106,USD
rg9999-test-infrastructure,/subscriptions/6276588a-9234-41ee-a81c-7538ea3a817e/resourcegroups/rg9999-test-infrastructure,KioSoft Globalazure  Subscription,6276588a-9234-41ee-a81c-7538ea3a817e,lb-test-internal,/subscriptions/6276588a-9234-41ee-a81c-7538ea3a817e/resourcegroups/rg9999-test-infrastructure/providers/microsoft.network/loadbalancers/lb-test-internal,Load balancer,US East,[],0.025000991,0.025000991,USD
rg9999-test-infrastructure,/subscriptions/6276588a-9234-41ee-a81c-7538ea3a817e/resourcegroups/rg9999-test-infrastructure,KioSoft Globalazure  Subscription,6276588a-9234-41ee-a81c-7538ea3a817e,vm-cpu-memory-alert,/subscriptions/6276588a-9234-41ee-a81c-7538ea3a817e/resourcegroups/rg9999-test-infrastructure/providers/microsoft.insights/metricalerts/vm-cpu-memory-alert,microsoft.insights/metricalerts,Unknown,[],0.01690481,0.01690481,USD
rg9999-test-infrastructure,/subscriptions/6276588a-9234-41ee-a81c-7538ea3a817e/resourcegroups/rg9999-test-infrastructure,KioSoft Globalazure  Subscription,6276588a-9234-41ee-a81c-7538ea3a817e,restore-universal-web02,/subscriptions/6276588a-9234-41ee-a81c-7538ea3a817e/resourcegroups/rg9999-test-infrastructure/providers/microsoft.compute/virtualmachines/restore-universal-web02,Virtual machine,US East,"[""\""environment\"":\""production\"""",""\""product\"":\""universal - web02\"""",""\""publisher\"":\""openlogic\""""]",2.18081E-05,2.18081E-05,USD
rg9999-test-infrastructure,/subscriptions/6276588a-9234-41ee-a81c-7538ea3a817e/resourcegroups/rg9999-test-infrastructure,KioSoft Globalazure  Subscription,6276588a-9234-41ee-a81c-7538ea3a817e,restore-universal-web01,/subscriptions/6276588a-9234-41ee-a81c-7538ea3a817e/resourcegroups/rg9999-test-infrastructure/providers/microsoft.compute/virtualmachines/restore-universal-web01,Virtual machine,US East,"[""\""environment\"":\""production\"""",""\""product\"":\""universal - web01\"""",""\""publisher\"":\""openlogic\""""]",6.94709E-06,6.94709E-06,USD
rg9999-test-infrastructure,/subscriptions/6276588a-9234-41ee-a81c-7538ea3a817e/resourcegroups/rg9999-test-infrastructure,KioSoft Globalazure  Subscription,6276588a-9234-41ee-a81c-7538ea3a817e,sa9998restoresouth,/subscriptions/6276588a-9234-41ee-a81c-7538ea3a817e/resourcegroups/rg9999-test-infrastructure/providers/microsoft.storage/storageaccounts/sa9998restoresouth,Storage account,US South Central,[],3.00105E-07,3.00105E-07,USD
rg9999-test-infrastructure,/subscriptions/6276588a-9234-41ee-a81c-7538ea3a817e/resourcegroups/rg9999-test-infrastructure,KioSoft Globalazure  Subscription,6276588a-9234-41ee-a81c-7538ea3a817e,sa9997eastus2,/subscriptions/6276588a-9234-41ee-a81c-7538ea3a817e/resourcegroups/rg9999-test-infrastructure/providers/microsoft.storage/storageaccounts/sa9997eastus2,Storage account,US East 2,[],0,0,USD
rg9999-test-infrastructure,/subscriptions/6276588a-9234-41ee-a81c-7538ea3a817e/resourcegroups/rg9999-test-infrastructure,KioSoft Globalazure  Subscription,6276588a-9234-41ee-a81c-7538ea3a817e,sa9999restorecentral,/subscriptions/6276588a-9234-41ee-a81c-7538ea3a817e/resourcegroups/rg9999-test-infrastructure/providers/microsoft.storage/storageaccounts/sa9999restorecentral,Storage account,US Central,[],0,0,USD
rg54-prod-tcn,/subscriptions/6276588a-9234-41ee-a81c-7538ea3a817e/resourcegroups/rg54-prod-tcn,KioSoft Globalazure  Subscription,6276588a-9234-41ee-a81c-7538ea3a817e,vm127-prod-tcn,/subscriptions/6276588a-9234-41ee-a81c-7538ea3a817e/resourcegroups/rg54-prod-tcn/providers/microsoft.compute/virtualmachines/vm127-prod-tcn,Virtual machine,"US East, Intercontinental","[""\""environment\"":\""production\"""",""\""product\"":\""internal - tcn\"""",""\""publisher\"":\""microsoftwindowsserver\""""]",147.6954883,147.6954883,USD
rg54-prod-tcn,/subscriptions/6276588a-9234-41ee-a81c-7538ea3a817e/resourcegroups/rg54-prod-tcn,KioSoft Globalazure  Subscription,6276588a-9234-41ee-a81c-7538ea3a817e,vm127-prod-tcn_osdisk_1_b08e2fba98cb40e38e775fed78d75726,/subscriptions/6276588a-9234-41ee-a81c-7538ea3a817e/resourcegroups/rg54-prod-tcn/providers/microsoft.compute/disks/vm127-prod-tcn_osdisk_1_b08e2fba98cb40e38e775fed78d75726,Disk,US East,[],71.64398129,71.64398129,USD
rg54-prod-tcn,/subscriptions/6276588a-9234-41ee-a81c-7538ea3a817e/resourcegroups/rg54-prod-tcn,KioSoft Globalazure  Subscription,6276588a-9234-41ee-a81c-7538ea3a817e,vm127-prod-tcn,/subscriptions/6276588a-9234-41ee-a81c-7538ea3a817e/resourcegroups/rg54-prod-tcn/providers/microsoft.compute/virtualmachines/vm127-prod-tcn/sqlexpress,Virtual machine,US East,[],14.51500784,14.51500784,USD
rg54-prod-tcn,/subscriptions/6276588a-9234-41ee-a81c-7538ea3a817e/resourcegroups/rg54-prod-tcn,KioSoft Globalazure  Subscription,6276588a-9234-41ee-a81c-7538ea3a817e,pip158-vm127-prod-tcn,/subscriptions/6276588a-9234-41ee-a81c-7538ea3a817e/resourcegroups/rg54-prod-tcn/providers/microsoft.network/publicipaddresses/pip158-vm127-prod-tcn,Public IP address,US East,[],3.600039685,3.600039685,USD
sage300c_v2022,/subscriptions/6276588a-9234-41ee-a81c-7538ea3a817e/resourcegroups/sage300c_v2022,KioSoft Globalazure  Subscription,6276588a-9234-41ee-a81c-7538ea3a817e,prod-sage-db01,/subscriptions/6276588a-9234-41ee-a81c-7538ea3a817e/resourcegroups/sage300c_v2022/providers/microsoft.compute/virtualmachines/prod-sage-db01,Virtual machine,"US East, Intercontinental","[""\""environment\"":\""production\"""",""\""product\"":\""internal - sage\"""",""\""publisher\"":\""microsoftwindowsserver\""""]",147.0138495,147.0138495,USD
sage300c_v2022,/subscriptions/6276588a-9234-41ee-a81c-7538ea3a817e/resourcegroups/sage300c_v2022,KioSoft Globalazure  Subscription,6276588a-9234-41ee-a81c-7538ea3a817e,prod-sage-db01_osdisk_1_6b2c346cebe44aab9278af1c3b66f401,/subscriptions/6276588a-9234-41ee-a81c-7538ea3a817e/resourcegroups/sage300c_v2022/providers/microsoft.compute/disks/prod-sage-db01_osdisk_1_6b2c346cebe44aab9278af1c3b66f401,Disk,US East,[],71.64398129,71.64398129,USD
sage300c_v2022,/subscriptions/6276588a-9234-41ee-a81c-7538ea3a817e/resourcegroups/sage300c_v2022,KioSoft Globalazure  Subscription,6276588a-9234-41ee-a81c-7538ea3a817e,prod-sage-db01,/subscriptions/6276588a-9234-41ee-a81c-7538ea3a817e/resourcegroups/sage300c_v2022/providers/microsoft.compute/virtualmachines/prod-sage-db01/mssqlserver,Virtual machine,US East,[],14.51500784,14.51500784,USD
sage300c_v2022,/subscriptions/6276588a-9234-41ee-a81c-7538ea3a817e/resourcegroups/sage300c_v2022,KioSoft Globalazure  Subscription,6276588a-9234-41ee-a81c-7538ea3a817e,prodsagedb01ip411,/subscriptions/6276588a-9234-41ee-a81c-7538ea3a817e/resourcegroups/sage300c_v2022/providers/microsoft.network/publicipaddresses/prodsagedb01ip411,Public IP address,US East,[],3.600039685,3.600039685,USD
mc_rg20007-prod-kiocentral-aks_aks20000-prod-kiocentral_eastus,/subscriptions/6276588a-9234-41ee-a81c-7538ea3a817e/resourcegroups/mc_rg20007-prod-kiocentral-aks_aks20000-prod-kiocentral_eastus,KioSoft Globalazure  Subscription,6276588a-9234-41ee-a81c-7538ea3a817e,kubernetes,/subscriptions/6276588a-9234-41ee-a81c-7538ea3a817e/resourcegroups/mc_rg20007-prod-kiocentral-aks_aks20000-prod-kiocentral_eastus/providers/microsoft.network/loadbalancers/kubernetes,Load balancer,US East,"[""\""aks-managed-cluster-name\"":\""aks20000-prod-kiocentral\"""",""\""aks-managed-cluster-rg\"":\""rg20007-prod-kiocentral-aks\""""]",41.95418243,41.95418243,USD
mc_rg20007-prod-kiocentral-aks_aks20000-prod-kiocentral_eastus,/subscriptions/6276588a-9234-41ee-a81c-7538ea3a817e/resourcegroups/mc_rg20007-prod-kiocentral-aks_aks20000-prod-kiocentral_eastus,KioSoft Globalazure  Subscription,6276588a-9234-41ee-a81c-7538ea3a817e,ff5c9fa757a8e4a31ab7f6e,/subscriptions/6276588a-9234-41ee-a81c-7538ea3a817e/resourcegroups/mc_rg20007-prod-kiocentral-aks_aks20000-prod-kiocentral_eastus/providers/microsoft.storage/storageaccounts/ff5c9fa757a8e4a31ab7f6e,Storage account,US East,"[""\""k8s-azure-created-by\"":\""azure\""""]",41.26822797,41.26822797,USD
mc_rg20007-prod-kiocentral-aks_aks20000-prod-kiocentral_eastus,/subscriptions/6276588a-9234-41ee-a81c-7538ea3a817e/resourcegroups/mc_rg20007-prod-kiocentral-aks_aks20000-prod-kiocentral_eastus,KioSoft Globalazure  Subscription,6276588a-9234-41ee-a81c-7538ea3a817e,aks-agentpool-124070aks-agentpool-1240702os__1_e26676ec8d1643a7a79695c0fc57cd42,/subscriptions/6276588a-9234-41ee-a81c-7538ea3a817e/resourcegroups/mc_rg20007-prod-kiocentral-aks_aks20000-prod-kiocentral_eastus/providers/microsoft.compute/disks/aks-agentpool-124070aks-agentpool-1240702os__1_e26676ec8d1643a7a79695c0fc57cd42,Disk,US East,"[""\""aks-managed-bootstrap-profile-acr-name\"":\"""",""\""aks-managed-consolidated-additional-properties\"":\""fe7c9ba2-879d-11f0-8895-f69b8d46e55c\"""",""\""aks-managed-createoperationid\"":\""babe9ed8-8fe4-4f8b-b793-1cefb1e5d3b7\"""",""\""aks-managed-creationsource\"":\""vmssclient-aks-agentpool-12407023-vmss\"""",""\""aks-managed-enable-imds-restriction\"":\""false\"""",""\""aks-managed-kubeletidentityclientid\"":\""3e2c3798-1c31-4385-b483-d0e8956ea585\"""",""\""aks-managed-networkisolated-outbound-type\"":\"""",""\""aks-managed-orchestrator\"":\""kubernetes:1.33.2\"""",""\""aks-managed-poolname\"":\""agentpool\"""",""\""aks-managed-resourcenamesuffix\"":\""24917981\"""",""\""aks-managed-ssh-access\"":\""localuser\"""",""\""aks-managed-coordination\"":\""true\""""]",19.28583596,19.28583596,USD
mc_rg20007-prod-kiocentral-aks_aks20000-prod-kiocentral_eastus,/subscriptions/6276588a-9234-41ee-a81c-7538ea3a817e/resourcegroups/mc_rg20007-prod-kiocentral-aks_aks20000-prod-kiocentral_eastus,KioSoft Globalazure  Subscription,6276588a-9234-41ee-a81c-7538ea3a817e,aks-agentpool-124070aks-agentpool-1240702os__1_fa5179932c094aa09d6a6fecba69ccab,/subscriptions/6276588a-9234-41ee-a81c-7538ea3a817e/resourcegroups/mc_rg20007-prod-kiocentral-aks_aks20000-prod-kiocentral_eastus/providers/microsoft.compute/disks/aks-agentpool-124070aks-agentpool-1240702os__1_fa5179932c094aa09d6a6fecba69ccab,Disk,US East,"[""\""aks-managed-bootstrap-profile-acr-name\"":\"""",""\""aks-managed-consolidated-additional-properties\"":\""fe7c9ba2-879d-11f0-8895-f69b8d46e55c\"""",""\""aks-managed-createoperationid\"":\""babe9ed8-8fe4-4f8b-b793-1cefb1e5d3b7\"""",""\""aks-managed-creationsource\"":\""vmssclient-aks-agentpool-12407023-vmss\"""",""\""aks-managed-enable-imds-restriction\"":\""false\"""",""\""aks-managed-kubeletidentityclientid\"":\""3e2c3798-1c31-4385-b483-d0e8956ea585\"""",""\""aks-managed-networkisolated-outbound-type\"":\"""",""\""aks-managed-orchestrator\"":\""kubernetes:1.33.2\"""",""\""aks-managed-poolname\"":\""agentpool\"""",""\""aks-managed-resourcenamesuffix\"":\""24917981\"""",""\""aks-managed-ssh-access\"":\""localuser\"""",""\""aks-managed-coordination\"":\""true\""""]",19.28583596,19.28583596,USD
mc_rg20007-prod-kiocentral-aks_aks20000-prod-kiocentral_eastus,/subscriptions/6276588a-9234-41ee-a81c-7538ea3a817e/resourcegroups/mc_rg20007-prod-kiocentral-aks_aks20000-prod-kiocentral_eastus,KioSoft Globalazure  Subscription,6276588a-9234-41ee-a81c-7538ea3a817e,aks-e2asv4pool-31020aks-e2asv4pool-310200os__1_110cd2f919104b56830b7a3fa60ebbeb,/subscriptions/6276588a-9234-41ee-a81c-7538ea3a817e/resourcegroups/mc_rg20007-prod-kiocentral-aks_aks20000-prod-kiocentral_eastus/providers/microsoft.compute/disks/aks-e2asv4pool-31020aks-e2asv4pool-310200os__1_110cd2f919104b56830b7a3fa60ebbeb,Disk,US East,"[""\""aks-managed-bootstrap-profile-acr-name\"":\"""",""\""aks-managed-consolidated-additional-properties\"":\""0f88922c-8ee0-11f0-a407-6a72cca1037c\"""",""\""aks-managed-createoperationid\"":\""0adf93d4-4943-4eb8-8e82-b9062059df03\"""",""\""aks-managed-creationsource\"":\""vmssclient-aks-e2asv4pool-31020068-vmss\"""",""\""aks-managed-enable-imds-restriction\"":\""false\"""",""\""aks-managed-kubeletidentityclientid\"":\""3e2c3798-1c31-4385-b483-d0e8956ea585\"""",""\""aks-managed-networkisolated-outbound-type\"":\"""",""\""aks-managed-orchestrator\"":\""kubernetes:1.33.2\"""",""\""aks-managed-poolname\"":\""e2asv4pool\"""",""\""aks-managed-resourcenamesuffix\"":\""24917981\"""",""\""aks-managed-ssh-access\"":\""localuser\""""]",19.28583596,19.28583596,USD
mc_rg20007-prod-kiocentral-aks_aks20000-prod-kiocentral_eastus,/subscriptions/6276588a-9234-41ee-a81c-7538ea3a817e/resourcegroups/mc_rg20007-prod-kiocentral-aks_aks20000-prod-kiocentral_eastus,KioSoft Globalazure  Subscription,6276588a-9234-41ee-a81c-7538ea3a817e,aks-e2asv4pool-31020aks-e2asv4pool-310200os__1_8157d663eb40472f8f0da43be164d201,/subscriptions/6276588a-9234-41ee-a81c-7538ea3a817e/resourcegroups/mc_rg20007-prod-kiocentral-aks_aks20000-prod-kiocentral_eastus/providers/microsoft.compute/disks/aks-e2asv4pool-31020aks-e2asv4pool-310200os__1_8157d663eb40472f8f0da43be164d201,Disk,US East,"[""\""aks-managed-bootstrap-profile-acr-name\"":\"""",""\""aks-managed-consolidated-additional-properties\"":\""0f88922c-8ee0-11f0-a407-6a72cca1037c\"""",""\""aks-managed-createoperationid\"":\""0adf93d4-4943-4eb8-8e82-b9062059df03\"""",""\""aks-managed-creationsource\"":\""vmssclient-aks-e2asv4pool-31020068-vmss\"""",""\""aks-managed-enable-imds-restriction\"":\""false\"""",""\""aks-managed-kubeletidentityclientid\"":\""3e2c3798-1c31-4385-b483-d0e8956ea585\"""",""\""aks-managed-networkisolated-outbound-type\"":\"""",""\""aks-managed-orchestrator\"":\""kubernetes:1.33.2\"""",""\""aks-managed-poolname\"":\""e2asv4pool\"""",""\""aks-managed-resourcenamesuffix\"":\""24917981\"""",""\""aks-managed-ssh-access\"":\""localuser\""""]",19.28583596,19.28583596,USD
mc_rg20007-prod-kiocentral-aks_aks20000-prod-kiocentral_eastus,/subscriptions/6276588a-9234-41ee-a81c-7538ea3a817e/resourcegroups/mc_rg20007-prod-kiocentral-aks_aks20000-prod-kiocentral_eastus,KioSoft Globalazure  Subscription,6276588a-9234-41ee-a81c-7538ea3a817e,aks-e2asv4pool-31020068-vmss / 0,/subscriptions/6276588a-9234-41ee-a81c-7538ea3a817e/resourcegroups/mc_rg20007-prod-kiocentral-aks_aks20000-prod-kiocentral_eastus/providers/microsoft.compute/virtualmachinescalesets/aks-e2asv4pool-31020068-vmss/virtualmachines/0,Virtual machine scale set instance,US East,"[""\""aks-managed-bootstrap-profile-acr-name\"":\"""",""\""aks-managed-consolidated-additional-properties\"":\""0f88922c-8ee0-11f0-a407-6a72cca1037c\"""",""\""aks-managed-createoperationid\"":\""0adf93d4-4943-4eb8-8e82-b9062059df03\"""",""\""aks-managed-creationsource\"":\""vmssclient-aks-e2asv4pool-31020068-vmss\"""",""\""aks-managed-enable-imds-restriction\"":\""false\"""",""\""aks-managed-kubeletidentityclientid\"":\""3e2c3798-1c31-4385-b483-d0e8956ea585\"""",""\""aks-managed-networkisolated-outbound-type\"":\"""",""\""aks-managed-orchestrator\"":\""kubernetes:1.33.2\"""",""\""aks-managed-poolname\"":\""e2asv4pool\"""",""\""aks-managed-resourcenamesuffix\"":\""24917981\"""",""\""aks-managed-ssh-access\"":\""localuser\""""]",14.4,14.4,USD
mc_rg20007-prod-kiocentral-aks_aks20000-prod-kiocentral_eastus,/subscriptions/6276588a-9234-41ee-a81c-7538ea3a817e/resourcegroups/mc_rg20007-prod-kiocentral-aks_aks20000-prod-kiocentral_eastus,KioSoft Globalazure  Subscription,6276588a-9234-41ee-a81c-7538ea3a817e,aks-e2asv4pool-31020068-vmss / 1,/subscriptions/6276588a-9234-41ee-a81c-7538ea3a817e/resourcegroups/mc_rg20007-prod-kiocentral-aks_aks20000-prod-kiocentral_eastus/providers/microsoft.compute/virtualmachinescalesets/aks-e2asv4pool-31020068-vmss/virtualmachines/1,Virtual machine scale set instance,US East,"[""\""aks-managed-bootstrap-profile-acr-name\"":\"""",""\""aks-managed-consolidated-additional-properties\"":\""0f88922c-8ee0-11f0-a407-6a72cca1037c\"""",""\""aks-managed-createoperationid\"":\""0adf93d4-4943-4eb8-8e82-b9062059df03\"""",""\""aks-managed-creationsource\"":\""vmssclient-aks-e2asv4pool-31020068-vmss\"""",""\""aks-managed-enable-imds-restriction\"":\""false\"""",""\""aks-managed-kubeletidentityclientid\"":\""3e2c3798-1c31-4385-b483-d0e8956ea585\"""",""\""aks-managed-networkisolated-outbound-type\"":\"""",""\""aks-managed-orchestrator\"":\""kubernetes:1.33.2\"""",""\""aks-managed-poolname\"":\""e2asv4pool\"""",""\""aks-managed-resourcenamesuffix\"":\""24917981\"""",""\""aks-managed-ssh-access\"":\""localuser\""""]",14.4,14.4,USD
mc_rg20007-prod-kiocentral-aks_aks20000-prod-kiocentral_eastus,/subscriptions/6276588a-9234-41ee-a81c-7538ea3a817e/resourcegroups/mc_rg20007-prod-kiocentral-aks_aks20000-prod-kiocentral_eastus,KioSoft Globalazure  Subscription,6276588a-9234-41ee-a81c-7538ea3a817e,aks-agentpool-12407023-vmss / 0,/subscriptions/6276588a-9234-41ee-a81c-7538ea3a817e/resourcegroups/mc_rg20007-prod-kiocentral-aks_aks20000-prod-kiocentral_eastus/providers/microsoft.compute/virtualmachinescalesets/aks-agentpool-12407023-vmss/virtualmachines/0,Virtual machine scale set instance,US East,"[""\""aks-managed-bootstrap-profile-acr-name\"":\"""",""\""aks-managed-consolidated-additional-properties\"":\""fe7c9ba2-879d-11f0-8895-f69b8d46e55c\"""",""\""aks-managed-createoperationid\"":\""babe9ed8-8fe4-4f8b-b793-1cefb1e5d3b7\"""",""\""aks-managed-creationsource\"":\""vmssclient-aks-agentpool-12407023-vmss\"""",""\""aks-managed-enable-imds-restriction\"":\""false\"""",""\""aks-managed-kubeletidentityclientid\"":\""3e2c3798-1c31-4385-b483-d0e8956ea585\"""",""\""aks-managed-networkisolated-outbound-type\"":\"""",""\""aks-managed-orchestrator\"":\""kubernetes:1.33.2\"""",""\""aks-managed-poolname\"":\""agentpool\"""",""\""aks-managed-resourcenamesuffix\"":\""24917981\"""",""\""aks-managed-ssh-access\"":\""localuser\""""]",14.38,14.38,USD
mc_rg20007-prod-kiocentral-aks_aks20000-prod-kiocentral_eastus,/subscriptions/6276588a-9234-41ee-a81c-7538ea3a817e/resourcegroups/mc_rg20007-prod-kiocentral-aks_aks20000-prod-kiocentral_eastus,KioSoft Globalazure  Subscription,6276588a-9234-41ee-a81c-7538ea3a817e,aks-agentpool-12407023-vmss / 1,/subscriptions/6276588a-9234-41ee-a81c-7538ea3a817e/resourcegroups/mc_rg20007-prod-kiocentral-aks_aks20000-prod-kiocentral_eastus/providers/microsoft.compute/virtualmachinescalesets/aks-agentpool-12407023-vmss/virtualmachines/1,Virtual machine scale set instance,US East,"[""\""aks-managed-bootstrap-profile-acr-name\"":\"""",""\""aks-managed-consolidated-additional-properties\"":\""fe7c9ba2-879d-11f0-8895-f69b8d46e55c\"""",""\""aks-managed-createoperationid\"":\""babe9ed8-8fe4-4f8b-b793-1cefb1e5d3b7\"""",""\""aks-managed-creationsource\"":\""vmssclient-aks-agentpool-12407023-vmss\"""",""\""aks-managed-enable-imds-restriction\"":\""false\"""",""\""aks-managed-kubeletidentityclientid\"":\""3e2c3798-1c31-4385-b483-d0e8956ea585\"""",""\""aks-managed-networkisolated-outbound-type\"":\"""",""\""aks-managed-orchestrator\"":\""kubernetes:1.33.2\"""",""\""aks-managed-poolname\"":\""agentpool\"""",""\""aks-managed-resourcenamesuffix\"":\""24917981\"""",""\""aks-managed-ssh-access\"":\""localuser\""""]",14.38,14.38,USD
mc_rg20007-prod-kiocentral-aks_aks20000-prod-kiocentral_eastus,/subscriptions/6276588a-9234-41ee-a81c-7538ea3a817e/resourcegroups/mc_rg20007-prod-kiocentral-aks_aks20000-prod-kiocentral_eastus,KioSoft Globalazure  Subscription,6276588a-9234-41ee-a81c-7538ea3a817e,02559940-92d3-4914-b3ac-cc3365d2bb2b,/subscriptions/6276588a-9234-41ee-a81c-7538ea3a817e/resourcegroups/mc_rg20007-prod-kiocentral-aks_aks20000-prod-kiocentral_eastus/providers/microsoft.network/publicipaddresses/02559940-92d3-4914-b3ac-cc3365d2bb2b,Public IP address,US East,"[""\""aks-managed-cluster-name\"":\""aks20000-prod-kiocentral\"""",""\""aks-managed-cluster-rg\"":\""rg20007-prod-kiocentral-aks\"""",""\""aks-managed-type\"":\""aks-slb-managed-outbound-ip\""""]",3.600039685,3.600039685,USD
mc_rg20007-prod-kiocentral-aks_aks20000-prod-kiocentral_eastus,/subscriptions/6276588a-9234-41ee-a81c-7538ea3a817e/resourcegroups/mc_rg20007-prod-kiocentral-aks_aks20000-prod-kiocentral_eastus,KioSoft Globalazure  Subscription,6276588a-9234-41ee-a81c-7538ea3a817e,kubernetes-a3d3323bd21bb4fe1bf240028f83e7eb,/subscriptions/6276588a-9234-41ee-a81c-7538ea3a817e/resourcegroups/mc_rg20007-prod-kiocentral-aks_aks20000-prod-kiocentral_eastus/providers/microsoft.network/publicipaddresses/kubernetes-a3d3323bd21bb4fe1bf240028f83e7eb,Public IP address,US East,"[""\""aks-managed-cluster-name\"":\""aks20000-prod-kiocentral\"""",""\""aks-managed-cluster-rg\"":\""rg20007-prod-kiocentral-aks\"""",""\""k8s-azure-cluster-name\"":\""kubernetes\"""",""\""k8s-azure-service\"":\""istio-system/istio-ingressgateway\""""]",3.600039685,3.600039685,USD
mc_rg20007-prod-kiocentral-aks_aks20000-prod-kiocentral_eastus,/subscriptions/6276588a-9234-41ee-a81c-7538ea3a817e/resourcegroups/mc_rg20007-prod-kiocentral-aks_aks20000-prod-kiocentral_eastus,KioSoft Globalazure  Subscription,6276588a-9234-41ee-a81c-7538ea3a817e,kubernetes-ae3659d744daf4a81b25ef73b1899182,/subscriptions/6276588a-9234-41ee-a81c-7538ea3a817e/resourcegroups/mc_rg20007-prod-kiocentral-aks_aks20000-prod-kiocentral_eastus/providers/microsoft.network/publicipaddresses/kubernetes-ae3659d744daf4a81b25ef73b1899182,Public IP address,US East,"[""\""aks-managed-cluster-name\"":\""aks20000-prod-kiocentral\"""",""\""aks-managed-cluster-rg\"":\""rg20007-prod-kiocentral-aks\"""",""\""k8s-azure-cluster-name\"":\""kubernetes\"""",""\""k8s-azure-service\"":\""prod-tools/nginx-proxy\""""]",3.600039685,3.600039685,USD
mc_rg20007-prod-kiocentral-aks_aks20000-prod-kiocentral_eastus,/subscriptions/6276588a-9234-41ee-a81c-7538ea3a817e/resourcegroups/mc_rg20007-prod-kiocentral-aks_aks20000-prod-kiocentral_eastus,KioSoft Globalazure  Subscription,6276588a-9234-41ee-a81c-7538ea3a817e,pvc-ad01910c-3bac-4eaa-ac2a-f93d7a33d801,/subscriptions/6276588a-9234-41ee-a81c-7538ea3a817e/resourcegroups/mc_rg20007-prod-kiocentral-aks_aks20000-prod-kiocentral_eastus/providers/microsoft.compute/disks/pvc-ad01910c-3bac-4eaa-ac2a-f93d7a33d801,Disk,US East,"[""\""k8s-azure-created-by\"":\""kubernetes-azure-dd\"""",""\""kubernetes.io-created-for-pv-name\"":\""pvc-ad01910c-3bac-4eaa-ac2a-f93d7a33d801\"""",""\""kubernetes.io-created-for-pvc-name\"":\""storage-loki-0\"""",""\""kubernetes.io-created-for-pvc-namespace\"":\""istio-system\""""]",1.89941067,1.89941067,USD
mc_rg20007-prod-kiocentral-aks_aks20000-prod-kiocentral_eastus,/subscriptions/6276588a-9234-41ee-a81c-7538ea3a817e/resourcegroups/mc_rg20007-prod-kiocentral-aks_aks20000-prod-kiocentral_eastus,KioSoft Globalazure  Subscription,6276588a-9234-41ee-a81c-7538ea3a817e,pvc-332b90cc-bd80-4861-b4fe-404433360355,/subscriptions/6276588a-9234-41ee-a81c-7538ea3a817e/resourcegroups/mc_rg20007-prod-kiocentral-aks_aks20000-prod-kiocentral_eastus/providers/microsoft.compute/disks/pvc-332b90cc-bd80-4861-b4fe-404433360355,Disk,US East,"[""\""k8s-azure-created-by\"":\""kubernetes-azure-dd\"""",""\""kubernetes.io-created-for-pv-name\"":\""pvc-332b90cc-bd80-4861-b4fe-404433360355\"""",""\""kubernetes.io-created-for-pvc-name\"":\""prometheus-prod-pvc-rwo-lrs\"""",""\""kubernetes.io-created-for-pvc-namespace\"":\""istio-system\""""]",0.382143608,0.382143608,USD
mc_rg20007-prod-kiocentral-aks_aks20000-prod-kiocentral_eastus,/subscriptions/6276588a-9234-41ee-a81c-7538ea3a817e/resourcegroups/mc_rg20007-prod-kiocentral-aks_aks20000-prod-kiocentral_eastus,KioSoft Globalazure  Subscription,6276588a-9234-41ee-a81c-7538ea3a817e,pvc-ee264443-0d0e-48d6-ba21-acd9c0b763f2,/subscriptions/6276588a-9234-41ee-a81c-7538ea3a817e/resourcegroups/mc_rg20007-prod-kiocentral-aks_aks20000-prod-kiocentral_eastus/providers/microsoft.compute/disks/pvc-ee264443-0d0e-48d6-ba21-acd9c0b763f2,Disk,US East,"[""\""k8s-azure-created-by\"":\""kubernetes-azure-dd\"""",""\""kubernetes.io-created-for-pv-name\"":\""pvc-ee264443-0d0e-48d6-ba21-acd9c0b763f2\"""",""\""kubernetes.io-created-for-pvc-name\"":\""prometheus-pvc-rwo-lrs\"""",""\""kubernetes.io-created-for-pvc-namespace\"":\""istio-system\""""]",0.173185877,0.173185877,USD
mc_rg20007-prod-kiocentral-aks_aks20000-prod-kiocentral_eastus,/subscriptions/6276588a-9234-41ee-a81c-7538ea3a817e/resourcegroups/mc_rg20007-prod-kiocentral-aks_aks20000-prod-kiocentral_eastus,KioSoft Globalazure  Subscription,6276588a-9234-41ee-a81c-7538ea3a817e,aks-e2asv4pool-31020068-vmss,/subscriptions/6276588a-9234-41ee-a81c-7538ea3a817e/resourcegroups/mc_rg20007-prod-kiocentral-aks_aks20000-prod-kiocentral_eastus/providers/microsoft.compute/virtualmachinescalesets/aks-e2asv4pool-31020068-vmss,Virtual machine scale set,"US East, Intercontinental","[""\""aks-managed-bootstrap-profile-acr-name\"":\"""",""\""aks-managed-consolidated-additional-properties\"":\""0f88922c-8ee0-11f0-a407-6a72cca1037c\"""",""\""aks-managed-createoperationid\"":\""0adf93d4-4943-4eb8-8e82-b9062059df03\"""",""\""aks-managed-creationsource\"":\""vmssclient-aks-e2asv4pool-31020068-vmss\"""",""\""aks-managed-enable-imds-restriction\"":\""false\"""",""\""aks-managed-kubeletidentityclientid\"":\""3e2c3798-1c31-4385-b483-d0e8956ea585\"""",""\""aks-managed-networkisolated-outbound-type\"":\"""",""\""aks-managed-orchestrator\"":\""kubernetes:1.33.2\"""",""\""aks-managed-poolname\"":\""e2asv4pool\"""",""\""aks-managed-resourcenamesuffix\"":\""24917981\"""",""\""aks-managed-ssh-access\"":\""localuser\"""",""\""aks-managed-networkisolated-outbound-type\"":\""\""""]",0.149686677,0.149686677,USD
mc_rg20007-prod-kiocentral-aks_aks20000-prod-kiocentral_eastus,/subscriptions/6276588a-9234-41ee-a81c-7538ea3a817e/resourcegroups/mc_rg20007-prod-kiocentral-aks_aks20000-prod-kiocentral_eastus,KioSoft Globalazure  Subscription,6276588a-9234-41ee-a81c-7538ea3a817e,pvc-dc92159c-cbf0-4d62-a194-07d4aa78c603,/subscriptions/6276588a-9234-41ee-a81c-7538ea3a817e/resourcegroups/mc_rg20007-prod-kiocentral-aks_aks20000-prod-kiocentral_eastus/providers/microsoft.compute/disks/pvc-dc92159c-cbf0-4d62-a194-07d4aa78c603,Disk,US East,"[""\""kubernetes.io-created-for-pv-name\"":\""pvc-dc92159c-cbf0-4d62-a194-07d4aa78c603\"""",""\""kubernetes.io-created-for-pvc-name\"":\""prometheus-pvc-rwo\"""",""\""kubernetes.io-created-for-pvc-namespace\"":\""istio-system\"""",""\""k8s-azure-created-by\"":\""kubernetes-azure-dd\""""]",0.023698857,0.023698857,USD
mc_rg20007-prod-kiocentral-aks_aks20000-prod-kiocentral_eastus,/subscriptions/6276588a-9234-41ee-a81c-7538ea3a817e/resourcegroups/mc_rg20007-prod-kiocentral-aks_aks20000-prod-kiocentral_eastus,KioSoft Globalazure  Subscription,6276588a-9234-41ee-a81c-7538ea3a817e,aks-agentpool-12407023-vmss,/subscriptions/6276588a-9234-41ee-a81c-7538ea3a817e/resourcegroups/mc_rg20007-prod-kiocentral-aks_aks20000-prod-kiocentral_eastus/providers/microsoft.compute/virtualmachinescalesets/aks-agentpool-12407023-vmss,Virtual machine scale set,"US East, Intercontinental","[""\""aks-managed-bootstrap-profile-acr-name\"":\"""",""\""aks-managed-consolidated-additional-properties\"":\""fe7c9ba2-879d-11f0-8895-f69b8d46e55c\"""",""\""aks-managed-createoperationid\"":\""babe9ed8-8fe4-4f8b-b793-1cefb1e5d3b7\"""",""\""aks-managed-creationsource\"":\""vmssclient-aks-agentpool-12407023-vmss\"""",""\""aks-managed-enable-imds-restriction\"":\""false\"""",""\""aks-managed-kubeletidentityclientid\"":\""3e2c3798-1c31-4385-b483-d0e8956ea585\"""",""\""aks-managed-networkisolated-outbound-type\"":\"""",""\""aks-managed-orchestrator\"":\""kubernetes:1.33.2\"""",""\""aks-managed-poolname\"":\""agentpool\"""",""\""aks-managed-resourcenamesuffix\"":\""24917981\"""",""\""aks-managed-ssh-access\"":\""localuser\"""",""\""aks-managed-networkisolated-outbound-type\"":\""\""""]",0.002831112,0.002831112,USD
rg59-prod-operationcenter,/subscriptions/6276588a-9234-41ee-a81c-7538ea3a817e/resourcegroups/rg59-prod-operationcenter,KioSoft Globalazure  Subscription,6276588a-9234-41ee-a81c-7538ea3a817e,redis07-prod-operationcenter,/subscriptions/6276588a-9234-41ee-a81c-7538ea3a817e/resourcegroups/rg59-prod-operationcenter/providers/microsoft.cache/redis/redis07-prod-operationcenter,Redis cache,US East,[],80.55742219,80.55742219,USD
rg59-prod-operationcenter,/subscriptions/6276588a-9234-41ee-a81c-7538ea3a817e/resourcegroups/rg59-prod-operationcenter,KioSoft Globalazure  Subscription,6276588a-9234-41ee-a81c-7538ea3a817e,postgresql01-prod-operationcenter,/subscriptions/6276588a-9234-41ee-a81c-7538ea3a817e/resourcegroups/rg59-prod-operationcenter/providers/microsoft.dbforpostgresql/flexibleservers/postgresql01-prod-operationcenter,Azure Database for PostgreSQL flexible server,US East 2,[],36.77505566,36.77505566,USD
rg59-prod-operationcenter,/subscriptions/6276588a-9234-41ee-a81c-7538ea3a817e/resourcegroups/rg59-prod-operationcenter,KioSoft Globalazure  Subscription,6276588a-9234-41ee-a81c-7538ea3a817e,vm157-prod-operation-management,/subscriptions/6276588a-9234-41ee-a81c-7538ea3a817e/resourcegroups/rg59-prod-operationcenter/providers/microsoft.compute/virtualmachines/vm157-prod-operation-management,Virtual machine,"US East, Intercontinental","[""\""environment\"":\""production\"""",""\""publisher\"":\""microsoftwindowsserver\"""",""\""product\"":\""operation-management\""""]",16.30231951,16.30231951,USD
rg59-prod-operationcenter,/subscriptions/6276588a-9234-41ee-a81c-7538ea3a817e/resourcegroups/rg59-prod-operationcenter,KioSoft Globalazure  Subscription,6276588a-9234-41ee-a81c-7538ea3a817e,vm156-prod-operationcenter_datadisk,/subscriptions/6276588a-9234-41ee-a81c-7538ea3a817e/resourcegroups/rg59-prod-operationcenter/providers/microsoft.compute/disks/vm156-prod-operationcenter_datadisk,Disk,US East,[],15.6831642,15.6831642,USD
rg59-prod-operationcenter,/subscriptions/6276588a-9234-41ee-a81c-7538ea3a817e/resourcegroups/rg59-prod-operationcenter,KioSoft Globalazure  Subscription,6276588a-9234-41ee-a81c-7538ea3a817e,vm157-prod-operation-management_osdisk_1_44e32bf4140e41b5ab909cfae5f92d2c,/subscriptions/6276588a-9234-41ee-a81c-7538ea3a817e/resourcegroups/rg59-prod-operationcenter/providers/microsoft.compute/disks/vm157-prod-operation-management_osdisk_1_44e32bf4140e41b5ab909cfae5f92d2c,Disk,US East,[],15.6831642,15.6831642,USD
rg59-prod-operationcenter,/subscriptions/6276588a-9234-41ee-a81c-7538ea3a817e/resourcegroups/rg59-prod-operationcenter,KioSoft Globalazure  Subscription,6276588a-9234-41ee-a81c-7538ea3a817e,vm156-prod-operationcenter,/subscriptions/6276588a-9234-41ee-a81c-7538ea3a817e/resourcegroups/rg59-prod-operationcenter/providers/microsoft.compute/virtualmachines/vm156-prod-operationcenter,Virtual machine,"US East, Intercontinental","[""\""environment\"":\""production\"""",""\""publisher\"":\""canonical\"""",""\""product\"":\""operationcenter\""""]",12.21495161,12.21495161,USD
rg59-prod-operationcenter,/subscriptions/6276588a-9234-41ee-a81c-7538ea3a817e/resourcegroups/rg59-prod-operationcenter,KioSoft Globalazure  Subscription,6276588a-9234-41ee-a81c-7538ea3a817e,vm156-prod-operationcenter_osdisk_1_880d6438858240c9ba0c55d70080bd57,/subscriptions/6276588a-9234-41ee-a81c-7538ea3a817e/resourcegroups/rg59-prod-operationcenter/providers/microsoft.compute/disks/vm156-prod-operationcenter_osdisk_1_880d6438858240c9ba0c55d70080bd57,Disk,US East,[],4.201056056,4.201056056,USD
rg59-prod-operationcenter,/subscriptions/6276588a-9234-41ee-a81c-7538ea3a817e/resourcegroups/rg59-prod-operationcenter,KioSoft Globalazure  Subscription,6276588a-9234-41ee-a81c-7538ea3a817e,pip177-prod-operationcenter,/subscriptions/6276588a-9234-41ee-a81c-7538ea3a817e/resourcegroups/rg59-prod-operationcenter/providers/microsoft.network/publicipaddresses/pip177-prod-operationcenter,Public IP address,US East,[],2.925032424,2.925032424,USD
rg59-prod-operationcenter,/subscriptions/6276588a-9234-41ee-a81c-7538ea3a817e/resourcegroups/rg59-prod-operationcenter,KioSoft Globalazure  Subscription,6276588a-9234-41ee-a81c-7538ea3a817e,pip178-vm157-prod-operation-management,/subscriptions/6276588a-9234-41ee-a81c-7538ea3a817e/resourcegroups/rg59-prod-operationcenter/providers/microsoft.network/publicipaddresses/pip178-vm157-prod-operation-management,Public IP address,US East,[],2.925032424,2.925032424,USD
rg59-prod-operationcenter,/subscriptions/6276588a-9234-41ee-a81c-7538ea3a817e/resourcegroups/rg59-prod-operationcenter,KioSoft Globalazure  Subscription,6276588a-9234-41ee-a81c-7538ea3a817e,high cpu usage-postgresql01-prod-operationcenter,/subscriptions/6276588a-9234-41ee-a81c-7538ea3a817e/resourcegroups/rg59-prod-operationcenter/providers/microsoft.insights/metricalerts/high cpu usage-postgresql01-prod-operationcenter,microsoft.insights/metricalerts,Unknown,[],0.075431313,0.075431313,USD
rg59-prod-operationcenter,/subscriptions/6276588a-9234-41ee-a81c-7538ea3a817e/resourcegroups/rg59-prod-operationcenter,KioSoft Globalazure  Subscription,6276588a-9234-41ee-a81c-7538ea3a817e,high mem usage-postgresql01-prod-operationcenter,/subscriptions/6276588a-9234-41ee-a81c-7538ea3a817e/resourcegroups/rg59-prod-operationcenter/providers/microsoft.insights/metricalerts/high mem usage-postgresql01-prod-operationcenter,microsoft.insights/metricalerts,Unknown,[],0.075431313,0.075431313,USD
rg59-prod-operationcenter,/subscriptions/6276588a-9234-41ee-a81c-7538ea3a817e/resourcegroups/rg59-prod-operationcenter,KioSoft Globalazure  Subscription,6276588a-9234-41ee-a81c-7538ea3a817e,high storage usage-postgresql01-prod-operationcenter,/subscriptions/6276588a-9234-41ee-a81c-7538ea3a817e/resourcegroups/rg59-prod-operationcenter/providers/microsoft.insights/metricalerts/high storage usage-postgresql01-prod-operationcenter,microsoft.insights/metricalerts,Unknown,[],0.075431313,0.075431313,USD
rg59-prod-operationcenter,/subscriptions/6276588a-9234-41ee-a81c-7538ea3a817e/resourcegroups/rg59-prod-operationcenter,KioSoft Globalazure  Subscription,6276588a-9234-41ee-a81c-7538ea3a817e,sa31prodoperationcenter,/subscriptions/6276588a-9234-41ee-a81c-7538ea3a817e/resourcegroups/rg59-prod-operationcenter/providers/microsoft.storage/storageaccounts/sa31prodoperationcenter,Storage account,US East,[],0.039358812,0.039358812,USD
rg10000-test-kiocentral,/subscriptions/6276588a-9234-41ee-a81c-7538ea3a817e/resourcegroups/rg10000-test-kiocentral,KioSoft Globalazure  Subscription,6276588a-9234-41ee-a81c-7538ea3a817e,disk10009-test-qa-universal-web01,/subscriptions/6276588a-9234-41ee-a81c-7538ea3a817e/resourcegroups/rg10000-test-kiocentral/providers/microsoft.compute/disks/disk10009-test-qa-universal-web01,Disk,US East,"[""\""environment\"":\""test\"""",""\""product\"":\""retail\""""]",37.37041003,37.37041003,USD
rg10000-test-kiocentral,/subscriptions/6276588a-9234-41ee-a81c-7538ea3a817e/resourcegroups/rg10000-test-kiocentral,KioSoft Globalazure  Subscription,6276588a-9234-41ee-a81c-7538ea3a817e,vm10001-test-internal-server,/subscriptions/6276588a-9234-41ee-a81c-7538ea3a817e/resourcegroups/rg10000-test-kiocentral/providers/microsoft.compute/virtualmachines/vm10001-test-internal-server,Virtual machine,"US East, Intercontinental","[""\""environment\"":\""test\"""",""\""product\"":\""test-internal-server\""""]",23.19639289,23.19639289,USD
rg10000-test-kiocentral,/subscriptions/6276588a-9234-41ee-a81c-7538ea3a817e/resourcegroups/rg10000-test-kiocentral,KioSoft Globalazure  Subscription,6276588a-9234-41ee-a81c-7538ea3a817e,disk10006-stage-kiopos-web01,/subscriptions/6276588a-9234-41ee-a81c-7538ea3a817e/resourcegroups/rg10000-test-kiocentral/providers/microsoft.compute/disks/disk10006-stage-kiopos-web01,Disk,US East,"[""\""environment\"":\""test\"""",""\""product\"":\""kiopos\""""]",19.52705379,19.52705379,USD
rg10000-test-kiocentral,/subscriptions/6276588a-9234-41ee-a81c-7538ea3a817e/resourcegroups/rg10000-test-kiocentral,KioSoft Globalazure  Subscription,6276588a-9234-41ee-a81c-7538ea3a817e,disk10007-stage-kiopos-soft01,/subscriptions/6276588a-9234-41ee-a81c-7538ea3a817e/resourcegroups/rg10000-test-kiocentral/providers/microsoft.compute/disks/disk10007-stage-kiopos-soft01,Disk,US East,"[""\""environment\"":\""test\"""",""\""product\"":\""kiopos\""""]",19.52576569,19.52576569,USD
rg10000-test-kiocentral,/subscriptions/6276588a-9234-41ee-a81c-7538ea3a817e/resourcegroups/rg10000-test-kiocentral,KioSoft Globalazure  Subscription,6276588a-9234-41ee-a81c-7538ea3a817e,disk10001-test-internal-server,/subscriptions/6276588a-9234-41ee-a81c-7538ea3a817e/resourcegroups/rg10000-test-kiocentral/providers/microsoft.compute/disks/disk10001-test-internal-server,Disk,US East,"[""\""environment\"":\""test\"""",""\""product\"":\""test-internal-server\""""]",19.48312263,19.48312263,USD
rg10000-test-kiocentral,/subscriptions/6276588a-9234-41ee-a81c-7538ea3a817e/resourcegroups/rg10000-test-kiocentral,KioSoft Globalazure  Subscription,6276588a-9234-41ee-a81c-7538ea3a817e,vm10007-test-qa-universal-web01,/subscriptions/6276588a-9234-41ee-a81c-7538ea3a817e/resourcegroups/rg10000-test-kiocentral/providers/microsoft.compute/virtualmachines/vm10007-test-qa-universal-web01,Virtual machine,"US East, Intercontinental","[""\""environment\"":\""test\"""",""\""product\"":\""retail\""""]",14.48975503,14.48975503,USD
rg10000-test-kiocentral,/subscriptions/6276588a-9234-41ee-a81c-7538ea3a817e/resourcegroups/rg10000-test-kiocentral,KioSoft Globalazure  Subscription,6276588a-9234-41ee-a81c-7538ea3a817e,vm10004-stage-kiopos-web01,/subscriptions/6276588a-9234-41ee-a81c-7538ea3a817e/resourcegroups/rg10000-test-kiocentral/providers/microsoft.compute/virtualmachines/vm10004-stage-kiopos-web01,Virtual machine,"US East, Intercontinental","[""\""environment\"":\""test\"""",""\""product\"":\""kiopos\""""]",14.44925911,14.44925911,USD
rg10000-test-kiocentral,/subscriptions/6276588a-9234-41ee-a81c-7538ea3a817e/resourcegroups/rg10000-test-kiocentral,KioSoft Globalazure  Subscription,6276588a-9234-41ee-a81c-7538ea3a817e,vm10005-stage-kiopos-soft01,/subscriptions/6276588a-9234-41ee-a81c-7538ea3a817e/resourcegroups/rg10000-test-kiocentral/providers/microsoft.compute/virtualmachines/vm10005-stage-kiopos-soft01,Virtual machine,US East,"[""\""environment\"":\""test\"""",""\""product\"":\""kiopos\""""]",14.44071336,14.44071336,USD
rg10000-test-kiocentral,/subscriptions/6276588a-9234-41ee-a81c-7538ea3a817e/resourcegroups/rg10000-test-kiocentral,KioSoft Globalazure  Subscription,6276588a-9234-41ee-a81c-7538ea3a817e,disk10013-automated-testing-platform,/subscriptions/6276588a-9234-41ee-a81c-7538ea3a817e/resourcegroups/rg10000-test-kiocentral/providers/microsoft.compute/disks/disk10013-automated-testing-platform,Disk,US East,"[""\""environment\"":\""test\"""",""\""product\"":\""test - automated-testing\""""]",4.894585951,4.894585951,USD
rg10000-test-kiocentral,/subscriptions/6276588a-9234-41ee-a81c-7538ea3a817e/resourcegroups/rg10000-test-kiocentral,KioSoft Globalazure  Subscription,6276588a-9234-41ee-a81c-7538ea3a817e,vm10011-automated-testing-platform,/subscriptions/6276588a-9234-41ee-a81c-7538ea3a817e/resourcegroups/rg10000-test-kiocentral/providers/microsoft.compute/virtualmachines/vm10011-automated-testing-platform,Virtual machine,US East,"[""\""environment\"":\""test\"""",""\""product\"":\""test - automated-testing\""""]",3.702831257,3.702831257,USD
rg10000-test-kiocentral,/subscriptions/6276588a-9234-41ee-a81c-7538ea3a817e/resourcegroups/rg10000-test-kiocentral,KioSoft Globalazure  Subscription,6276588a-9234-41ee-a81c-7538ea3a817e,pip10001-test-internal-server,/subscriptions/6276588a-9234-41ee-a81c-7538ea3a817e/resourcegroups/rg10000-test-kiocentral/providers/microsoft.network/publicipaddresses/pip10001-test-internal-server,Public IP address,US East,[],3.600039685,3.600039685,USD
rg10000-test-kiocentral,/subscriptions/6276588a-9234-41ee-a81c-7538ea3a817e/resourcegroups/rg10000-test-kiocentral,KioSoft Globalazure  Subscription,6276588a-9234-41ee-a81c-7538ea3a817e,pip10004-stage-kiopos-web01,/subscriptions/6276588a-9234-41ee-a81c-7538ea3a817e/resourcegroups/rg10000-test-kiocentral/providers/microsoft.network/publicipaddresses/pip10004-stage-kiopos-web01,Public IP address,US East,[],3.600039685,3.600039685,USD
rg10000-test-kiocentral,/subscriptions/6276588a-9234-41ee-a81c-7538ea3a817e/resourcegroups/rg10000-test-kiocentral,KioSoft Globalazure  Subscription,6276588a-9234-41ee-a81c-7538ea3a817e,pip10005-stage-kiopos-soft01,/subscriptions/6276588a-9234-41ee-a81c-7538ea3a817e/resourcegroups/rg10000-test-kiocentral/providers/microsoft.network/publicipaddresses/pip10005-stage-kiopos-soft01,Public IP address,US East,[],3.600039685,3.600039685,USD
rg10000-test-kiocentral,/subscriptions/6276588a-9234-41ee-a81c-7538ea3a817e/resourcegroups/rg10000-test-kiocentral,KioSoft Globalazure  Subscription,6276588a-9234-41ee-a81c-7538ea3a817e,pip10007-test-qa-universal-web01,/subscriptions/6276588a-9234-41ee-a81c-7538ea3a817e/resourcegroups/rg10000-test-kiocentral/providers/microsoft.network/publicipaddresses/pip10007-test-qa-universal-web01,Public IP address,US East,[],3.600039685,3.600039685,USD
rg10000-test-kiocentral,/subscriptions/6276588a-9234-41ee-a81c-7538ea3a817e/resourcegroups/rg10000-test-kiocentral,KioSoft Globalazure  Subscription,6276588a-9234-41ee-a81c-7538ea3a817e,pip10011-automated-testing-platform,/subscriptions/6276588a-9234-41ee-a81c-7538ea3a817e/resourcegroups/rg10000-test-kiocentral/providers/microsoft.network/publicipaddresses/pip10011-automated-testing-platform,Public IP address,US East,[],0.915507149,0.915507149,USD
rg10000-test-kiocentral,/subscriptions/6276588a-9234-41ee-a81c-7538ea3a817e/resourcegroups/rg10000-test-kiocentral,KioSoft Globalazure  Subscription,6276588a-9234-41ee-a81c-7538ea3a817e,vm10011-automated-testing-platform_cpu-memory-alert,/subscriptions/6276588a-9234-41ee-a81c-7538ea3a817e/resourcegroups/rg10000-test-kiocentral/providers/microsoft.insights/metricalerts/vm10011-automated-testing-platform_cpu-memory-alert,microsoft.insights/metricalerts,Unknown,[],0.046838285,0.046838285,USD
rg20008-prod-latamcleanstore,/subscriptions/6276588a-9234-41ee-a81c-7538ea3a817e/resourcegroups/rg20008-prod-latamcleanstore,KioSoft Globalazure  Subscription,6276588a-9234-41ee-a81c-7538ea3a817e,disk20022-prod-latamcleanstore-web01-os,/subscriptions/6276588a-9234-41ee-a81c-7538ea3a817e/resourcegroups/rg20008-prod-latamcleanstore/providers/microsoft.compute/disks/disk20022-prod-latamcleanstore-web01-os,Disk,US South Central,"[""\""environment\"":\""prod\"""",""\""product\"":\""latamcleanstore\""""]",17.53419174,17.53419174,USD
rg20008-prod-latamcleanstore,/subscriptions/6276588a-9234-41ee-a81c-7538ea3a817e/resourcegroups/rg20008-prod-latamcleanstore,KioSoft Globalazure  Subscription,6276588a-9234-41ee-a81c-7538ea3a817e,disk20023-prod-latamcleanstore-web02-os,/subscriptions/6276588a-9234-41ee-a81c-7538ea3a817e/resourcegroups/rg20008-prod-latamcleanstore/providers/microsoft.compute/disks/disk20023-prod-latamcleanstore-web02-os,Disk,US South Central,"[""\""environment\"":\""prod\"""",""\""product\"":\""latamcleanstore\""""]",17.53419174,17.53419174,USD
rg20008-prod-latamcleanstore,/subscriptions/6276588a-9234-41ee-a81c-7538ea3a817e/resourcegroups/rg20008-prod-latamcleanstore,KioSoft Globalazure  Subscription,6276588a-9234-41ee-a81c-7538ea3a817e,disk20024-prod-latamcleanstore-web03-os,/subscriptions/6276588a-9234-41ee-a81c-7538ea3a817e/resourcegroups/rg20008-prod-latamcleanstore/providers/microsoft.compute/disks/disk20024-prod-latamcleanstore-web03-os,Disk,US South Central,"[""\""environment\"":\""prod\"""",""\""product\"":\""latamcleanstore\""""]",17.53419174,17.53419174,USD
rg20008-prod-latamcleanstore,/subscriptions/6276588a-9234-41ee-a81c-7538ea3a817e/resourcegroups/rg20008-prod-latamcleanstore,KioSoft Globalazure  Subscription,6276588a-9234-41ee-a81c-7538ea3a817e,vm20018-prod-latamcleanstore-web01,/subscriptions/6276588a-9234-41ee-a81c-7538ea3a817e/resourcegroups/rg20008-prod-latamcleanstore/providers/microsoft.compute/virtualmachines/vm20018-prod-latamcleanstore-web01,Virtual machine,US South Central,"[""\""environment\"":\""prod\"""",""\""product\"":\""latamcleanstore\""""]",17.47412679,17.47412679,USD
rg20008-prod-latamcleanstore,/subscriptions/6276588a-9234-41ee-a81c-7538ea3a817e/resourcegroups/rg20008-prod-latamcleanstore,KioSoft Globalazure  Subscription,6276588a-9234-41ee-a81c-7538ea3a817e,vm20019-prod-latamcleanstore-web02,/subscriptions/6276588a-9234-41ee-a81c-7538ea3a817e/resourcegroups/rg20008-prod-latamcleanstore/providers/microsoft.compute/virtualmachines/vm20019-prod-latamcleanstore-web02,Virtual machine,US South Central,"[""\""environment\"":\""prod\"""",""\""product\"":\""latamcleanstore\""""]",17.26034464,17.26034464,USD
rg20008-prod-latamcleanstore,/subscriptions/6276588a-9234-41ee-a81c-7538ea3a817e/resourcegroups/rg20008-prod-latamcleanstore,KioSoft Globalazure  Subscription,6276588a-9234-41ee-a81c-7538ea3a817e,vm20020-prod-latamcleanstore-web03,/subscriptions/6276588a-9234-41ee-a81c-7538ea3a817e/resourcegroups/rg20008-prod-latamcleanstore/providers/microsoft.compute/virtualmachines/vm20020-prod-latamcleanstore-web03,Virtual machine,US South Central,"[""\""environment\"":\""prod\"""",""\""product\"":\""latamcleanstore\""""]",17.15981021,17.15981021,USD
rg20008-prod-latamcleanstore,/subscriptions/6276588a-9234-41ee-a81c-7538ea3a817e/resourcegroups/rg20008-prod-latamcleanstore,KioSoft Globalazure  Subscription,6276588a-9234-41ee-a81c-7538ea3a817e,prod-internationalretail-ip,/subscriptions/6276588a-9234-41ee-a81c-7538ea3a817e/resourcegroups/rg20008-prod-latamcleanstore/providers/microsoft.network/publicipaddresses/prod-internationalretail-ip,Public IP address,US South Central,[],3.60003974,3.60003974,USD
rg20008-prod-latamcleanstore,/subscriptions/6276588a-9234-41ee-a81c-7538ea3a817e/resourcegroups/rg20008-prod-latamcleanstore,KioSoft Globalazure  Subscription,6276588a-9234-41ee-a81c-7538ea3a817e,pip171-vm143-prod-latamcleanstore-web03,/subscriptions/6276588a-9234-41ee-a81c-7538ea3a817e/resourcegroups/rg20008-prod-latamcleanstore/providers/microsoft.network/publicipaddresses/pip171-vm143-prod-latamcleanstore-web03,Public IP address,US South Central,[],3.600039685,3.600039685,USD
rg20008-prod-latamcleanstore,/subscriptions/6276588a-9234-41ee-a81c-7538ea3a817e/resourcegroups/rg20008-prod-latamcleanstore,KioSoft Globalazure  Subscription,6276588a-9234-41ee-a81c-7538ea3a817e,pip172-vm142-prod-latamcleanstore-web02,/subscriptions/6276588a-9234-41ee-a81c-7538ea3a817e/resourcegroups/rg20008-prod-latamcleanstore/providers/microsoft.network/publicipaddresses/pip172-vm142-prod-latamcleanstore-web02,Public IP address,US South Central,[],3.600039685,3.600039685,USD
rg20008-prod-latamcleanstore,/subscriptions/6276588a-9234-41ee-a81c-7538ea3a817e/resourcegroups/rg20008-prod-latamcleanstore,KioSoft Globalazure  Subscription,6276588a-9234-41ee-a81c-7538ea3a817e,vm20018-prod-latamcleanstore-web01_cpu-memory-alert,/subscriptions/6276588a-9234-41ee-a81c-7538ea3a817e/resourcegroups/rg20008-prod-latamcleanstore/providers/microsoft.insights/metricalerts/vm20018-prod-latamcleanstore-web01_cpu-memory-alert,microsoft.insights/metricalerts,Unknown,[],0.184381969,0.184381969,USD
rg20008-prod-latamcleanstore,/subscriptions/6276588a-9234-41ee-a81c-7538ea3a817e/resourcegroups/rg20008-prod-latamcleanstore,KioSoft Globalazure  Subscription,6276588a-9234-41ee-a81c-7538ea3a817e,vm20019-prod-latamcleanstore-web02_cpu-memory-alert,/subscriptions/6276588a-9234-41ee-a81c-7538ea3a817e/resourcegroups/rg20008-prod-latamcleanstore/providers/microsoft.insights/metricalerts/vm20019-prod-latamcleanstore-web02_cpu-memory-alert,microsoft.insights/metricalerts,Unknown,[],0.184381969,0.184381969,USD
rg20008-prod-latamcleanstore,/subscriptions/6276588a-9234-41ee-a81c-7538ea3a817e/resourcegroups/rg20008-prod-latamcleanstore,KioSoft Globalazure  Subscription,6276588a-9234-41ee-a81c-7538ea3a817e,vm20020-prod-latamcleanstore-web03_cpu-memory-alert,/subscriptions/6276588a-9234-41ee-a81c-7538ea3a817e/resourcegroups/rg20008-prod-latamcleanstore/providers/microsoft.insights/metricalerts/vm20020-prod-latamcleanstore-web03_cpu-memory-alert,microsoft.insights/metricalerts,Unknown,[],0.184381969,0.184381969,USD
rg20001-prod-devops,/subscriptions/6276588a-9234-41ee-a81c-7538ea3a817e/resourcegroups/rg20001-prod-devops,KioSoft Globalazure  Subscription,6276588a-9234-41ee-a81c-7538ea3a817e,disk20008-prod-jenkins01-data01,/subscriptions/6276588a-9234-41ee-a81c-7538ea3a817e/resourcegroups/rg20001-prod-devops/providers/microsoft.compute/disks/disk20008-prod-jenkins01-data01,Disk,US East,[],71.64398129,71.64398129,USD
rg20001-prod-devops,/subscriptions/6276588a-9234-41ee-a81c-7538ea3a817e/resourcegroups/rg20001-prod-devops,KioSoft Globalazure  Subscription,6276588a-9234-41ee-a81c-7538ea3a817e,vm20004-prod-jenkins01,/subscriptions/6276588a-9234-41ee-a81c-7538ea3a817e/resourcegroups/rg20001-prod-devops/providers/microsoft.compute/virtualmachines/vm20004-prod-jenkins01,Virtual machine,"US East, Intercontinental","[""\""environment\"":\""production\"""",""\""product\"":\""jenkins\""""]",20.46575677,20.46575677,USD
rg20001-prod-devops,/subscriptions/6276588a-9234-41ee-a81c-7538ea3a817e/resourcegroups/rg20001-prod-devops,KioSoft Globalazure  Subscription,6276588a-9234-41ee-a81c-7538ea3a817e,disk20007-prod-jenkins01-os,/subscriptions/6276588a-9234-41ee-a81c-7538ea3a817e/resourcegroups/rg20001-prod-devops/providers/microsoft.compute/disks/disk20007-prod-jenkins01-os,Disk,US East,"[""\""environment\"":\""production\"""",""\""product\"":\""jenkins\""""]",19.28583596,19.28583596,USD
rg20001-prod-devops,/subscriptions/6276588a-9234-41ee-a81c-7538ea3a817e/resourcegroups/rg20001-prod-devops,KioSoft Globalazure  Subscription,6276588a-9234-41ee-a81c-7538ea3a817e,pip20004-prod-jenkins01,/subscriptions/6276588a-9234-41ee-a81c-7538ea3a817e/resourcegroups/rg20001-prod-devops/providers/microsoft.network/publicipaddresses/pip20004-prod-jenkins01,Public IP address,US East,[],3.600039685,3.600039685,USD
kiopos_test,/subscriptions/6276588a-9234-41ee-a81c-7538ea3a817e/resourcegroups/kiopos_test,KioSoft Globalazure  Subscription,6276588a-9234-41ee-a81c-7538ea3a817e,kioposqa-webapp01_osdisk_1_31a1955d239941059922cbec1a0ece09,/subscriptions/6276588a-9234-41ee-a81c-7538ea3a817e/resourcegroups/kiopos_test/providers/microsoft.compute/disks/kioposqa-webapp01_osdisk_1_31a1955d239941059922cbec1a0ece09,Disk,US East,[],20.26598625,20.26598625,USD
kiopos_test,/subscriptions/6276588a-9234-41ee-a81c-7538ea3a817e/resourcegroups/kiopos_test,KioSoft Globalazure  Subscription,6276588a-9234-41ee-a81c-7538ea3a817e,kioposqa-db01_osdisk_1_4fdedc51a1fb4bb89c7623d04e3508e6,/subscriptions/6276588a-9234-41ee-a81c-7538ea3a817e/resourcegroups/kiopos_test/providers/microsoft.compute/disks/kioposqa-db01_osdisk_1_4fdedc51a1fb4bb89c7623d04e3508e6,Disk,US East,[],19.61880884,19.61880884,USD
kiopos_test,/subscriptions/6276588a-9234-41ee-a81c-7538ea3a817e/resourcegroups/kiopos_test,KioSoft Globalazure  Subscription,6276588a-9234-41ee-a81c-7538ea3a817e,kioposqa-softapp01_osdisk_1_520ba8f3d68f4dec830dc429dfea7c13,/subscriptions/6276588a-9234-41ee-a81c-7538ea3a817e/resourcegroups/kiopos_test/providers/microsoft.compute/disks/kioposqa-softapp01_osdisk_1_520ba8f3d68f4dec830dc429dfea7c13,Disk,US East,[],19.55793917,19.55793917,USD
kiopos_test,/subscriptions/6276588a-9234-41ee-a81c-7538ea3a817e/resourcegroups/kiopos_test,KioSoft Globalazure  Subscription,6276588a-9234-41ee-a81c-7538ea3a817e,kioposqa-webapp01,/subscriptions/6276588a-9234-41ee-a81c-7538ea3a817e/resourcegroups/kiopos_test/providers/microsoft.compute/virtualmachines/kioposqa-webapp01,Virtual machine,US East,"[""\""environment\"":\""qa\"""",""\""squad\"":\""phoenix\"""",""\""publisher\"":\""cognosys\"""",""\""product\"":\""test - kiopos web01\""""]",14.52316803,14.52316803,USD
kiopos_test,/subscriptions/6276588a-9234-41ee-a81c-7538ea3a817e/resourcegroups/kiopos_test,KioSoft Globalazure  Subscription,6276588a-9234-41ee-a81c-7538ea3a817e,kioposqa-softapp01,/subscriptions/6276588a-9234-41ee-a81c-7538ea3a817e/resourcegroups/kiopos_test/providers/microsoft.compute/virtualmachines/kioposqa-softapp01,Virtual machine,US East,"[""\""environment\"":\""qa\"""",""\""squad\"":\""phoenix\"""",""\""publisher\"":\""cognosys\"""",""\""product\"":\""test - kiopos soft01\""""]",14.43169573,14.43169573,USD
kiopos_test,/subscriptions/6276588a-9234-41ee-a81c-7538ea3a817e/resourcegroups/kiopos_test,KioSoft Globalazure  Subscription,6276588a-9234-41ee-a81c-7538ea3a817e,kioposqa-db01,/subscriptions/6276588a-9234-41ee-a81c-7538ea3a817e/resourcegroups/kiopos_test/providers/microsoft.compute/virtualmachines/kioposqa-db01,Virtual machine,US East,"[""\""environment\"":\""qa\"""",""\""squad\"":\""phoenix\"""",""\""publisher\"":\""cognosys\"""",""\""product\"":\""test - kiopos db01\""""]",14.42608644,14.42608644,USD
kiopos_test,/subscriptions/6276588a-9234-41ee-a81c-7538ea3a817e/resourcegroups/kiopos_test,KioSoft Globalazure  Subscription,6276588a-9234-41ee-a81c-7538ea3a817e,kioposqa-db01-ip,/subscriptions/6276588a-9234-41ee-a81c-7538ea3a817e/resourcegroups/kiopos_test/providers/microsoft.network/publicipaddresses/kioposqa-db01-ip,Public IP address,US East,[],3.600039685,3.600039685,USD
kiopos_test,/subscriptions/6276588a-9234-41ee-a81c-7538ea3a817e/resourcegroups/kiopos_test,KioSoft Globalazure  Subscription,6276588a-9234-41ee-a81c-7538ea3a817e,kioposqa-softapp01-ip,/subscriptions/6276588a-9234-41ee-a81c-7538ea3a817e/resourcegroups/kiopos_test/providers/microsoft.network/publicipaddresses/kioposqa-softapp01-ip,Public IP address,US East,[],3.600039685,3.600039685,USD
kiopos_test,/subscriptions/6276588a-9234-41ee-a81c-7538ea3a817e/resourcegroups/kiopos_test,KioSoft Globalazure  Subscription,6276588a-9234-41ee-a81c-7538ea3a817e,kioposqa-webapp01-ip,/subscriptions/6276588a-9234-41ee-a81c-7538ea3a817e/resourcegroups/kiopos_test/providers/microsoft.network/publicipaddresses/kioposqa-webapp01-ip,Public IP address,US East,[],3.600039685,3.600039685,USD
rg10002-test-devops,/subscriptions/6276588a-9234-41ee-a81c-7538ea3a817e/resourcegroups/rg10002-test-devops,KioSoft Globalazure  Subscription,6276588a-9234-41ee-a81c-7538ea3a817e,disk10005-test-elk01-data01,/subscriptions/6276588a-9234-41ee-a81c-7538ea3a817e/resourcegroups/rg10002-test-devops/providers/microsoft.compute/disks/disk10005-test-elk01-data01,Disk,US East,[],71.64398129,71.64398129,USD
rg10002-test-devops,/subscriptions/6276588a-9234-41ee-a81c-7538ea3a817e/resourcegroups/rg10002-test-devops,KioSoft Globalazure  Subscription,6276588a-9234-41ee-a81c-7538ea3a817e,disk10004-test-elk01-os,/subscriptions/6276588a-9234-41ee-a81c-7538ea3a817e/resourcegroups/rg10002-test-devops/providers/microsoft.compute/disks/disk10004-test-elk01-os,Disk,US East,"[""\""environment\"":\""test\"""",""\""product\"":\""elk-server\""""]",19.28583596,19.28583596,USD
rg10002-test-devops,/subscriptions/6276588a-9234-41ee-a81c-7538ea3a817e/resourcegroups/rg10002-test-devops,KioSoft Globalazure  Subscription,6276588a-9234-41ee-a81c-7538ea3a817e,vm10003-test-elk01,/subscriptions/6276588a-9234-41ee-a81c-7538ea3a817e/resourcegroups/rg10002-test-devops/providers/microsoft.compute/virtualmachines/vm10003-test-elk01,Virtual machine,US East,"[""\""environment\"":\""test\"""",""\""product\"":\""elk-server\""""]",14.75471079,14.75471079,USD
rg10002-test-devops,/subscriptions/6276588a-9234-41ee-a81c-7538ea3a817e/resourcegroups/rg10002-test-devops,KioSoft Globalazure  Subscription,6276588a-9234-41ee-a81c-7538ea3a817e,pip10003-test-elk01,/subscriptions/6276588a-9234-41ee-a81c-7538ea3a817e/resourcegroups/rg10002-test-devops/providers/microsoft.network/publicipaddresses/pip10003-test-elk01,Public IP address,US East,[],3.600039685,3.600039685,USD
usprod,/subscriptions/6276588a-9234-41ee-a81c-7538ea3a817e/resourcegroups/usprod,KioSoft Globalazure  Subscription,6276588a-9234-41ee-a81c-7538ea3a817e,usprod-v4-29prefix,/subscriptions/6276588a-9234-41ee-a81c-7538ea3a817e/resourcegroups/usprod/providers/microsoft.network/publicipprefixes/usprod-v4-29prefix,Public IP Prefix,US East,"[""\""environment\"":\""production\""""]",34.56,34.56,USD
usprod,/subscriptions/6276588a-9234-41ee-a81c-7538ea3a817e/resourcegroups/usprod,KioSoft Globalazure  Subscription,6276588a-9234-41ee-a81c-7538ea3a817e,usprod-natgw01,/subscriptions/6276588a-9234-41ee-a81c-7538ea3a817e/resourcegroups/usprod/providers/microsoft.network/natgateways/usprod-natgw01,NAT gateway,US East,[],32.39924215,32.39924215,USD
usprod,/subscriptions/6276588a-9234-41ee-a81c-7538ea3a817e/resourcegroups/usprod,KioSoft Globalazure  Subscription,6276588a-9234-41ee-a81c-7538ea3a817e,usprod-demoportal01_disk1_2e16994519694305b0887b4dd5e17989,/subscriptions/6276588a-9234-41ee-a81c-7538ea3a817e/resourcegroups/usprod/providers/microsoft.compute/disks/usprod-demoportal01_disk1_2e16994519694305b0887b4dd5e17989,Disk,US East,[],19.53655259,19.53655259,USD
usprod,/subscriptions/6276588a-9234-41ee-a81c-7538ea3a817e/resourcegroups/usprod,KioSoft Globalazure  Subscription,6276588a-9234-41ee-a81c-7538ea3a817e,usprod-demoportal01,/subscriptions/6276588a-9234-41ee-a81c-7538ea3a817e/resourcegroups/usprod/providers/microsoft.compute/virtualmachines/usprod-demoportal01,Virtual machine,"US East, Intercontinental","[""\""environment\"":\""demo\"""",""\""product\"":\""test - pheonix - route\"""",""\""squad\"":\""phoenix\"""",""\""publisher\"":\""openlogic\""""]",14.54469793,14.54469793,USD
usprod,/subscriptions/6276588a-9234-41ee-a81c-7538ea3a817e/resourcegroups/usprod,KioSoft Globalazure  Subscription,6276588a-9234-41ee-a81c-7538ea3a817e,usprod-demoportal01-ip,/subscriptions/6276588a-9234-41ee-a81c-7538ea3a817e/resourcegroups/usprod/providers/microsoft.network/publicipaddresses/usprod-demoportal01-ip,Public IP address,US East,[],3.600039685,3.600039685,USD
usprod,/subscriptions/6276588a-9234-41ee-a81c-7538ea3a817e/resourcegroups/usprod,KioSoft Globalazure  Subscription,6276588a-9234-41ee-a81c-7538ea3a817e,privatelink.file.core.windows.net,/subscriptions/6276588a-9234-41ee-a81c-7538ea3a817e/resourcegroups/usprod/providers/microsoft.network/privatednszones/privatelink.file.core.windows.net,Private DNS zone,Unknown,[],0.483743324,0.483743324,USD
usprod,/subscriptions/6276588a-9234-41ee-a81c-7538ea3a817e/resourcegroups/usprod,KioSoft Globalazure  Subscription,6276588a-9234-41ee-a81c-7538ea3a817e,azusprod.kiosoft.com,/subscriptions/6276588a-9234-41ee-a81c-7538ea3a817e/resourcegroups/usprod/providers/microsoft.network/dnszones/azusprod.kiosoft.com,DNS zone,Unknown,[],0.481713582,0.481713582,USD
commandcenter,/subscriptions/6276588a-9234-41ee-a81c-7538ea3a817e/resourcegroups/commandcenter,KioSoft Globalazure  Subscription,6276588a-9234-41ee-a81c-7538ea3a817e,ttiacr,/subscriptions/6276588a-9234-41ee-a81c-7538ea3a817e/resourcegroups/commandcenter/providers/microsoft.containerregistry/registries/ttiacr,Container registry,US East,[],34.82337418,34.82337418,USD
commandcenter,/subscriptions/6276588a-9234-41ee-a81c-7538ea3a817e/resourcegroups/commandcenter,KioSoft Globalazure  Subscription,6276588a-9234-41ee-a81c-7538ea3a817e,vm90-prod-powerbi,/subscriptions/6276588a-9234-41ee-a81c-7538ea3a817e/resourcegroups/commandcenter/providers/microsoft.compute/virtualmachines/vm90-prod-powerbi,Virtual machine,"US East, Intercontinental","[""\""environment\"":\""production\"""",""\""publisher\"":\""microsoftwindowsserver\"""",""\""product\"":\""command center  \""""]",25.9214814,25.9214814,USD
commandcenter,/subscriptions/6276588a-9234-41ee-a81c-7538ea3a817e/resourcegroups/commandcenter,KioSoft Globalazure  Subscription,6276588a-9234-41ee-a81c-7538ea3a817e,defaultazuremonitorworkspace-eus,/subscriptions/6276588a-9234-41ee-a81c-7538ea3a817e/resourcegroups/commandcenter/providers/microsoft.monitor/accounts/defaultazuremonitorworkspace-eus,microsoft.monitor/accounts,US East,[],19.32439694,19.32439694,USD
commandcenter,/subscriptions/6276588a-9234-41ee-a81c-7538ea3a817e/resourcegroups/commandcenter,KioSoft Globalazure  Subscription,6276588a-9234-41ee-a81c-7538ea3a817e,vm90-prod-powerbi_osdisk_1_30820f66bf4e4ab3b395b47bafc55b02,/subscriptions/6276588a-9234-41ee-a81c-7538ea3a817e/resourcegroups/commandcenter/providers/microsoft.compute/disks/vm90-prod-powerbi_osdisk_1_30820f66bf4e4ab3b395b47bafc55b02,Disk,US East,[],19.28583596,19.28583596,USD
commandcenter,/subscriptions/6276588a-9234-41ee-a81c-7538ea3a817e/resourcegroups/commandcenter,KioSoft Globalazure  Subscription,6276588a-9234-41ee-a81c-7538ea3a817e,vm90-prod-powerbi-ip,/subscriptions/6276588a-9234-41ee-a81c-7538ea3a817e/resourcegroups/commandcenter/providers/microsoft.network/publicipaddresses/vm90-prod-powerbi-ip,Public IP address,US East,[],3.600039685,3.600039685,USD
commandcenter,/subscriptions/6276588a-9234-41ee-a81c-7538ea3a817e/resourcegroups/commandcenter,KioSoft Globalazure  Subscription,6276588a-9234-41ee-a81c-7538ea3a817e,acr storage alert,/subscriptions/6276588a-9234-41ee-a81c-7538ea3a817e/resourcegroups/commandcenter/providers/microsoft.insights/metricalerts/acr storage alert,microsoft.insights/metricalerts,Unknown,[],0.092190985,0.092190985,USD
commandcenter,/subscriptions/6276588a-9234-41ee-a81c-7538ea3a817e/resourcegroups/commandcenter,KioSoft Globalazure  Subscription,6276588a-9234-41ee-a81c-7538ea3a817e,cpu usage percentage - aks10000-test-cc,/subscriptions/6276588a-9234-41ee-a81c-7538ea3a817e/resourcegroups/commandcenter/providers/microsoft.insights/metricalerts/cpu usage percentage - aks10000-test-cc,microsoft.insights/metricalerts,Unknown,[],0.092190985,0.092190985,USD
commandcenter,/subscriptions/6276588a-9234-41ee-a81c-7538ea3a817e/resourcegroups/commandcenter,KioSoft Globalazure  Subscription,6276588a-9234-41ee-a81c-7538ea3a817e,memory working set percentage - aks10000-test-cc,/subscriptions/6276588a-9234-41ee-a81c-7538ea3a817e/resourcegroups/commandcenter/providers/microsoft.insights/metricalerts/memory working set percentage - aks10000-test-cc,microsoft.insights/metricalerts,Unknown,[],0.092190985,0.092190985,USD
commandcenter,/subscriptions/6276588a-9234-41ee-a81c-7538ea3a817e/resourcegroups/commandcenter,KioSoft Globalazure  Subscription,6276588a-9234-41ee-a81c-7538ea3a817e,memory working set percentage - aks10000_cc_test,/subscriptions/6276588a-9234-41ee-a81c-7538ea3a817e/resourcegroups/commandcenter/providers/microsoft.insights/metricalerts/memory working set percentage - aks10000_cc_test,microsoft.insights/metricalerts,Unknown,[],0.06057557,0.06057557,USD
commandcenter,/subscriptions/6276588a-9234-41ee-a81c-7538ea3a817e/resourcegroups/commandcenter,KioSoft Globalazure  Subscription,6276588a-9234-41ee-a81c-7538ea3a817e,cpu usage percentage - aks10000_cc_test,/subscriptions/6276588a-9234-41ee-a81c-7538ea3a817e/resourcegroups/commandcenter/providers/microsoft.insights/metricalerts/cpu usage percentage - aks10000_cc_test,microsoft.insights/metricalerts,Unknown,[],0.059038769,0.059038769,USD
commandcenter,/subscriptions/6276588a-9234-41ee-a81c-7538ea3a817e/resourcegroups/commandcenter,KioSoft Globalazure  Subscription,6276588a-9234-41ee-a81c-7538ea3a817e,cpu usage percentage - cc-test,/subscriptions/6276588a-9234-41ee-a81c-7538ea3a817e/resourcegroups/commandcenter/providers/microsoft.insights/metricalerts/cpu usage percentage - cc-test,microsoft.insights/metricalerts,Unknown,[],0.059038769,0.059038769,USD
commandcenter,/subscriptions/6276588a-9234-41ee-a81c-7538ea3a817e/resourcegroups/commandcenter,KioSoft Globalazure  Subscription,6276588a-9234-41ee-a81c-7538ea3a817e,cpu usage percentage - cc-tti-test,/subscriptions/6276588a-9234-41ee-a81c-7538ea3a817e/resourcegroups/commandcenter/providers/microsoft.insights/metricalerts/cpu usage percentage - cc-tti-test,microsoft.insights/metricalerts,Unknown,[],0.059038769,0.059038769,USD
commandcenter,/subscriptions/6276588a-9234-41ee-a81c-7538ea3a817e/resourcegroups/commandcenter,KioSoft Globalazure  Subscription,6276588a-9234-41ee-a81c-7538ea3a817e,high mem usage-prod-cc,/subscriptions/6276588a-9234-41ee-a81c-7538ea3a817e/resourcegroups/commandcenter/providers/microsoft.insights/metricalerts/high mem usage-prod-cc,microsoft.insights/metricalerts,Unknown,[],0.058654569,0.058654569,USD
commandcenter,/subscriptions/6276588a-9234-41ee-a81c-7538ea3a817e/resourcegroups/commandcenter,KioSoft Globalazure  Subscription,6276588a-9234-41ee-a81c-7538ea3a817e,memory working set percentage - cc-test,/subscriptions/6276588a-9234-41ee-a81c-7538ea3a817e/resourcegroups/commandcenter/providers/microsoft.insights/metricalerts/memory working set percentage - cc-test,microsoft.insights/metricalerts,Unknown,[],0.058270369,0.058270369,USD
commandcenter,/subscriptions/6276588a-9234-41ee-a81c-7538ea3a817e/resourcegroups/commandcenter,KioSoft Globalazure  Subscription,6276588a-9234-41ee-a81c-7538ea3a817e,memory working set percentage - cc-tti-test,/subscriptions/6276588a-9234-41ee-a81c-7538ea3a817e/resourcegroups/commandcenter/providers/microsoft.insights/metricalerts/memory working set percentage - cc-tti-test,microsoft.insights/metricalerts,Unknown,[],0.058270369,0.058270369,USD
commandcenter,/subscriptions/6276588a-9234-41ee-a81c-7538ea3a817e/resourcegroups/commandcenter,KioSoft Globalazure  Subscription,6276588a-9234-41ee-a81c-7538ea3a817e,high cpu usage-prod-cc,/subscriptions/6276588a-9234-41ee-a81c-7538ea3a817e/resourcegroups/commandcenter/providers/microsoft.insights/metricalerts/high cpu usage-prod-cc,microsoft.insights/metricalerts,Unknown,[],0.057886169,0.057886169,USD
commandcenter,/subscriptions/6276588a-9234-41ee-a81c-7538ea3a817e/resourcegroups/commandcenter,KioSoft Globalazure  Subscription,6276588a-9234-41ee-a81c-7538ea3a817e,high storage usage-mariadb01-prod-cc,/subscriptions/6276588a-9234-41ee-a81c-7538ea3a817e/resourcegroups/commandcenter/providers/microsoft.insights/metricalerts/high storage usage-mariadb01-prod-cc,microsoft.insights/metricalerts,Unknown,[],0.057886169,0.057886169,USD
commandcenter,/subscriptions/6276588a-9234-41ee-a81c-7538ea3a817e/resourcegroups/commandcenter,KioSoft Globalazure  Subscription,6276588a-9234-41ee-a81c-7538ea3a817e,sa18baletest,/subscriptions/6276588a-9234-41ee-a81c-7538ea3a817e/resourcegroups/commandcenter/providers/microsoft.storage/storageaccounts/sa18baletest,Storage account,US East,[],0.002483102,0.002483102,USD
commandcenter,/subscriptions/6276588a-9234-41ee-a81c-7538ea3a817e/resourcegroups/commandcenter,KioSoft Globalazure  Subscription,6276588a-9234-41ee-a81c-7538ea3a817e,cctestaksbackup,/subscriptions/6276588a-9234-41ee-a81c-7538ea3a817e/resourcegroups/commandcenter/providers/microsoft.storage/storageaccounts/cctestaksbackup,Storage account,US East,[],0.000186111,0.000186111,USD
commandcenter,/subscriptions/6276588a-9234-41ee-a81c-7538ea3a817e/resourcegroups/commandcenter,KioSoft Globalazure  Subscription,6276588a-9234-41ee-a81c-7538ea3a817e,sa20democc,/subscriptions/6276588a-9234-41ee-a81c-7538ea3a817e/resourcegroups/commandcenter/providers/microsoft.storage/storageaccounts/sa20democc,Storage account,US East,[],5.81172E-05,5.81172E-05,USD
rg20004-prod-internal,/subscriptions/6276588a-9234-41ee-a81c-7538ea3a817e/resourcegroups/rg20004-prod-internal,KioSoft Globalazure  Subscription,6276588a-9234-41ee-a81c-7538ea3a817e,sa36prodinternal,/subscriptions/6276588a-9234-41ee-a81c-7538ea3a817e/resourcegroups/rg20004-prod-internal/providers/microsoft.storage/storageaccounts/sa36prodinternal,Storage account,US East,[],19.56966681,19.56966681,USD
rg20004-prod-internal,/subscriptions/6276588a-9234-41ee-a81c-7538ea3a817e/resourcegroups/rg20004-prod-internal,KioSoft Globalazure  Subscription,6276588a-9234-41ee-a81c-7538ea3a817e,disk20013-prod-internal-web01-os,/subscriptions/6276588a-9234-41ee-a81c-7538ea3a817e/resourcegroups/rg20004-prod-internal/providers/microsoft.compute/disks/disk20013-prod-internal-web01-os,Disk,US East,"[""\""environment\"":\""prod\"""",""\""product\"":\""internal-server\""""]",19.28583596,19.28583596,USD
rg20004-prod-internal,/subscriptions/6276588a-9234-41ee-a81c-7538ea3a817e/resourcegroups/rg20004-prod-internal,KioSoft Globalazure  Subscription,6276588a-9234-41ee-a81c-7538ea3a817e,disk20014-prod-internal-web02-os,/subscriptions/6276588a-9234-41ee-a81c-7538ea3a817e/resourcegroups/rg20004-prod-internal/providers/microsoft.compute/disks/disk20014-prod-internal-web02-os,Disk,US East,"[""\""environment\"":\""prod\"""",""\""product\"":\""internal-server\""""]",19.28583596,19.28583596,USD
rg20004-prod-internal,/subscriptions/6276588a-9234-41ee-a81c-7538ea3a817e/resourcegroups/rg20004-prod-internal,KioSoft Globalazure  Subscription,6276588a-9234-41ee-a81c-7538ea3a817e,vm20009-prod-internal-web01,/subscriptions/6276588a-9234-41ee-a81c-7538ea3a817e/resourcegroups/rg20004-prod-internal/providers/microsoft.compute/virtualmachines/vm20009-prod-internal-web01,Virtual machine,"US East, Intercontinental","[""\""environment\"":\""prod\"""",""\""product\"":\""internal-server\""""]",16.94444108,16.94444108,USD
rg20004-prod-internal,/subscriptions/6276588a-9234-41ee-a81c-7538ea3a817e/resourcegroups/rg20004-prod-internal,KioSoft Globalazure  Subscription,6276588a-9234-41ee-a81c-7538ea3a817e,vm20010-prod-internal-web02,/subscriptions/6276588a-9234-41ee-a81c-7538ea3a817e/resourcegroups/rg20004-prod-internal/providers/microsoft.compute/virtualmachines/vm20010-prod-internal-web02,Virtual machine,"US East, Intercontinental","[""\""environment\"":\""prod\"""",""\""product\"":\""internal-server\""""]",16.86162713,16.86162713,USD
rg20004-prod-internal,/subscriptions/6276588a-9234-41ee-a81c-7538ea3a817e/resourcegroups/rg20004-prod-internal,KioSoft Globalazure  Subscription,6276588a-9234-41ee-a81c-7538ea3a817e,pip20009-prod-internal-web01,/subscriptions/6276588a-9234-41ee-a81c-7538ea3a817e/resourcegroups/rg20004-prod-internal/providers/microsoft.network/publicipaddresses/pip20009-prod-internal-web01,Public IP address,US East,[],3.600039685,3.600039685,USD
rg20004-prod-internal,/subscriptions/6276588a-9234-41ee-a81c-7538ea3a817e/resourcegroups/rg20004-prod-internal,KioSoft Globalazure  Subscription,6276588a-9234-41ee-a81c-7538ea3a817e,pip20010-prod-internal-web02,/subscriptions/6276588a-9234-41ee-a81c-7538ea3a817e/resourcegroups/rg20004-prod-internal/providers/microsoft.network/publicipaddresses/pip20010-prod-internal-web02,Public IP address,US East,[],3.600039685,3.600039685,USD
rg56-prod-amusement,/subscriptions/6276588a-9234-41ee-a81c-7538ea3a817e/resourcegroups/rg56-prod-amusement,KioSoft Globalazure  Subscription,6276588a-9234-41ee-a81c-7538ea3a817e,sa27prodamusement,/subscriptions/6276588a-9234-41ee-a81c-7538ea3a817e/resourcegroups/rg56-prod-amusement/providers/microsoft.storage/storageaccounts/sa27prodamusement,Storage account,US East,[],19.56966681,19.56966681,USD
rg56-prod-amusement,/subscriptions/6276588a-9234-41ee-a81c-7538ea3a817e/resourcegroups/rg56-prod-amusement,KioSoft Globalazure  Subscription,6276588a-9234-41ee-a81c-7538ea3a817e,vm134-prod-amusement-web02-os,/subscriptions/6276588a-9234-41ee-a81c-7538ea3a817e/resourcegroups/rg56-prod-amusement/providers/microsoft.compute/disks/vm134-prod-amusement-web02-os,Disk,US East,[],19.28583596,19.28583596,USD
rg56-prod-amusement,/subscriptions/6276588a-9234-41ee-a81c-7538ea3a817e/resourcegroups/rg56-prod-amusement,KioSoft Globalazure  Subscription,6276588a-9234-41ee-a81c-7538ea3a817e,vm135-prod-amusement-web03-os,/subscriptions/6276588a-9234-41ee-a81c-7538ea3a817e/resourcegroups/rg56-prod-amusement/providers/microsoft.compute/disks/vm135-prod-amusement-web03-os,Disk,US East,[],19.28583596,19.28583596,USD
rg56-prod-amusement,/subscriptions/6276588a-9234-41ee-a81c-7538ea3a817e/resourcegroups/rg56-prod-amusement,KioSoft Globalazure  Subscription,6276588a-9234-41ee-a81c-7538ea3a817e,vm134-prod-amusement-web02,/subscriptions/6276588a-9234-41ee-a81c-7538ea3a817e/resourcegroups/rg56-prod-amusement/providers/microsoft.compute/virtualmachines/vm134-prod-amusement-web02,Virtual machine,US East,"[""\""environment\"":\""production\"""",""\""product\"":\""market - amusement\"""",""\""publisher\"":\""openlogic\""""]",16.38358155,16.38358155,USD
rg56-prod-amusement,/subscriptions/6276588a-9234-41ee-a81c-7538ea3a817e/resourcegroups/rg56-prod-amusement,KioSoft Globalazure  Subscription,6276588a-9234-41ee-a81c-7538ea3a817e,vm135-prod-amusement-web03,/subscriptions/6276588a-9234-41ee-a81c-7538ea3a817e/resourcegroups/rg56-prod-amusement/providers/microsoft.compute/virtualmachines/vm135-prod-amusement-web03,Virtual machine,US East,"[""\""environment\"":\""production\"""",""\""product\"":\""market - amusement\"""",""\""publisher\"":\""openlogic\""""]",16.3720169,16.3720169,USD
rg56-prod-amusement,/subscriptions/6276588a-9234-41ee-a81c-7538ea3a817e/resourcegroups/rg56-prod-amusement,KioSoft Globalazure  Subscription,6276588a-9234-41ee-a81c-7538ea3a817e,pe01-sa27-prod-amusement,/subscriptions/6276588a-9234-41ee-a81c-7538ea3a817e/resourcegroups/rg56-prod-amusement/providers/microsoft.network/privateendpoints/pe01-sa27-prod-amusement,Private endpoint,US East,[],7.2,7.2,USD
rg56-prod-amusement,/subscriptions/6276588a-9234-41ee-a81c-7538ea3a817e/resourcegroups/rg56-prod-amusement,KioSoft Globalazure  Subscription,6276588a-9234-41ee-a81c-7538ea3a817e,privatelink.file.core.windows.net,/subscriptions/6276588a-9234-41ee-a81c-7538ea3a817e/resourcegroups/rg56-prod-amusement/providers/microsoft.network/privatednszones/privatelink.file.core.windows.net,Private DNS zone,Unknown,[],0.483743324,0.483743324,USD
rg10001-test-olap,/subscriptions/6276588a-9234-41ee-a81c-7538ea3a817e/resourcegroups/rg10001-test-olap,KioSoft Globalazure  Subscription,6276588a-9234-41ee-a81c-7538ea3a817e,disk10003-test-olap01-data,/subscriptions/6276588a-9234-41ee-a81c-7538ea3a817e/resourcegroups/rg10001-test-olap/providers/microsoft.compute/disks/disk10003-test-olap01-data,Disk,US East,[],37.59617247,37.59617247,USD
rg10001-test-olap,/subscriptions/6276588a-9234-41ee-a81c-7538ea3a817e/resourcegroups/rg10001-test-olap,KioSoft Globalazure  Subscription,6276588a-9234-41ee-a81c-7538ea3a817e,vm10002-test-olap01,/subscriptions/6276588a-9234-41ee-a81c-7538ea3a817e/resourcegroups/rg10001-test-olap/providers/microsoft.compute/virtualmachines/vm10002-test-olap01,Virtual machine,US East,"[""\""environment\"":\""prod\"""",""\""product\"":\""doris\""""]",37.17605836,37.17605836,USD
rg10001-test-olap,/subscriptions/6276588a-9234-41ee-a81c-7538ea3a817e/resourcegroups/rg10001-test-olap,KioSoft Globalazure  Subscription,6276588a-9234-41ee-a81c-7538ea3a817e,disk10002-test-olap01,/subscriptions/6276588a-9234-41ee-a81c-7538ea3a817e/resourcegroups/rg10001-test-olap/providers/microsoft.compute/disks/disk10002-test-olap01,Disk,US East,"[""\""environment\"":\""prod\"""",""\""product\"":\""doris\""""]",19.60464037,19.60464037,USD
rg10001-test-olap,/subscriptions/6276588a-9234-41ee-a81c-7538ea3a817e/resourcegroups/rg10001-test-olap,KioSoft Globalazure  Subscription,6276588a-9234-41ee-a81c-7538ea3a817e,pip10002-test-olap01,/subscriptions/6276588a-9234-41ee-a81c-7538ea3a817e/resourcegroups/rg10001-test-olap/providers/microsoft.network/publicipaddresses/pip10002-test-olap01,Public IP address,US East,[],3.600039685,3.600039685,USD
armtmsrsc,/subscriptions/6276588a-9234-41ee-a81c-7538ea3a817e/resourcegroups/armtmsrsc,KioSoft Globalazure  Subscription,6276588a-9234-41ee-a81c-7538ea3a817e,newtmsdesign,/subscriptions/6276588a-9234-41ee-a81c-7538ea3a817e/resourcegroups/armtmsrsc/providers/microsoft.storage/storageaccounts/newtmsdesign,Storage account,US East,[],20.54582951,20.54582951,USD
armtmsrsc,/subscriptions/6276588a-9234-41ee-a81c-7538ea3a817e/resourcegroups/armtmsrsc,KioSoft Globalazure  Subscription,6276588a-9234-41ee-a81c-7538ea3a817e,tmsserver2,/subscriptions/6276588a-9234-41ee-a81c-7538ea3a817e/resourcegroups/armtmsrsc/providers/microsoft.compute/virtualmachines/tmsserver2,Virtual machine,US East,"[""\""environment\"":\""qa\"""",""\""squad\"":\""skynet\"""",""\""publisher\"":\""debian\"""",""\""product\"":\""tms\""""]",14.43472222,14.43472222,USD
armtmsrsc,/subscriptions/6276588a-9234-41ee-a81c-7538ea3a817e/resourcegroups/armtmsrsc,KioSoft Globalazure  Subscription,6276588a-9234-41ee-a81c-7538ea3a817e,tmsnginx,/subscriptions/6276588a-9234-41ee-a81c-7538ea3a817e/resourcegroups/armtmsrsc/providers/microsoft.compute/virtualmachines/tmsnginx,Virtual machine,"US East, Intercontinental","[""\""environment\"":\""qa\"""",""\""squad\"":\""skynet\"""",""\""publisher\"":\""openlogic\"""",""\""product\"":\""tms\""""]",14.42591187,14.42591187,USD
armtmsrsc,/subscriptions/6276588a-9234-41ee-a81c-7538ea3a817e/resourcegroups/armtmsrsc,KioSoft Globalazure  Subscription,6276588a-9234-41ee-a81c-7538ea3a817e,tmsserver1,/subscriptions/6276588a-9234-41ee-a81c-7538ea3a817e/resourcegroups/armtmsrsc/providers/microsoft.compute/virtualmachines/tmsserver1,Virtual machine,"US East, Intercontinental","[""\""environment\"":\""qa\"""",""\""squad\"":\""skynet\"""",""\""publisher\"":\""debian\"""",""\""product\"":\""tms\""""]",14.4223764,14.4223764,USD
armtmsrsc,/subscriptions/6276588a-9234-41ee-a81c-7538ea3a817e/resourcegroups/armtmsrsc,KioSoft Globalazure  Subscription,6276588a-9234-41ee-a81c-7538ea3a817e,tmsserver1-osdisk-20230704-032302,/subscriptions/6276588a-9234-41ee-a81c-7538ea3a817e/resourcegroups/armtmsrsc/providers/microsoft.compute/disks/tmsserver1-osdisk-20230704-032302,Disk,US East,"[""\""rsvaultbackup\"":\""cf24498e-81ca-4b1d-b22d-0bf82680fd22\""""]",5.419449228,5.419449228,USD
armtmsrsc,/subscriptions/6276588a-9234-41ee-a81c-7538ea3a817e/resourcegroups/armtmsrsc,KioSoft Globalazure  Subscription,6276588a-9234-41ee-a81c-7538ea3a817e,tmsserver2_osdisk_1_cbac7d887c924200b44055b3d5ba316a,/subscriptions/6276588a-9234-41ee-a81c-7538ea3a817e/resourcegroups/armtmsrsc/providers/microsoft.compute/disks/tmsserver2_osdisk_1_cbac7d887c924200b44055b3d5ba316a,Disk,US East,[],5.342149317,5.342149317,USD
armtmsrsc,/subscriptions/6276588a-9234-41ee-a81c-7538ea3a817e/resourcegroups/armtmsrsc,KioSoft Globalazure  Subscription,6276588a-9234-41ee-a81c-7538ea3a817e,tmsprod-lb01_osdisk_1_41aeade537234520b8d6a326e96775c0-202306301141-disk-2023063,/subscriptions/6276588a-9234-41ee-a81c-7538ea3a817e/resourcegroups/armtmsrsc/providers/microsoft.compute/disks/tmsprod-lb01_osdisk_1_41aeade537234520b8d6a326e96775c0-202306301141-disk-2023063,Disk,US East,[],5.309613282,5.309613282,USD
armtmsrsc,/subscriptions/6276588a-9234-41ee-a81c-7538ea3a817e/resourcegroups/armtmsrsc,KioSoft Globalazure  Subscription,6276588a-9234-41ee-a81c-7538ea3a817e,tmsnginxip149,/subscriptions/6276588a-9234-41ee-a81c-7538ea3a817e/resourcegroups/armtmsrsc/providers/microsoft.network/publicipaddresses/tmsnginxip149,Public IP address,US East,[],3.600039685,3.600039685,USD
armtmsrsc,/subscriptions/6276588a-9234-41ee-a81c-7538ea3a817e/resourcegroups/armtmsrsc,KioSoft Globalazure  Subscription,6276588a-9234-41ee-a81c-7538ea3a817e,tmsserver1ip341,/subscriptions/6276588a-9234-41ee-a81c-7538ea3a817e/resourcegroups/armtmsrsc/providers/microsoft.network/publicipaddresses/tmsserver1ip341,Public IP address,US East,[],3.600039685,3.600039685,USD
armtmsrsc,/subscriptions/6276588a-9234-41ee-a81c-7538ea3a817e/resourcegroups/armtmsrsc,KioSoft Globalazure  Subscription,6276588a-9234-41ee-a81c-7538ea3a817e,tmsserver2ip827,/subscriptions/6276588a-9234-41ee-a81c-7538ea3a817e/resourcegroups/armtmsrsc/providers/microsoft.network/publicipaddresses/tmsserver2ip827,Public IP address,US East,[],3.600039685,3.600039685,USD
armtmsrsc,/subscriptions/6276588a-9234-41ee-a81c-7538ea3a817e/resourcegroups/armtmsrsc,KioSoft Globalazure  Subscription,6276588a-9234-41ee-a81c-7538ea3a817e,privatelink.file.core.windows.net,/subscriptions/6276588a-9234-41ee-a81c-7538ea3a817e/resourcegroups/armtmsrsc/providers/microsoft.network/privatednszones/privatelink.file.core.windows.net,Private DNS zone,Unknown,[],0.483743502,0.483743502,USD
armtmsrsc,/subscriptions/6276588a-9234-41ee-a81c-7538ea3a817e/resourcegroups/armtmsrsc,KioSoft Globalazure  Subscription,6276588a-9234-41ee-a81c-7538ea3a817e,privatelink.mariadb.database.azure.com,/subscriptions/6276588a-9234-41ee-a81c-7538ea3a817e/resourcegroups/armtmsrsc/providers/microsoft.network/privatednszones/privatelink.mariadb.database.azure.com,Private DNS zone,Unknown,[],0.483743502,0.483743502,USD
rg45-prod-om,/subscriptions/6276588a-9234-41ee-a81c-7538ea3a817e/resourcegroups/rg45-prod-om,KioSoft Globalazure  Subscription,6276588a-9234-41ee-a81c-7538ea3a817e,sa30prodbackup,/subscriptions/6276588a-9234-41ee-a81c-7538ea3a817e/resourcegroups/rg45-prod-om/providers/microsoft.storage/storageaccounts/sa30prodbackup,Storage account,US East,[],86.64275893,86.64275893,USD
rg_test_route_als,/subscriptions/6276588a-9234-41ee-a81c-7538ea3a817e/resourcegroups/rg_test_route_als,KioSoft Globalazure  Subscription,6276588a-9234-41ee-a81c-7538ea3a817e,loadbalance05-test-route-als,/subscriptions/6276588a-9234-41ee-a81c-7538ea3a817e/resourcegroups/rg_test_route_als/providers/microsoft.network/loadbalancers/loadbalance05-test-route-als,Load balancer,US East,[],32.40206025,32.40206025,USD
rg_test_route_als,/subscriptions/6276588a-9234-41ee-a81c-7538ea3a817e/resourcegroups/rg_test_route_als,KioSoft Globalazure  Subscription,6276588a-9234-41ee-a81c-7538ea3a817e,vm58-test-route-als-web02,/subscriptions/6276588a-9234-41ee-a81c-7538ea3a817e/resourcegroups/rg_test_route_als/providers/microsoft.compute/virtualmachines/vm58-test-route-als-web02,Virtual machine,"US East, Intercontinental","[""\""environment\"":\""stage\"""",""\""squad\"":\""o&m\"""",""\""publisher\"":\""openlogic\"""",""\""product\"":\""route\""""]",14.45164661,14.45164661,USD
rg_test_route_als,/subscriptions/6276588a-9234-41ee-a81c-7538ea3a817e/resourcegroups/rg_test_route_als,KioSoft Globalazure  Subscription,6276588a-9234-41ee-a81c-7538ea3a817e,vm57-test-route-als-web01,/subscriptions/6276588a-9234-41ee-a81c-7538ea3a817e/resourcegroups/rg_test_route_als/providers/microsoft.compute/virtualmachines/vm57-test-route-als-web01,Virtual machine,US East,"[""\""environment\"":\""stage\"""",""\""squad\"":\""o&m\"""",""\""publisher\"":\""openlogic\"""",""\""product\"":\""route\""""]",14.40426023,14.40426023,USD
rg_test_route_als,/subscriptions/6276588a-9234-41ee-a81c-7538ea3a817e/resourcegroups/rg_test_route_als,KioSoft Globalazure  Subscription,6276588a-9234-41ee-a81c-7538ea3a817e,vm58-test-route-als-web02_osdisk_1_2b08909888dc42bcac2b1fe2be4a08b2,/subscriptions/6276588a-9234-41ee-a81c-7538ea3a817e/resourcegroups/rg_test_route_als/providers/microsoft.compute/disks/vm58-test-route-als-web02_osdisk_1_2b08909888dc42bcac2b1fe2be4a08b2,Disk,US East,[],5.54772859,5.54772859,USD
rg_test_route_als,/subscriptions/6276588a-9234-41ee-a81c-7538ea3a817e/resourcegroups/rg_test_route_als,KioSoft Globalazure  Subscription,6276588a-9234-41ee-a81c-7538ea3a817e,vm57-test-route-als-web01_osdisk_1_7f41ea7e98b84410bfe318d323cb3c65,/subscriptions/6276588a-9234-41ee-a81c-7538ea3a817e/resourcegroups/rg_test_route_als/providers/microsoft.compute/disks/vm57-test-route-als-web01_osdisk_1_7f41ea7e98b84410bfe318d323cb3c65,Disk,US East,[],5.509322124,5.509322124,USD
rg_test_route_als,/subscriptions/6276588a-9234-41ee-a81c-7538ea3a817e/resourcegroups/rg_test_route_als,KioSoft Globalazure  Subscription,6276588a-9234-41ee-a81c-7538ea3a817e,loadbalance,/subscriptions/6276588a-9234-41ee-a81c-7538ea3a817e/resourcegroups/rg_test_route_als/providers/microsoft.network/publicipaddresses/loadbalance,Public IP address,US East,[],3.600039685,3.600039685,USD
rg_test_route_als,/subscriptions/6276588a-9234-41ee-a81c-7538ea3a817e/resourcegroups/rg_test_route_als,KioSoft Globalazure  Subscription,6276588a-9234-41ee-a81c-7538ea3a817e,vm57-test-route-als-web01-ip,/subscriptions/6276588a-9234-41ee-a81c-7538ea3a817e/resourcegroups/rg_test_route_als/providers/microsoft.network/publicipaddresses/vm57-test-route-als-web01-ip,Public IP address,US East,[],3.600039685,3.600039685,USD
rg_test_route_als,/subscriptions/6276588a-9234-41ee-a81c-7538ea3a817e/resourcegroups/rg_test_route_als,KioSoft Globalazure  Subscription,6276588a-9234-41ee-a81c-7538ea3a817e,vm58-test-route-als-web02-ip,/subscriptions/6276588a-9234-41ee-a81c-7538ea3a817e/resourcegroups/rg_test_route_als/providers/microsoft.network/publicipaddresses/vm58-test-route-als-web02-ip,Public IP address,US East,[],3.600039685,3.600039685,USD
rg_test_route_als,/subscriptions/6276588a-9234-41ee-a81c-7538ea3a817e/resourcegroups/rg_test_route_als,KioSoft Globalazure  Subscription,6276588a-9234-41ee-a81c-7538ea3a817e,test1,/subscriptions/6276588a-9234-41ee-a81c-7538ea3a817e/resourcegroups/rg_test_route_als/providers/microsoft.insights/metricalerts/test1,microsoft.insights/metricalerts,Unknown,[],0.057886169,0.057886169,USD
rg9997-test-devops-infrastructure,/subscriptions/6276588a-9234-41ee-a81c-7538ea3a817e/resourcegroups/rg9997-test-devops-infrastructure,KioSoft Globalazure  Subscription,6276588a-9234-41ee-a81c-7538ea3a817e,seatunnel-cluster-test1,/subscriptions/6276588a-9234-41ee-a81c-7538ea3a817e/resourcegroups/rg9997-test-devops-infrastructure/providers/microsoft.compute/virtualmachines/seatunnel-cluster-test1,Virtual machine,US East,"[""\""environment\"":\""test\"""",""\""product\"":\""seatunnel\""""]",51.08282846,51.08282846,USD
rg9997-test-devops-infrastructure,/subscriptions/6276588a-9234-41ee-a81c-7538ea3a817e/resourcegroups/rg9997-test-devops-infrastructure,KioSoft Globalazure  Subscription,6276588a-9234-41ee-a81c-7538ea3a817e,seatunnel-cluster-test1,/subscriptions/6276588a-9234-41ee-a81c-7538ea3a817e/resourcegroups/rg9997-test-devops-infrastructure/providers/microsoft.compute/disks/seatunnel-cluster-test1,Disk,US East,"[""\""environment\"":\""test\"""",""\""product\"":\""seatunnel\""""]",25.28835483,25.28835483,USD
rg9997-test-devops-infrastructure,/subscriptions/6276588a-9234-41ee-a81c-7538ea3a817e/resourcegroups/rg9997-test-devops-infrastructure,KioSoft Globalazure  Subscription,6276588a-9234-41ee-a81c-7538ea3a817e,seatunnel-cluster-test1,/subscriptions/6276588a-9234-41ee-a81c-7538ea3a817e/resourcegroups/rg9997-test-devops-infrastructure/providers/microsoft.network/publicipaddresses/seatunnel-cluster-test1,Public IP address,US East,[],3.600039685,3.600039685,USD
rg9997-test-devops-infrastructure,/subscriptions/6276588a-9234-41ee-a81c-7538ea3a817e/resourcegroups/rg9997-test-devops-infrastructure,KioSoft Globalazure  Subscription,6276588a-9234-41ee-a81c-7538ea3a817e,memory working set percentage - aks-test,/subscriptions/6276588a-9234-41ee-a81c-7538ea3a817e/resourcegroups/rg9997-test-devops-infrastructure/providers/microsoft.insights/metricalerts/memory working set percentage - aks-test,microsoft.insights/metricalerts,Unknown,[],0.059422969,0.059422969,USD
rg9997-test-devops-infrastructure,/subscriptions/6276588a-9234-41ee-a81c-7538ea3a817e/resourcegroups/rg9997-test-devops-infrastructure,KioSoft Globalazure  Subscription,6276588a-9234-41ee-a81c-7538ea3a817e,cpu usage percentage - aks-test,/subscriptions/6276588a-9234-41ee-a81c-7538ea3a817e/resourcegroups/rg9997-test-devops-infrastructure/providers/microsoft.insights/metricalerts/cpu usage percentage - aks-test,microsoft.insights/metricalerts,Unknown,[],0.059038769,0.059038769,USD
rg9997-test-devops-infrastructure,/subscriptions/6276588a-9234-41ee-a81c-7538ea3a817e/resourcegroups/rg9997-test-devops-infrastructure,KioSoft Globalazure  Subscription,6276588a-9234-41ee-a81c-7538ea3a817e,scsharetest,/subscriptions/6276588a-9234-41ee-a81c-7538ea3a817e/resourcegroups/rg9997-test-devops-infrastructure/providers/microsoft.storage/storageaccounts/scsharetest,Storage account,US East,[],0.001937094,0.001937094,USD
rg9997-test-devops-infrastructure,/subscriptions/6276588a-9234-41ee-a81c-7538ea3a817e/resourcegroups/rg9997-test-devops-infrastructure,KioSoft Globalazure  Subscription,6276588a-9234-41ee-a81c-7538ea3a817e,terraformstatsfile,/subscriptions/6276588a-9234-41ee-a81c-7538ea3a817e/resourcegroups/rg9997-test-devops-infrastructure/providers/microsoft.storage/storageaccounts/terraformstatsfile,Storage account,US East,"[""\""environment\"":\""staging\""""]",0.000582858,0.000582858,USD
rg20005-prod-kiopos,/subscriptions/6276588a-9234-41ee-a81c-7538ea3a817e/resourcegroups/rg20005-prod-kiopos,KioSoft Globalazure  Subscription,6276588a-9234-41ee-a81c-7538ea3a817e,disk20016-prod-kiopos-web01,/subscriptions/6276588a-9234-41ee-a81c-7538ea3a817e/resourcegroups/rg20005-prod-kiopos/providers/microsoft.compute/disks/disk20016-prod-kiopos-web01,Disk,US East,"[""\""environment\"":\""prod\"""",""\""product\"":\""kiopos\""""]",19.28583596,19.28583596,USD
rg20005-prod-kiopos,/subscriptions/6276588a-9234-41ee-a81c-7538ea3a817e/resourcegroups/rg20005-prod-kiopos,KioSoft Globalazure  Subscription,6276588a-9234-41ee-a81c-7538ea3a817e,disk20017-prod-kiopos-soft01,/subscriptions/6276588a-9234-41ee-a81c-7538ea3a817e/resourcegroups/rg20005-prod-kiopos/providers/microsoft.compute/disks/disk20017-prod-kiopos-soft01,Disk,US East,"[""\""environment\"":\""prod\"""",""\""product\"":\""kiopos\""""]",19.28583596,19.28583596,USD
rg20005-prod-kiopos,/subscriptions/6276588a-9234-41ee-a81c-7538ea3a817e/resourcegroups/rg20005-prod-kiopos,KioSoft Globalazure  Subscription,6276588a-9234-41ee-a81c-7538ea3a817e,vm20012-prod-kiopos-web01,/subscriptions/6276588a-9234-41ee-a81c-7538ea3a817e/resourcegroups/rg20005-prod-kiopos/providers/microsoft.compute/virtualmachines/vm20012-prod-kiopos-web01,Virtual machine,"US East, Intercontinental","[""\""environment\"":\""prod\"""",""\""product\"":\""kiopos\""""]",16.04168478,16.04168478,USD
rg20005-prod-kiopos,/subscriptions/6276588a-9234-41ee-a81c-7538ea3a817e/resourcegroups/rg20005-prod-kiopos,KioSoft Globalazure  Subscription,6276588a-9234-41ee-a81c-7538ea3a817e,vm20013-prod-kiopos-soft01,/subscriptions/6276588a-9234-41ee-a81c-7538ea3a817e/resourcegroups/rg20005-prod-kiopos/providers/microsoft.compute/virtualmachines/vm20013-prod-kiopos-soft01,Virtual machine,US East,"[""\""environment\"":\""prod\"""",""\""product\"":\""kiopos\""""]",14.42333723,14.42333723,USD
rg20005-prod-kiopos,/subscriptions/6276588a-9234-41ee-a81c-7538ea3a817e/resourcegroups/rg20005-prod-kiopos,KioSoft Globalazure  Subscription,6276588a-9234-41ee-a81c-7538ea3a817e,vm59-prod-kiopos-web01-ip,/subscriptions/6276588a-9234-41ee-a81c-7538ea3a817e/resourcegroups/rg20005-prod-kiopos/providers/microsoft.network/publicipaddresses/vm59-prod-kiopos-web01-ip,Public IP address,US East,[],3.600039685,3.600039685,USD
rg20005-prod-kiopos,/subscriptions/6276588a-9234-41ee-a81c-7538ea3a817e/resourcegroups/rg20005-prod-kiopos,KioSoft Globalazure  Subscription,6276588a-9234-41ee-a81c-7538ea3a817e,vm60-prod-kiopos-soft01-ip,/subscriptions/6276588a-9234-41ee-a81c-7538ea3a817e/resourcegroups/rg20005-prod-kiopos/providers/microsoft.network/publicipaddresses/vm60-prod-kiopos-soft01-ip,Public IP address,US East,[],3.600039685,3.600039685,USD
rg20005-prod-kiopos,/subscriptions/6276588a-9234-41ee-a81c-7538ea3a817e/resourcegroups/rg20005-prod-kiopos,KioSoft Globalazure  Subscription,6276588a-9234-41ee-a81c-7538ea3a817e,vm-cpu-memory-alert,/subscriptions/6276588a-9234-41ee-a81c-7538ea3a817e/resourcegroups/rg20005-prod-kiopos/providers/microsoft.insights/metricalerts/vm-cpu-memory-alert,microsoft.insights/metricalerts,Unknown,[],0.184125836,0.184125836,USD
rg49-test-kiopos,/subscriptions/6276588a-9234-41ee-a81c-7538ea3a817e/resourcegroups/rg49-test-kiopos,KioSoft Globalazure  Subscription,6276588a-9234-41ee-a81c-7538ea3a817e,vm71-test-kiopos-soft01_osdisk_1_b1c9c0a43ad14e66a5ded5a1da484c77,/subscriptions/6276588a-9234-41ee-a81c-7538ea3a817e/resourcegroups/rg49-test-kiopos/providers/microsoft.compute/disks/vm71-test-kiopos-soft01_osdisk_1_b1c9c0a43ad14e66a5ded5a1da484c77,Disk,US East,[],19.95747466,19.95747466,USD
rg49-test-kiopos,/subscriptions/6276588a-9234-41ee-a81c-7538ea3a817e/resourcegroups/rg49-test-kiopos,KioSoft Globalazure  Subscription,6276588a-9234-41ee-a81c-7538ea3a817e,vm72-test-kiopos-web01_osdisk_1_1a7f2bed3d8c43359921c3e41b45a926,/subscriptions/6276588a-9234-41ee-a81c-7538ea3a817e/resourcegroups/rg49-test-kiopos/providers/microsoft.compute/disks/vm72-test-kiopos-web01_osdisk_1_1a7f2bed3d8c43359921c3e41b45a926,Disk,US East,[],19.68181503,19.68181503,USD
rg49-test-kiopos,/subscriptions/6276588a-9234-41ee-a81c-7538ea3a817e/resourcegroups/rg49-test-kiopos,KioSoft Globalazure  Subscription,6276588a-9234-41ee-a81c-7538ea3a817e,vm72-test-kiopos-web01,/subscriptions/6276588a-9234-41ee-a81c-7538ea3a817e/resourcegroups/rg49-test-kiopos/providers/microsoft.compute/virtualmachines/vm72-test-kiopos-web01,Virtual machine,"US East, Intercontinental","[""\""environment\"":\""qa\"""",""\""product\"":\""test - kiopos web01\"""",""\""squad\"":\""phoenix\"""",""\""publisher\"":\""openlogic\""""]",14.55998691,14.55998691,USD
rg49-test-kiopos,/subscriptions/6276588a-9234-41ee-a81c-7538ea3a817e/resourcegroups/rg49-test-kiopos,KioSoft Globalazure  Subscription,6276588a-9234-41ee-a81c-7538ea3a817e,vm71-test-kiopos-soft01,/subscriptions/6276588a-9234-41ee-a81c-7538ea3a817e/resourcegroups/rg49-test-kiopos/providers/microsoft.compute/virtualmachines/vm71-test-kiopos-soft01,Virtual machine,US East,"[""\""environment\"":\""qa\"""",""\""squad\"":\""phoenix\"""",""\""publisher\"":\""openlogic\"""",""\""product\"":\""test - kiopos soft01\""""]",14.44606573,14.44606573,USD
rg49-test-kiopos,/subscriptions/6276588a-9234-41ee-a81c-7538ea3a817e/resourcegroups/rg49-test-kiopos,KioSoft Globalazure  Subscription,6276588a-9234-41ee-a81c-7538ea3a817e,pip106-test-kiopos-soft01,/subscriptions/6276588a-9234-41ee-a81c-7538ea3a817e/resourcegroups/rg49-test-kiopos/providers/microsoft.network/publicipaddresses/pip106-test-kiopos-soft01,Public IP address,US East,[],3.600039685,3.600039685,USD
rg49-test-kiopos,/subscriptions/6276588a-9234-41ee-a81c-7538ea3a817e/resourcegroups/rg49-test-kiopos,KioSoft Globalazure  Subscription,6276588a-9234-41ee-a81c-7538ea3a817e,pip107-test-kiopos-web01,/subscriptions/6276588a-9234-41ee-a81c-7538ea3a817e/resourcegroups/rg49-test-kiopos/providers/microsoft.network/publicipaddresses/pip107-test-kiopos-web01,Public IP address,US East,[],3.600039685,3.600039685,USD
rg49-test-kiopos,/subscriptions/6276588a-9234-41ee-a81c-7538ea3a817e/resourcegroups/rg49-test-kiopos,KioSoft Globalazure  Subscription,6276588a-9234-41ee-a81c-7538ea3a817e,sa19testkiopos,/subscriptions/6276588a-9234-41ee-a81c-7538ea3a817e/resourcegroups/rg49-test-kiopos/providers/microsoft.storage/storageaccounts/sa19testkiopos,Storage account,US East,[],0.29865651,0.29865651,USD
rg49-test-kiopos,/subscriptions/6276588a-9234-41ee-a81c-7538ea3a817e/resourcegroups/rg49-test-kiopos,KioSoft Globalazure  Subscription,6276588a-9234-41ee-a81c-7538ea3a817e,high memory usage-mysql02-test-kiopos,/subscriptions/6276588a-9234-41ee-a81c-7538ea3a817e/resourcegroups/rg49-test-kiopos/providers/microsoft.insights/metricalerts/high memory usage-mysql02-test-kiopos,microsoft.insights/metricalerts,Unknown,[],0.059038769,0.059038769,USD
rg49-test-kiopos,/subscriptions/6276588a-9234-41ee-a81c-7538ea3a817e/resourcegroups/rg49-test-kiopos,KioSoft Globalazure  Subscription,6276588a-9234-41ee-a81c-7538ea3a817e,high storage usage-mysql02-test-kiopos,/subscriptions/6276588a-9234-41ee-a81c-7538ea3a817e/resourcegroups/rg49-test-kiopos/providers/microsoft.insights/metricalerts/high storage usage-mysql02-test-kiopos,microsoft.insights/metricalerts,Unknown,[],0.057886169,0.057886169,USD
rg49-test-kiopos,/subscriptions/6276588a-9234-41ee-a81c-7538ea3a817e/resourcegroups/rg49-test-kiopos,KioSoft Globalazure  Subscription,6276588a-9234-41ee-a81c-7538ea3a817e,high cpu usage-mysql,/subscriptions/6276588a-9234-41ee-a81c-7538ea3a817e/resourcegroups/rg49-test-kiopos/providers/microsoft.insights/metricalerts/high cpu usage-mysql,microsoft.insights/metricalerts,Unknown,[],0.057117768,0.057117768,USD
rg10004-stage-kiocentral,/subscriptions/6276588a-9234-41ee-a81c-7538ea3a817e/resourcegroups/rg10004-stage-kiocentral,KioSoft Globalazure  Subscription,6276588a-9234-41ee-a81c-7538ea3a817e,vm10008-stage-market-web01,/subscriptions/6276588a-9234-41ee-a81c-7538ea3a817e/resourcegroups/rg10004-stage-kiocentral/providers/microsoft.compute/virtualmachines/vm10008-stage-market-web01,Virtual machine,"US East, Intercontinental","[""\""environment\"":\""stage\"""",""\""product\"":\""test - stage retail\""""]",14.49767532,14.49767532,USD
rg10004-stage-kiocentral,/subscriptions/6276588a-9234-41ee-a81c-7538ea3a817e/resourcegroups/rg10004-stage-kiocentral,KioSoft Globalazure  Subscription,6276588a-9234-41ee-a81c-7538ea3a817e,vm10009-stage-market-web02,/subscriptions/6276588a-9234-41ee-a81c-7538ea3a817e/resourcegroups/rg10004-stage-kiocentral/providers/microsoft.compute/virtualmachines/vm10009-stage-market-web02,Virtual machine,"US East, Intercontinental","[""\""environment\"":\""stage\"""",""\""product\"":\""test - stage retail\""""]",14.44619643,14.44619643,USD
rg10004-stage-kiocentral,/subscriptions/6276588a-9234-41ee-a81c-7538ea3a817e/resourcegroups/rg10004-stage-kiocentral,KioSoft Globalazure  Subscription,6276588a-9234-41ee-a81c-7538ea3a817e,disk10012-stage-market-soft01,/subscriptions/6276588a-9234-41ee-a81c-7538ea3a817e/resourcegroups/rg10004-stage-kiocentral/providers/microsoft.compute/disks/disk10012-stage-market-soft01,Disk,US East,"[""\""environment\"":\""stage\"""",""\""product\"":\""test - es\""""]",6.826185333,6.826185333,USD
rg10004-stage-kiocentral,/subscriptions/6276588a-9234-41ee-a81c-7538ea3a817e/resourcegroups/rg10004-stage-kiocentral,KioSoft Globalazure  Subscription,6276588a-9234-41ee-a81c-7538ea3a817e,disk10010-stage-market-web01,/subscriptions/6276588a-9234-41ee-a81c-7538ea3a817e/resourcegroups/rg10004-stage-kiocentral/providers/microsoft.compute/disks/disk10010-stage-market-web01,Disk,US East,"[""\""environment\"":\""stage\"""",""\""product\"":\""test - stage retail\""""]",5.475381136,5.475381136,USD
rg10004-stage-kiocentral,/subscriptions/6276588a-9234-41ee-a81c-7538ea3a817e/resourcegroups/rg10004-stage-kiocentral,KioSoft Globalazure  Subscription,6276588a-9234-41ee-a81c-7538ea3a817e,disk10011-stage-market-web02,/subscriptions/6276588a-9234-41ee-a81c-7538ea3a817e/resourcegroups/rg10004-stage-kiocentral/providers/microsoft.compute/disks/disk10011-stage-market-web02,Disk,US East,"[""\""environment\"":\""stage\"""",""\""product\"":\""test - stage retail\""""]",5.462235541,5.462235541,USD
rg10004-stage-kiocentral,/subscriptions/6276588a-9234-41ee-a81c-7538ea3a817e/resourcegroups/rg10004-stage-kiocentral,KioSoft Globalazure  Subscription,6276588a-9234-41ee-a81c-7538ea3a817e,vm10010-stage-market-soft01,/subscriptions/6276588a-9234-41ee-a81c-7538ea3a817e/resourcegroups/rg10004-stage-kiocentral/providers/microsoft.compute/virtualmachines/vm10010-stage-market-soft01,Virtual machine,US East,"[""\""environment\"":\""stage\"""",""\""product\"":\""test - es\""""]",5.190497964,5.190497964,USD
rg10004-stage-kiocentral,/subscriptions/6276588a-9234-41ee-a81c-7538ea3a817e/resourcegroups/rg10004-stage-kiocentral,KioSoft Globalazure  Subscription,6276588a-9234-41ee-a81c-7538ea3a817e,pip10008-stage-market-web01,/subscriptions/6276588a-9234-41ee-a81c-7538ea3a817e/resourcegroups/rg10004-stage-kiocentral/providers/microsoft.network/publicipaddresses/pip10008-stage-market-web01,Public IP address,US East,[],3.600039685,3.600039685,USD
rg10004-stage-kiocentral,/subscriptions/6276588a-9234-41ee-a81c-7538ea3a817e/resourcegroups/rg10004-stage-kiocentral,KioSoft Globalazure  Subscription,6276588a-9234-41ee-a81c-7538ea3a817e,pip10009-stage-market-web02,/subscriptions/6276588a-9234-41ee-a81c-7538ea3a817e/resourcegroups/rg10004-stage-kiocentral/providers/microsoft.network/publicipaddresses/pip10009-stage-market-web02,Public IP address,US East,[],3.600039685,3.600039685,USD
rg10004-stage-kiocentral,/subscriptions/6276588a-9234-41ee-a81c-7538ea3a817e/resourcegroups/rg10004-stage-kiocentral,KioSoft Globalazure  Subscription,6276588a-9234-41ee-a81c-7538ea3a817e,disk10008-stage-market-single,/subscriptions/6276588a-9234-41ee-a81c-7538ea3a817e/resourcegroups/rg10004-stage-kiocentral/providers/microsoft.compute/disks/disk10008-stage-market-single,Disk,US East,"[""\""environment\"":\""stage\"""",""\""product\"":\""test - stage /retail/coffee\""""]",2.067761778,2.067761778,USD
rg10004-stage-kiocentral,/subscriptions/6276588a-9234-41ee-a81c-7538ea3a817e/resourcegroups/rg10004-stage-kiocentral,KioSoft Globalazure  Subscription,6276588a-9234-41ee-a81c-7538ea3a817e,vm10006-stage-market-single,/subscriptions/6276588a-9234-41ee-a81c-7538ea3a817e/resourcegroups/rg10004-stage-kiocentral/providers/microsoft.compute/virtualmachines/vm10006-stage-market-single,Virtual machine,US East,"[""\""environment\"":\""stage\"""",""\""product\"":\""test - stage /retail/coffee\""""]",1.497853909,1.497853909,USD
rg10004-stage-kiocentral,/subscriptions/6276588a-9234-41ee-a81c-7538ea3a817e/resourcegroups/rg10004-stage-kiocentral,KioSoft Globalazure  Subscription,6276588a-9234-41ee-a81c-7538ea3a817e,pip10010-stage-market-soft01,/subscriptions/6276588a-9234-41ee-a81c-7538ea3a817e/resourcegroups/rg10004-stage-kiocentral/providers/microsoft.network/publicipaddresses/pip10010-stage-market-soft01,Public IP address,US East,[],1.285926533,1.285926533,USD
rg10004-stage-kiocentral,/subscriptions/6276588a-9234-41ee-a81c-7538ea3a817e/resourcegroups/rg10004-stage-kiocentral,KioSoft Globalazure  Subscription,6276588a-9234-41ee-a81c-7538ea3a817e,pip10006-stage-market-single,/subscriptions/6276588a-9234-41ee-a81c-7538ea3a817e/resourcegroups/rg10004-stage-kiocentral/providers/microsoft.network/publicipaddresses/pip10006-stage-market-single,Public IP address,US East,[],0.380004212,0.380004212,USD
rg10004-stage-kiocentral,/subscriptions/6276588a-9234-41ee-a81c-7538ea3a817e/resourcegroups/rg10004-stage-kiocentral,KioSoft Globalazure  Subscription,6276588a-9234-41ee-a81c-7538ea3a817e,vm10008-stage-market-web01_cpu-memory-alert,/subscriptions/6276588a-9234-41ee-a81c-7538ea3a817e/resourcegroups/rg10004-stage-kiocentral/providers/microsoft.insights/metricalerts/vm10008-stage-market-web01_cpu-memory-alert,microsoft.insights/metricalerts,Unknown,[],0.184381969,0.184381969,USD
rg10004-stage-kiocentral,/subscriptions/6276588a-9234-41ee-a81c-7538ea3a817e/resourcegroups/rg10004-stage-kiocentral,KioSoft Globalazure  Subscription,6276588a-9234-41ee-a81c-7538ea3a817e,vm10009-stage-market-web02_cpu-memory-alert,/subscriptions/6276588a-9234-41ee-a81c-7538ea3a817e/resourcegroups/rg10004-stage-kiocentral/providers/microsoft.insights/metricalerts/vm10009-stage-market-web02_cpu-memory-alert,microsoft.insights/metricalerts,Unknown,[],0.184125836,0.184125836,USD
rg10004-stage-kiocentral,/subscriptions/6276588a-9234-41ee-a81c-7538ea3a817e/resourcegroups/rg10004-stage-kiocentral,KioSoft Globalazure  Subscription,6276588a-9234-41ee-a81c-7538ea3a817e,vm10010-stage-market-soft01_cpu-memory-alert,/subscriptions/6276588a-9234-41ee-a81c-7538ea3a817e/resourcegroups/rg10004-stage-kiocentral/providers/microsoft.insights/metricalerts/vm10010-stage-market-soft01_cpu-memory-alert,microsoft.insights/metricalerts,Unknown,[],0.06553603,0.06553603,USD
rg10004-stage-kiocentral,/subscriptions/6276588a-9234-41ee-a81c-7538ea3a817e/resourcegroups/rg10004-stage-kiocentral,KioSoft Globalazure  Subscription,6276588a-9234-41ee-a81c-7538ea3a817e,vm10006-stage-market-single_cpu-memory-alert,/subscriptions/6276588a-9234-41ee-a81c-7538ea3a817e/resourcegroups/rg10004-stage-kiocentral/providers/microsoft.insights/metricalerts/vm10006-stage-market-single_cpu-memory-alert,microsoft.insights/metricalerts,Unknown,[],0.019722279,0.019722279,USD
rg57-prod-devops-infrastructure,/subscriptions/6276588a-9234-41ee-a81c-7538ea3a817e/resourcegroups/rg57-prod-devops-infrastructure,KioSoft Globalazure  Subscription,6276588a-9234-41ee-a81c-7538ea3a817e,vm140-prod-devops-ai_osdisk_1_83b9e79bcd134b239c4100f995f1c8cb,/subscriptions/6276588a-9234-41ee-a81c-7538ea3a817e/resourcegroups/rg57-prod-devops-infrastructure/providers/microsoft.compute/disks/vm140-prod-devops-ai_osdisk_1_83b9e79bcd134b239c4100f995f1c8cb,Disk,US East,[],37.19452637,37.19452637,USD
rg57-prod-devops-infrastructure,/subscriptions/6276588a-9234-41ee-a81c-7538ea3a817e/resourcegroups/rg57-prod-devops-infrastructure,KioSoft Globalazure  Subscription,6276588a-9234-41ee-a81c-7538ea3a817e,vm140-prod-devops-ai,/subscriptions/6276588a-9234-41ee-a81c-7538ea3a817e/resourcegroups/rg57-prod-devops-infrastructure/providers/microsoft.compute/virtualmachines/vm140-prod-devops-ai,Virtual machine,"US East, Intercontinental","[""\""environment\"":\""production\"""",""\""publisher\"":\""canonical\"""",""\""product\"":\""devops-ai\""""]",15.40491007,15.40491007,USD
rg57-prod-devops-infrastructure,/subscriptions/6276588a-9234-41ee-a81c-7538ea3a817e/resourcegroups/rg57-prod-devops-infrastructure,KioSoft Globalazure  Subscription,6276588a-9234-41ee-a81c-7538ea3a817e,pip170-vm140-prod-devops-ai,/subscriptions/6276588a-9234-41ee-a81c-7538ea3a817e/resourcegroups/rg57-prod-devops-infrastructure/providers/microsoft.network/publicipaddresses/pip170-vm140-prod-devops-ai,Public IP address,US East,[],3.600039685,3.600039685,USD
rg55-prod-wazan,/subscriptions/6276588a-9234-41ee-a81c-7538ea3a817e/resourcegroups/rg55-prod-wazan,KioSoft Globalazure  Subscription,6276588a-9234-41ee-a81c-7538ea3a817e,vm136-prod-wazan-web01_osdisk_1_75074322860c414f921c689d0224db50,/subscriptions/6276588a-9234-41ee-a81c-7538ea3a817e/resourcegroups/rg55-prod-wazan/providers/microsoft.compute/disks/vm136-prod-wazan-web01_osdisk_1_75074322860c414f921c689d0224db50,Disk,US East,[],19.28583596,19.28583596,USD
rg55-prod-wazan,/subscriptions/6276588a-9234-41ee-a81c-7538ea3a817e/resourcegroups/rg55-prod-wazan,KioSoft Globalazure  Subscription,6276588a-9234-41ee-a81c-7538ea3a817e,vm136-prod-wazan-web01,/subscriptions/6276588a-9234-41ee-a81c-7538ea3a817e/resourcegroups/rg55-prod-wazan/providers/microsoft.compute/virtualmachines/vm136-prod-wazan-web01,Virtual machine,"US East, Intercontinental","[""\""environment\"":\""production\"""",""\""product\"":\""wazan-web01\"""",""\""publisher\"":\""canonical\""""]",17.41421589,17.41421589,USD
rg55-prod-wazan,/subscriptions/6276588a-9234-41ee-a81c-7538ea3a817e/resourcegroups/rg55-prod-wazan,KioSoft Globalazure  Subscription,6276588a-9234-41ee-a81c-7538ea3a817e,pip168-vm136-prod-wazan-web01,/subscriptions/6276588a-9234-41ee-a81c-7538ea3a817e/resourcegroups/rg55-prod-wazan/providers/microsoft.network/publicipaddresses/pip168-vm136-prod-wazan-web01,Public IP address,US East,[],3.600039685,3.600039685,USD
rg53-automated_testing_platform,/subscriptions/6276588a-9234-41ee-a81c-7538ea3a817e/resourcegroups/rg53-automated_testing_platform,KioSoft Globalazure  Subscription,6276588a-9234-41ee-a81c-7538ea3a817e,vm126-automated-testing-platform_osdisk_1_ffd07256ddcf488980faed125034b72b,/subscriptions/6276588a-9234-41ee-a81c-7538ea3a817e/resourcegroups/rg53-automated_testing_platform/providers/microsoft.compute/disks/vm126-automated-testing-platform_osdisk_1_ffd07256ddcf488980faed125034b72b,Disk,US East,[],19.28583596,19.28583596,USD
rg53-automated_testing_platform,/subscriptions/6276588a-9234-41ee-a81c-7538ea3a817e/resourcegroups/rg53-automated_testing_platform,KioSoft Globalazure  Subscription,6276588a-9234-41ee-a81c-7538ea3a817e,vm126-automated-testing-platform,/subscriptions/6276588a-9234-41ee-a81c-7538ea3a817e/resourcegroups/rg53-automated_testing_platform/providers/microsoft.compute/virtualmachines/vm126-automated-testing-platform,Virtual machine,US East,"[""\""environment\"":\""production\"""",""\""squad\"":\""qa\"""",""\""publisher\"":\""canonical\"""",""\""product\"":\""automated-platform\""""]",17.39214371,17.39214371,USD
rg53-automated_testing_platform,/subscriptions/6276588a-9234-41ee-a81c-7538ea3a817e/resourcegroups/rg53-automated_testing_platform,KioSoft Globalazure  Subscription,6276588a-9234-41ee-a81c-7538ea3a817e,pip157-vm126-automated-testing-platform,/subscriptions/6276588a-9234-41ee-a81c-7538ea3a817e/resourcegroups/rg53-automated_testing_platform/providers/microsoft.network/publicipaddresses/pip157-vm126-automated-testing-platform,Public IP address,US East,[],3.600039685,3.600039685,USD
rg20006-prod-integration,/subscriptions/6276588a-9234-41ee-a81c-7538ea3a817e/resourcegroups/rg20006-prod-integration,KioSoft Globalazure  Subscription,6276588a-9234-41ee-a81c-7538ea3a817e,disk20018-prod-integration-web01-os,/subscriptions/6276588a-9234-41ee-a81c-7538ea3a817e/resourcegroups/rg20006-prod-integration/providers/microsoft.compute/disks/disk20018-prod-integration-web01-os,Disk,US Central,"[""\""environment\"":\""prod\"""",""\""product\"":\""integration\""""]",19.28371943,19.28371943,USD
rg20006-prod-integration,/subscriptions/6276588a-9234-41ee-a81c-7538ea3a817e/resourcegroups/rg20006-prod-integration,KioSoft Globalazure  Subscription,6276588a-9234-41ee-a81c-7538ea3a817e,vm20014-prod-integration-web01,/subscriptions/6276588a-9234-41ee-a81c-7538ea3a817e/resourcegroups/rg20006-prod-integration/providers/microsoft.compute/virtualmachines/vm20014-prod-integration-web01,Virtual machine,"US Central, Intercontinental","[""\""environment\"":\""prod\"""",""\""product\"":\""integration\""""]",16.09416695,16.09416695,USD
rg20006-prod-integration,/subscriptions/6276588a-9234-41ee-a81c-7538ea3a817e/resourcegroups/rg20006-prod-integration,KioSoft Globalazure  Subscription,6276588a-9234-41ee-a81c-7538ea3a817e,prod-integrationserver-ip,/subscriptions/6276588a-9234-41ee-a81c-7538ea3a817e/resourcegroups/rg20006-prod-integration/providers/microsoft.network/publicipaddresses/prod-integrationserver-ip,Public IP address,US Central,"[""\""environment\"":\""production\"""",""\""product\"":\""retail\"""",""\""subproduct\"":\""integration\"""",""\""pointofcontact\"":\""om@techtrex.com\""""]",3.595039685,3.595039685,USD
rg20006-prod-integration,/subscriptions/6276588a-9234-41ee-a81c-7538ea3a817e/resourcegroups/rg20006-prod-integration,KioSoft Globalazure  Subscription,6276588a-9234-41ee-a81c-7538ea3a817e,vm20014-prod-integration-web01_cpu-memory-alert,/subscriptions/6276588a-9234-41ee-a81c-7538ea3a817e/resourcegroups/rg20006-prod-integration/providers/microsoft.insights/metricalerts/vm20014-prod-integration-web01_cpu-memory-alert,microsoft.insights/metricalerts,Unknown,[],0.184381969,0.184381969,USD
production,/subscriptions/6276588a-9234-41ee-a81c-7538ea3a817e/resourcegroups/production,KioSoft Globalazure  Subscription,6276588a-9234-41ee-a81c-7538ea3a817e,prod-mqtt-coffee_osdisk_1_747e1c7aa6e54ec1b5f8196f647640b5,/subscriptions/6276588a-9234-41ee-a81c-7538ea3a817e/resourcegroups/production/providers/microsoft.compute/disks/prod-mqtt-coffee_osdisk_1_747e1c7aa6e54ec1b5f8196f647640b5,Disk,US East,[],19.28583596,19.28583596,USD
production,/subscriptions/6276588a-9234-41ee-a81c-7538ea3a817e/resourcegroups/production,KioSoft Globalazure  Subscription,6276588a-9234-41ee-a81c-7538ea3a817e,prod-mqtt-coffee,/subscriptions/6276588a-9234-41ee-a81c-7538ea3a817e/resourcegroups/production/providers/microsoft.compute/virtualmachines/prod-mqtt-coffee,Virtual machine,"US East, Intercontinental","[""\""environment\"":\""production\"""",""\""publisher\"":\""canonical\"""",""\""product\"":\""market - coffee - mqtt\""""]",14.45460922,14.45460922,USD
production,/subscriptions/6276588a-9234-41ee-a81c-7538ea3a817e/resourcegroups/production,KioSoft Globalazure  Subscription,6276588a-9234-41ee-a81c-7538ea3a817e,prod-mqtt-coffee-ip,/subscriptions/6276588a-9234-41ee-a81c-7538ea3a817e/resourcegroups/production/providers/microsoft.network/publicipaddresses/prod-mqtt-coffee-ip,Public IP address,US East,[],3.600039685,3.600039685,USD
production,/subscriptions/6276588a-9234-41ee-a81c-7538ea3a817e/resourcegroups/production,KioSoft Globalazure  Subscription,6276588a-9234-41ee-a81c-7538ea3a817e,high cpu usage-mqtt-coffee,/subscriptions/6276588a-9234-41ee-a81c-7538ea3a817e/resourcegroups/production/providers/microsoft.insights/metricalerts/high cpu usage-mqtt-coffee,microsoft.insights/metricalerts,Unknown,[],0.092190985,0.092190985,USD
production,/subscriptions/6276588a-9234-41ee-a81c-7538ea3a817e/resourcegroups/production,KioSoft Globalazure  Subscription,6276588a-9234-41ee-a81c-7538ea3a817e,high mem usage-mqtt-coffee,/subscriptions/6276588a-9234-41ee-a81c-7538ea3a817e/resourcegroups/production/providers/microsoft.insights/metricalerts/high mem usage-mqtt-coffee,microsoft.insights/metricalerts,Unknown,[],0.092190985,0.092190985,USD
ttideploy,/subscriptions/6276588a-9234-41ee-a81c-7538ea3a817e/resourcegroups/ttideploy,KioSoft Globalazure  Subscription,6276588a-9234-41ee-a81c-7538ea3a817e,ttideployment-osdisk-20230807-055519,/subscriptions/6276588a-9234-41ee-a81c-7538ea3a817e/resourcegroups/ttideploy/providers/microsoft.compute/disks/ttideployment-osdisk-20230807-055519,Disk,US East,"[""\""rsvaultbackup\"":\""eea39dd8-8c86-4d36-ab9f-098a0748ac78\""""]",19.28583596,19.28583596,USD
ttideploy,/subscriptions/6276588a-9234-41ee-a81c-7538ea3a817e/resourcegroups/ttideploy,KioSoft Globalazure  Subscription,6276588a-9234-41ee-a81c-7538ea3a817e,ttideployment,/subscriptions/6276588a-9234-41ee-a81c-7538ea3a817e/resourcegroups/ttideploy/providers/microsoft.compute/virtualmachines/ttideployment,Virtual machine,US East,"[""\""environment\"":\""production\"""",""\""publisher\"":\""openlogic\"""",""\""product\"":\""om - jenkins prod\""""]",14.43953632,14.43953632,USD
ttideploy,/subscriptions/6276588a-9234-41ee-a81c-7538ea3a817e/resourcegroups/ttideploy,KioSoft Globalazure  Subscription,6276588a-9234-41ee-a81c-7538ea3a817e,ttideployment-ip,/subscriptions/6276588a-9234-41ee-a81c-7538ea3a817e/resourcegroups/ttideploy/providers/microsoft.network/publicipaddresses/ttideployment-ip,Public IP address,US East,[],3.600039685,3.600039685,USD
ttideploy,/subscriptions/6276588a-9234-41ee-a81c-7538ea3a817e/resourcegroups/ttideploy,KioSoft Globalazure  Subscription,6276588a-9234-41ee-a81c-7538ea3a817e,high cpu usage-ttideployment,/subscriptions/6276588a-9234-41ee-a81c-7538ea3a817e/resourcegroups/ttideploy/providers/microsoft.insights/metricalerts/high cpu usage-ttideployment,microsoft.insights/metricalerts,Unknown,[],0.092190985,0.092190985,USD
ttideploy,/subscriptions/6276588a-9234-41ee-a81c-7538ea3a817e/resourcegroups/ttideploy,KioSoft Globalazure  Subscription,6276588a-9234-41ee-a81c-7538ea3a817e,high mem usage-ttideployment,/subscriptions/6276588a-9234-41ee-a81c-7538ea3a817e/resourcegroups/ttideploy/providers/microsoft.insights/metricalerts/high mem usage-ttideployment,microsoft.insights/metricalerts,Unknown,[],0.092190985,0.092190985,USD
databricks-rg-kiodatabricks-63wh3jijrnppk,/subscriptions/6276588a-9234-41ee-a81c-7538ea3a817e/resourcegroups/databricks-rg-kiodatabricks-63wh3jijrnppk,KioSoft Globalazure  Subscription,6276588a-9234-41ee-a81c-7538ea3a817e,nat-gateway,/subscriptions/6276588a-9234-41ee-a81c-7538ea3a817e/resourcegroups/databricks-rg-kiodatabricks-63wh3jijrnppk/providers/microsoft.network/natgateways/nat-gateway,NAT gateway,US East,"[""\""application\"":\""databricks\"""",""\""databricks-environment\"":\""true\""""]",32.39924215,32.39924215,USD
databricks-rg-kiodatabricks-63wh3jijrnppk,/subscriptions/6276588a-9234-41ee-a81c-7538ea3a817e/resourcegroups/databricks-rg-kiodatabricks-63wh3jijrnppk,KioSoft Globalazure  Subscription,6276588a-9234-41ee-a81c-7538ea3a817e,nat-gw-public-ip,/subscriptions/6276588a-9234-41ee-a81c-7538ea3a817e/resourcegroups/databricks-rg-kiodatabricks-63wh3jijrnppk/providers/microsoft.network/publicipaddresses/nat-gw-public-ip,Public IP address,US East,"[""\""application\"":\""databricks\"""",""\""databricks-environment\"":\""true\""""]",3.600039685,3.600039685,USD
databricks-rg-kiodatabricks-63wh3jijrnppk,/subscriptions/6276588a-9234-41ee-a81c-7538ea3a817e/resourcegroups/databricks-rg-kiodatabricks-63wh3jijrnppk,KioSoft Globalazure  Subscription,6276588a-9234-41ee-a81c-7538ea3a817e,dbstoragemfwmlslycntz2,/subscriptions/6276588a-9234-41ee-a81c-7538ea3a817e/resourcegroups/databricks-rg-kiodatabricks-63wh3jijrnppk/providers/microsoft.storage/storageaccounts/dbstoragemfwmlslycntz2,Storage account,US East,"[""\""application\"":\""databricks\"""",""\""databricks-environment\"":\""true\""""]",0.006667805,0.006667805,USD
rg9998-test-bigdata-infrastructure,/subscriptions/6276588a-9234-41ee-a81c-7538ea3a817e/resourcegroups/rg9998-test-bigdata-infrastructure,KioSoft Globalazure  Subscription,6276588a-9234-41ee-a81c-7538ea3a817e,bigdata1datafactory,/subscriptions/6276588a-9234-41ee-a81c-7538ea3a817e/resourcegroups/rg9998-test-bigdata-infrastructure/providers/microsoft.datafactory/factories/bigdata1datafactory,Data factory (V2),US East,[],21.60025,21.60025,USD
rg9998-test-bigdata-infrastructure,/subscriptions/6276588a-9234-41ee-a81c-7538ea3a817e/resourcegroups/rg9998-test-bigdata-infrastructure,KioSoft Globalazure  Subscription,6276588a-9234-41ee-a81c-7538ea3a817e,bigdata1storageac,/subscriptions/6276588a-9234-41ee-a81c-7538ea3a817e/resourcegroups/rg9998-test-bigdata-infrastructure/providers/microsoft.storage/storageaccounts/bigdata1storageac,Storage account,US East,[],4.406396773,4.406396773,USD
rg9998-test-bigdata-infrastructure,/subscriptions/6276588a-9234-41ee-a81c-7538ea3a817e/resourcegroups/rg9998-test-bigdata-infrastructure,KioSoft Globalazure  Subscription,6276588a-9234-41ee-a81c-7538ea3a817e,elktestdatalake,/subscriptions/6276588a-9234-41ee-a81c-7538ea3a817e/resourcegroups/rg9998-test-bigdata-infrastructure/providers/microsoft.storage/storageaccounts/elktestdatalake,Storage account,US East,[],1.221465032,1.221465032,USD
rg60-prod-kiocentraluk,/subscriptions/6276588a-9234-41ee-a81c-7538ea3a817e/resourcegroups/rg60-prod-kiocentraluk,KioSoft Globalazure  Subscription,6276588a-9234-41ee-a81c-7538ea3a817e,vm158-prod-kiocentraluk-web01-osdisk,/subscriptions/6276588a-9234-41ee-a81c-7538ea3a817e/resourcegroups/rg60-prod-kiocentraluk/providers/microsoft.compute/disks/vm158-prod-kiocentraluk-web01-osdisk,Disk,UK South,[],23.338815,23.338815,USD
rg60-prod-kiocentraluk,/subscriptions/6276588a-9234-41ee-a81c-7538ea3a817e/resourcegroups/rg60-prod-kiocentraluk,KioSoft Globalazure  Subscription,6276588a-9234-41ee-a81c-7538ea3a817e,pip179-vm158-prod-kiocentraluk-web01,/subscriptions/6276588a-9234-41ee-a81c-7538ea3a817e/resourcegroups/rg60-prod-kiocentraluk/providers/microsoft.network/publicipaddresses/pip179-vm158-prod-kiocentraluk-web01,Public IP address,UK South,[],3.60003974,3.60003974,USD
rg60-prod-kiocentraluk,/subscriptions/6276588a-9234-41ee-a81c-7538ea3a817e/resourcegroups/rg60-prod-kiocentraluk,KioSoft Globalazure  Subscription,6276588a-9234-41ee-a81c-7538ea3a817e,[critical mysql online]-mysql17-prod-kiocentraluk,/subscriptions/6276588a-9234-41ee-a81c-7538ea3a817e/resourcegroups/rg60-prod-kiocentraluk/providers/microsoft.insights/metricalerts/[critical mysql online]-mysql17-prod-kiocentraluk,microsoft.insights/metricalerts,Unknown,[],0.058270369,0.058270369,USD
rg10003-test-datalake,/subscriptions/6276588a-9234-41ee-a81c-7538ea3a817e/resourcegroups/rg10003-test-datalake,KioSoft Globalazure  Subscription,6276588a-9234-41ee-a81c-7538ea3a817e,adf10000-test-datalake,/subscriptions/6276588a-9234-41ee-a81c-7538ea3a817e/resourcegroups/rg10003-test-datalake/providers/microsoft.datafactory/factories/adf10000-test-datalake,Data factory (V2),US East,[],14.40025,14.40025,USD
rg10003-test-datalake,/subscriptions/6276588a-9234-41ee-a81c-7538ea3a817e/resourcegroups/rg10003-test-datalake,KioSoft Globalazure  Subscription,6276588a-9234-41ee-a81c-7538ea3a817e,adls10000testdatalake,/subscriptions/6276588a-9234-41ee-a81c-7538ea3a817e/resourcegroups/rg10003-test-datalake/providers/microsoft.storage/storageaccounts/adls10000testdatalake,Storage account,US East,[],0.672991651,0.672991651,USD
rg10003-test-datalake,/subscriptions/6276588a-9234-41ee-a81c-7538ea3a817e/resourcegroups/rg10003-test-datalake,KioSoft Globalazure  Subscription,6276588a-9234-41ee-a81c-7538ea3a817e,datafactoryerror,/subscriptions/6276588a-9234-41ee-a81c-7538ea3a817e/resourcegroups/rg10003-test-datalake/providers/microsoft.insights/actiongroups/datafactoryerror,microsoft.insights/actiongroups,US East 2,[],9.95025E-08,9.95025E-08,USD
azurebackuprg_eastus2_1,/subscriptions/6276588a-9234-41ee-a81c-7538ea3a817e/resourcegroups/azurebackuprg_eastus2_1,KioSoft Globalazure  Subscription,6276588a-9234-41ee-a81c-7538ea3a817e,azurebackup_vm20005-prod-jumpserver_5414223954462998027,/subscriptions/6276588a-9234-41ee-a81c-7538ea3a817e/resourcegroups/azurebackuprg_eastus2_1/providers/microsoft.compute/restorepointcollections/azurebackup_vm20005-prod-jumpserver_5414223954462998027,Restore Point Collection,US East 2,[],5.108966731,5.108966731,USD
azurebackuprg_eastus2_1,/subscriptions/6276588a-9234-41ee-a81c-7538ea3a817e/resourcegroups/azurebackuprg_eastus2_1,KioSoft Globalazure  Subscription,6276588a-9234-41ee-a81c-7538ea3a817e,azurebackup_sutserver01_5414223955705124177,/subscriptions/6276588a-9234-41ee-a81c-7538ea3a817e/resourcegroups/azurebackuprg_eastus2_1/providers/microsoft.compute/restorepointcollections/azurebackup_sutserver01_5414223955705124177,Restore Point Collection,US East 2,[],3.35645649,3.35645649,USD
azurebackuprg_eastus2_1,/subscriptions/6276588a-9234-41ee-a81c-7538ea3a817e/resourcegroups/azurebackuprg_eastus2_1,KioSoft Globalazure  Subscription,6276588a-9234-41ee-a81c-7538ea3a817e,azurebackup_sutserver02_5414223954115939432,/subscriptions/6276588a-9234-41ee-a81c-7538ea3a817e/resourcegroups/azurebackuprg_eastus2_1/providers/microsoft.compute/restorepointcollections/azurebackup_sutserver02_5414223954115939432,Restore Point Collection,US East 2,[],0.975448565,0.975448565,USD
azurebackuprg_eastus2_1,/subscriptions/6276588a-9234-41ee-a81c-7538ea3a817e/resourcegroups/azurebackuprg_eastus2_1,KioSoft Globalazure  Subscription,6276588a-9234-41ee-a81c-7538ea3a817e,azurebackup_ks-fgt_5414223953941450345,/subscriptions/6276588a-9234-41ee-a81c-7538ea3a817e/resourcegroups/azurebackuprg_eastus2_1/providers/microsoft.compute/restorepointcollections/azurebackup_ks-fgt_5414223953941450345,Restore Point Collection,US East 2,[],0.165541046,0.165541046,USD
azurebackuprg_eastus2_1,/subscriptions/6276588a-9234-41ee-a81c-7538ea3a817e/resourcegroups/azurebackuprg_eastus2_1,KioSoft Globalazure  Subscription,6276588a-9234-41ee-a81c-7538ea3a817e,azurebackup_vm20022-prod-sut-server02_5414223954553080845,/subscriptions/6276588a-9234-41ee-a81c-7538ea3a817e/resourcegroups/azurebackuprg_eastus2_1/providers/microsoft.compute/restorepointcollections/azurebackup_vm20022-prod-sut-server02_5414223954553080845,Restore Point Collection,US East 2,[],0.046075082,0.046075082,USD
azurebackuprg_southcentralus_1,/subscriptions/6276588a-9234-41ee-a81c-7538ea3a817e/resourcegroups/azurebackuprg_southcentralus_1,KioSoft Globalazure  Subscription,6276588a-9234-41ee-a81c-7538ea3a817e,azurebackup_vm20018-prod-latamcleanstore-web01_460229181087139705,/subscriptions/6276588a-9234-41ee-a81c-7538ea3a817e/resourcegroups/azurebackuprg_southcentralus_1/providers/microsoft.compute/restorepointcollections/azurebackup_vm20018-prod-latamcleanstore-web01_460229181087139705,Restore Point Collection,US South Central,[],1.681589715,1.681589715,USD
azurebackuprg_southcentralus_1,/subscriptions/6276588a-9234-41ee-a81c-7538ea3a817e/resourcegroups/azurebackuprg_southcentralus_1,KioSoft Globalazure  Subscription,6276588a-9234-41ee-a81c-7538ea3a817e,azurebackup_vm20019-prod-latamcleanstore-web02_460229179169971872,/subscriptions/6276588a-9234-41ee-a81c-7538ea3a817e/resourcegroups/azurebackuprg_southcentralus_1/providers/microsoft.compute/restorepointcollections/azurebackup_vm20019-prod-latamcleanstore-web02_460229179169971872,Restore Point Collection,US South Central,[],1.410999788,1.410999788,USD
azurebackuprg_southcentralus_1,/subscriptions/6276588a-9234-41ee-a81c-7538ea3a817e/resourcegroups/azurebackuprg_southcentralus_1,KioSoft Globalazure  Subscription,6276588a-9234-41ee-a81c-7538ea3a817e,azurebackup_vm20020-prod-latamcleanstore-web03_460229180512933154,/subscriptions/6276588a-9234-41ee-a81c-7538ea3a817e/resourcegroups/azurebackuprg_southcentralus_1/providers/microsoft.compute/restorepointcollections/azurebackup_vm20020-prod-latamcleanstore-web03_460229180512933154,Restore Point Collection,US South Central,[],1.386138935,1.386138935,USD
newwbserverscheme,/subscriptions/6276588a-9234-41ee-a81c-7538ea3a817e/resourcegroups/newwbserverscheme,KioSoft Globalazure  Subscription,6276588a-9234-41ee-a81c-7538ea3a817e,retail-loadbalance-stage-ip,/subscriptions/6276588a-9234-41ee-a81c-7538ea3a817e/resourcegroups/newwbserverscheme/providers/microsoft.network/publicipaddresses/retail-loadbalance-stage-ip,Public IP address,US East,[],3.600039685,3.600039685,USD
newwbserverscheme,/subscriptions/6276588a-9234-41ee-a81c-7538ea3a817e/resourcegroups/newwbserverscheme,KioSoft Globalazure  Subscription,6276588a-9234-41ee-a81c-7538ea3a817e,lbweb01-vm-cpu-high,/subscriptions/6276588a-9234-41ee-a81c-7538ea3a817e/resourcegroups/newwbserverscheme/providers/microsoft.insights/metricalerts/lbweb01-vm-cpu-high,microsoft.insights/metricalerts,Unknown,[],0.057501968,0.057501968,USD
azurebackuprg_centralus_1,/subscriptions/6276588a-9234-41ee-a81c-7538ea3a817e/resourcegroups/azurebackuprg_centralus_1,KioSoft Globalazure  Subscription,6276588a-9234-41ee-a81c-7538ea3a817e,azurebackup_vm20014-prod-integration-web01_35184734496430,/subscriptions/6276588a-9234-41ee-a81c-7538ea3a817e/resourcegroups/azurebackuprg_centralus_1/providers/microsoft.compute/restorepointcollections/azurebackup_vm20014-prod-integration-web01_35184734496430,Restore Point Collection,US Central,[],2.324353393,2.324353393,USD
azurebackuprg_centralus_1,/subscriptions/6276588a-9234-41ee-a81c-7538ea3a817e/resourcegroups/azurebackuprg_centralus_1,KioSoft Globalazure  Subscription,6276588a-9234-41ee-a81c-7538ea3a817e,azurebackup_tmsprod-oldtms1_35185633139871,/subscriptions/6276588a-9234-41ee-a81c-7538ea3a817e/resourcegroups/azurebackuprg_centralus_1/providers/microsoft.compute/restorepointcollections/azurebackup_tmsprod-oldtms1_35185633139871,Restore Point Collection,US Central,[],0.263017471,0.263017471,USD
azurebackuprg_uksouth_1,/subscriptions/6276588a-9234-41ee-a81c-7538ea3a817e/resourcegroups/azurebackuprg_uksouth_1,KioSoft Globalazure  Subscription,6276588a-9234-41ee-a81c-7538ea3a817e,azurebackup_vm158-prod-kiocentraluk-web01_351845567506023,/subscriptions/6276588a-9234-41ee-a81c-7538ea3a817e/resourcegroups/azurebackuprg_uksouth_1/providers/microsoft.compute/restorepointcollections/azurebackup_vm158-prod-kiocentraluk-web01_351845567506023,Restore Point Collection,UK South,[],1.866899835,1.866899835,USD
security-logrg,/subscriptions/6276588a-9234-41ee-a81c-7538ea3a817e/resourcegroups/security-logrg,KioSoft Globalazure  Subscription,6276588a-9234-41ee-a81c-7538ea3a817e,azeaus-secops-workspace,/subscriptions/6276588a-9234-41ee-a81c-7538ea3a817e/resourcegroups/security-logrg/providers/microsoft.operationalinsights/workspaces/azeaus-secops-workspace,Log Analytics workspace,US East,[],0.461376808,0.461376808,USD
rg43_prod_alert,/subscriptions/6276588a-9234-41ee-a81c-7538ea3a817e/resourcegroups/rg43_prod_alert,KioSoft Globalazure  Subscription,6276588a-9234-41ee-a81c-7538ea3a817e,activeconnectionalert-kiopos-error,/subscriptions/6276588a-9234-41ee-a81c-7538ea3a817e/resourcegroups/rg43_prod_alert/providers/microsoft.insights/metricalerts/activeconnectionalert-kiopos-error,microsoft.insights/metricalerts,Unknown,[],0.092190985,0.092190985,USD
rg43_prod_alert,/subscriptions/6276588a-9234-41ee-a81c-7538ea3a817e/resourcegroups/rg43_prod_alert,KioSoft Globalazure  Subscription,6276588a-9234-41ee-a81c-7538ea3a817e,kiopos high memory usage,/subscriptions/6276588a-9234-41ee-a81c-7538ea3a817e/resourcegroups/rg43_prod_alert/providers/microsoft.insights/metricalerts/kiopos high memory usage,microsoft.insights/metricalerts,Unknown,[],0.092190985,0.092190985,USD
rg43_prod_alert,/subscriptions/6276588a-9234-41ee-a81c-7538ea3a817e/resourcegroups/rg43_prod_alert,KioSoft Globalazure  Subscription,6276588a-9234-41ee-a81c-7538ea3a817e,kiopos high storage usage,/subscriptions/6276588a-9234-41ee-a81c-7538ea3a817e/resourcegroups/rg43_prod_alert/providers/microsoft.insights/metricalerts/kiopos high storage usage,microsoft.insights/metricalerts,Unknown,[],0.092190985,0.092190985,USD
rg43_prod_alert,/subscriptions/6276588a-9234-41ee-a81c-7538ea3a817e/resourcegroups/rg43_prod_alert,KioSoft Globalazure  Subscription,6276588a-9234-41ee-a81c-7538ea3a817e,kiopos high cpu usage,/subscriptions/6276588a-9234-41ee-a81c-7538ea3a817e/resourcegroups/rg43_prod_alert/providers/microsoft.insights/metricalerts/kiopos high cpu usage,microsoft.insights/metricalerts,Unknown,[],0.092062918,0.092062918,USD
rg43_prod_alert,/subscriptions/6276588a-9234-41ee-a81c-7538ea3a817e/resourcegroups/rg43_prod_alert,KioSoft Globalazure  Subscription,6276588a-9234-41ee-a81c-7538ea3a817e,prod_mysql_action,/subscriptions/6276588a-9234-41ee-a81c-7538ea3a817e/resourcegroups/rg43_prod_alert/providers/microsoft.insights/actiongroups/prod_mysql_action,microsoft.insights/actiongroups,"US West 2, US West, US East 2, US North Central",[],6.43781E-05,6.43781E-05,USD
rg43_prod_alert,/subscriptions/6276588a-9234-41ee-a81c-7538ea3a817e/resourcegroups/rg43_prod_alert,KioSoft Globalazure  Subscription,6276588a-9234-41ee-a81c-7538ea3a817e,prod_action,/subscriptions/6276588a-9234-41ee-a81c-7538ea3a817e/resourcegroups/rg43_prod_alert/providers/microsoft.insights/actiongroups/prod_action,microsoft.insights/actiongroups,"US West, US West 2, US East 2, US North Central",[],3.53234E-05,3.53234E-05,USD
fim-datacollectionrules,/subscriptions/6276588a-9234-41ee-a81c-7538ea3a817e/resourcegroups/fim-datacollectionrules,KioSoft Globalazure  Subscription,6276588a-9234-41ee-a81c-7538ea3a817e,defaultworkspace-6276588a-9234-41ee-a81c-7538ea3a817e-fim,/subscriptions/6276588a-9234-41ee-a81c-7538ea3a817e/resourcegroups/fim-datacollectionrules/providers/microsoft.operationalinsights/workspaces/defaultworkspace-6276588a-9234-41ee-a81c-7538ea3a817e-fim,Log Analytics workspace,US East,[],0.001277488,0.001277488,USD
defaultresourcegroup-eus2,/subscriptions/6276588a-9234-41ee-a81c-7538ea3a817e/resourcegroups/defaultresourcegroup-eus2,KioSoft Globalazure  Subscription,6276588a-9234-41ee-a81c-7538ea3a817e,defaultworkspace-6276588a-9234-41ee-a81c-7538ea3a817e-eus2,/subscriptions/6276588a-9234-41ee-a81c-7538ea3a817e/resourcegroups/defaultresourcegroup-eus2/providers/microsoft.operationalinsights/workspaces/defaultworkspace-6276588a-9234-41ee-a81c-7538ea3a817e-eus2,Log Analytics workspace,US East 2,[],0,0,USD
networkwatcherrg,/subscriptions/6276588a-9234-41ee-a81c-7538ea3a817e/resourcegroups/networkwatcherrg,KioSoft Globalazure  Subscription,6276588a-9234-41ee-a81c-7538ea3a817e,networkwatcher_eastus,/subscriptions/6276588a-9234-41ee-a81c-7538ea3a817e/resourcegroups/networkwatcherrg/providers/microsoft.network/networkwatchers/networkwatcher_eastus,Network Watcher,US East,[],0,0,USD
,,KioSoft Globalazure  Subscription,6276588a-9234-41ee-a81c-7538ea3a817e,arm,/subscriptions/6276588a-9234-41ee-a81c-7538ea3a817e/providers/microsoft.security/pricings/arm,microsoft.security/pricings,Unknown,,1.188911834,1.188911834,USD