Resource,SubscriptionName,ResourceGroup,CurrentCostUSD,LastCostUSD,DeltaUSD,Remark
mysql12-prod-cleanstore,KioSoft Globalazure  Subscription,rg47-prod-cleanstore,1267.267276,967.714034,299.553242,UP
tmsprod,KioSoft Globalazure  Subscription,tmsprod,545.691714,794.459442,-248.767727,DOWN
disk20011-prod-elk-os,KioSoft Globalazure  Subscription,rg20002-prod-om,26.63039,264.625075,-237.994685,DOWN
mysql05-test-retail,KioSoft Globalazure  Subscription,kiosoft-test,472.979616,613.078354,-140.098739,DOWN
mysql15-prod-market-replica,KioSoft Globalazure  Subscription,retail,87.20266,200.240087,-113.037427,DOWN
rsv05-test-eastus,KioSoft Globalazure  Subscription,backup,644.049591,740.034523,-95.984932,DOWN
disk20012-prod-csc-elk01-os,KioSoft Globalazure  Subscription,rg20003-prod-csc,42.058947,137.669171,-95.610224,DOWN
azurebackup_vm20007-prod-elk01_929623888800552841,KioSoft Globalazure  Subscription,azurebackuprg_eastus_1,7.615236,88.041021,-80.425785,DOWN
azurebackup_vm20016-prod-doris01_929623887154713044,KioSoft Globalazure  Subscription,azurebackuprg_eastus_1,161.629644,87.699962,73.929682,UP
rsv01-prod-eastus,KioSoft Globalazure  Subscription,backup,2120.557242,2047.304148,73.253094,UP
disk20026-prod-elk01-data01,KioSoft Globalazure  Subscription,rg20003-prod-csc,72.626445,0.0,72.626445,NEW
cc-test,KioSoft Globalazure  Subscription,commandcenter,0.0,63.202548,-63.202548,REMOVED
restore-prod-sage,KioSoft Globalazure  Subscription,rg9999-test-infrastructure,56.032004,0.0,56.032004,NEW
mysql19-prod-cleanstore-db02,KioSoft Globalazure  Subscription,rg47-prod-cleanstore,213.123072,159.032706,54.090365,UP
restoreprodsage-osdisk-20250930-051805,KioSoft Globalazure  Subscription,rg9999-test-infrastructure,49.035432,0.0,49.035432,NEW
vm126-automated-testing-platform,KioSoft Globalazure  Subscription,rg53-automated_testing_platform,17.392144,58.14608,-40.753936,DOWN
kubernetes,KioSoft Globalazure  Subscription,mc_commandcenter_cc-test_eastus,0.0,40.121386,-40.121386,REMOVED
vm136-prod-wazan-web01,KioSoft Globalazure  Subscription,rg55-prod-wazan,17.414216,57.391661,-39.977445,DOWN
disk20021-prod-elk01-data01,KioSoft Globalazure  Subscription,rg20002-prod-om,186.988173,147.770718,39.217454,UP
redis9998-test-automation,KioSoft Globalazure  Subscription,rg9999-test-infrastructure,36.024866,0.0,36.024866,NEW
kubernetes,KioSoft Globalazure  Subscription,mc_commandcenter_aks10000-test-cc_eastus,72.865198,36.906475,35.958723,UP
restore-prod-jumpserver,KioSoft Globalazure  Subscription,rg9999-test-infrastructure,35.228506,0.0,35.228506,NEW
ff5c9fa757a8e4a31ab7f6e,KioSoft Globalazure  Subscription,mc_rg20007-prod-kiocentral-aks_aks20000-prod-kiocentral_eastus,41.268228,6.155917,35.112311,UP
mysql24-prod-modem,KioSoft Globalazure  Subscription,rg50-prod-modem,170.580863,135.933063,34.6478,UP
azurebackup_vm20008-prod-csc-elk01_929623888257432526,KioSoft Globalazure  Subscription,azurebackuprg_eastus_1,14.80386,49.021836,-34.217975,DOWN
app-gt02-prod-csc-retailweb,KioSoft Globalazure  Subscription,rg52-prod-csc,1446.833569,1480.779483,-33.945914,DOWN
restore-mysql03-prod-modem-latest-0816,KioSoft Globalazure  Subscription,rg50-prod-modem,0.0,32.506218,-32.506218,REMOVED
vm20006-prod-backupserver,KioSoft Globalazure  Subscription,rg20002-prod-om,49.371956,16.962398,32.409558,UP
restore-mysql03-prod-modem-latest,KioSoft Globalazure  Subscription,rg50-prod-modem,0.0,28.372494,-28.372494,REMOVED
mysql03-prod-modem-dbrestore02,KioSoft Globalazure  Subscription,rg50-prod-modem,0.0,28.030003,-28.030003,REMOVED
mysql03-prod-modem-dbrestore03,KioSoft Globalazure  Subscription,rg50-prod-modem,0.0,28.030003,-28.030003,REMOVED
snapshot-disk20012-prod-csc-elk01-os,KioSoft Globalazure  Subscription,rg20003-prod-csc,26.991011,0.0,26.991011,NEW
vm20011prodpometheusbackup-osdisk-20250820-035004,KioSoft Globalazure  Subscription,rg9999-test-infrastructure,0.0,26.40797,-26.40797,REMOVED
defaultworkspace-6276588a-9234-41ee-a81c-7538ea3a817e-eus,KioSoft Globalazure  Subscription,defaultresourcegroup-eus,890.502209,864.761524,25.740685,UP
mysql03-prod-modem-dbrestore04,KioSoft Globalazure  Subscription,rg50-prod-modem,59.035518,82.450981,-23.415462,DOWN
rsv04-prod-southcentralus,KioSoft Globalazure  Subscription,backup,23.98195,47.342537,-23.360586,DOWN
vm20022-prod-sut-server02,KioSoft Globalazure  Subscription,sut,23.263141,0.0,23.263141,NEW
vm20010-prod-internal-web02,KioSoft Globalazure  Subscription,rg20004-prod-internal,16.861627,39.97881,-23.117183,DOWN
seatunnel-cluster-test1,KioSoft Globalazure  Subscription,rg9997-test-devops-infrastructure,79.971223,57.027317,22.943906,UP
azurebackup_vm20021-prod-csc-elk01_929623887382271519,KioSoft Globalazure  Subscription,azurebackuprg_eastus_1,22.766899,0.0,22.766899,NEW
restoreprodjumpserver-osdisk-20250925-085359,KioSoft Globalazure  Subscription,rg9999-test-infrastructure,22.415596,0.0,22.415596,NEW
redis07-prod-operationcenter,KioSoft Globalazure  Subscription,rg59-prod-operationcenter,80.557422,102.671754,-22.114332,DOWN
vm20009-prod-internal-web01,KioSoft Globalazure  Subscription,rg20004-prod-internal,16.944441,38.817704,-21.873263,DOWN
mysql22-prod-csc-retail,KioSoft Globalazure  Subscription,rg20003-prod-csc,1213.485746,1233.221744,-19.735998,DOWN
aks-syspool-21886233aks-syspool-21886233-os__1_7e75143a4dde4f2c9b1dad717c4de616,KioSoft Globalazure  Subscription,mc_commandcenter_aks10000-test-cc_eastus,0.68443,20.13962,-19.455191,DOWN
aks-e4asv4pool-22212aks-e4asv4pool-222123os__1_10e1761e848c4a5fad65a01ba7cf9bde,KioSoft Globalazure  Subscription,mc_commandcenter_aks10000-test-cc_eastus,0.711807,20.13962,-19.427814,DOWN
disk20018-prod-seatunnel01-data01,KioSoft Globalazure  Subscription,rg20000-prod-olap,0.0,19.120848,-19.120848,REMOVED
aks-syspool-21886233aks-syspool-21886233-os__1_6176699af2d1436bad5dc534ade1af20,KioSoft Globalazure  Subscription,mc_commandcenter_aks10000-test-cc_eastus,18.530352,0.0,18.530352,NEW
aks-e4asv4pool-22212aks-e4asv4pool-222123os__1_3038d45942ad497a9522cc698a2afe1a,KioSoft Globalazure  Subscription,mc_commandcenter_aks10000-test-cc_eastus,18.530155,0.0,18.530155,NEW
disk10008-stage-market-single,KioSoft Globalazure  Subscription,rg10004-stage-kiocentral,2.067762,20.391653,-18.323892,DOWN
aks-e2asv4pool-21886aks-e2asv4pool-218862os__1_b77339f070034130a71e48bfae4f2858,KioSoft Globalazure  Subscription,mc_commandcenter_aks10000-test-cc_eastus,0.0,17.726648,-17.726648,REMOVED
aks-syspool-21886233aks-syspool-21886233-os__1_12f7d67ac0f442be812d3518e8ec98e6,KioSoft Globalazure  Subscription,mc_commandcenter_aks10000-test-cc_eastus,0.0,17.726648,-17.726648,REMOVED
disk20025-prod-csc-elk01-os,KioSoft Globalazure  Subscription,rg20003-prod-csc,17.226299,0.0,17.226299,NEW
aks-e4asv4pool-25145aks-e4asv4pool-251456os__1_be2fc85581174d35b3ab8d5e3f622ee7,KioSoft Globalazure  Subscription,mc_commandcenter_cc-test_eastus,0.0,17.068529,-17.068529,REMOVED
aks-e2asv4pool-31020aks-e2asv4pool-310200os__1_8157d663eb40472f8f0da43be164d201,KioSoft Globalazure  Subscription,mc_rg20007-prod-kiocentral-aks_aks20000-prod-kiocentral_eastus,19.285836,2.390387,16.895449,UP
vm122-prod-latamcleanstore-web01_osdisk_1_d1f1c49444f5463496b39846c746cb81-new,KioSoft Globalazure  Subscription,retail,0.0,16.745317,-16.745317,REMOVED
vm143-prod-latamcleanstore-web03-osdisk,KioSoft Globalazure  Subscription,retail,0.0,16.745317,-16.745317,REMOVED
vm142-prod-latamcleanstore-web02-osdisk,KioSoft Globalazure  Subscription,retail,0.0,16.695439,-16.695439,REMOVED
mysql03-prod-modem-dbrestore04-replica01,KioSoft Globalazure  Subscription,rg50-prod-modem,0.0,16.249758,-16.249758,REMOVED
kubernetes,KioSoft Globalazure  Subscription,mc_rg20007-prod-kiocentral-aks_aks20000-prod-kiocentral_eastus,41.954182,26.017687,15.936495,UP
vm143-prod-latamcleanstore-web03,KioSoft Globalazure  Subscription,retail,0.0,15.680107,-15.680107,REMOVED
defaultazuremonitorworkspace-eus,KioSoft Globalazure  Subscription,commandcenter,19.324397,34.749445,-15.425048,DOWN
f7f171b92381240709e6fbd,KioSoft Globalazure  Subscription,mc_commandcenter_aks10000-test-cc_eastus,117.607032,102.602271,15.004762,UP
aks-e4asv4pool-25145aks-e4asv4pool-251456os__2_76637b6dd1eb4293a503f3b5e22726f5,KioSoft Globalazure  Subscription,mc_commandcenter_cc-test_eastus,0.0,13.805352,-13.805352,REMOVED
vm10006-stage-market-single,KioSoft Globalazure  Subscription,rg10004-stage-kiocentral,1.497854,14.905036,-13.407182,DOWN
snipe-it,KioSoft Globalazure  Subscription,rg9999-test-infrastructure,1.485309,14.880204,-13.394895,DOWN
vm122-prod-latamcleanstore-web01,KioSoft Globalazure  Subscription,retail,0.0,13.259349,-13.259349,REMOVED
aks-syspool-21886233-vmss / 1,KioSoft Globalazure  Subscription,mc_commandcenter_aks10000-test-cc_eastus,0.0,13.097906,-13.097906,REMOVED
aks-e2asv4pool-21886233-vmss / 5,KioSoft Globalazure  Subscription,mc_commandcenter_aks10000-test-cc_eastus,0.0,13.077879,-13.077879,REMOVED
vm20021-prod-csc-elk01,KioSoft Globalazure  Subscription,rg20003-prod-csc,12.978584,0.0,12.978584,NEW
aks-e2asv4pool-31020aks-e2asv4pool-310200os__1_110cd2f919104b56830b7a3fa60ebbeb,KioSoft Globalazure  Subscription,mc_rg20007-prod-kiocentral-aks_aks20000-prod-kiocentral_eastus,19.285836,6.323963,12.961873,UP
aks10000-test-cc,KioSoft Globalazure  Subscription,commandcenter,0.0,12.801221,-12.801221,REMOVED
aks-e2asv4pool-31020068-vmss / 1,KioSoft Globalazure  Subscription,mc_rg20007-prod-kiocentral-aks_aks20000-prod-kiocentral_eastus,14.4,1.742272,12.657728,UP
aks-e4asv4pool-25145647-vmss / 5,KioSoft Globalazure  Subscription,mc_commandcenter_cc-test_eastus,0.0,12.617249,-12.617249,REMOVED
aks-systempool01-18971634-vmss / 0,KioSoft Globalazure  Subscription,mc_commandcenter_cc-test_eastus,0.0,12.617249,-12.617249,REMOVED
vm20007-prod-elk01,KioSoft Globalazure  Subscription,rg20002-prod-om,0.0,12.233834,-12.233834,REMOVED
azurebackup_vm20017-prod-elk01_929623888271918898,KioSoft Globalazure  Subscription,azurebackuprg_eastus_1,23.837254,11.933131,11.904123,UP
aks-e4asv4pool-12407aks-e4asv4pool-124070os__1_326bdbc4bf6c4ddcb79b4603b3664721,KioSoft Globalazure  Subscription,mc_rg20007-prod-kiocentral-aks_aks20000-prod-kiocentral_eastus,0.0,10.674328,-10.674328,REMOVED
vm142-prod-latamcleanstore-web02,KioSoft Globalazure  Subscription,retail,0.0,10.627513,-10.627513,REMOVED
sa30prodbackup,KioSoft Globalazure  Subscription,rg45-prod-om,86.642759,97.254237,-10.611478,DOWN
vm20008-prod-csc-elk01,KioSoft Globalazure  Subscription,rg20003-prod-csc,4.473983,14.906058,-10.432075,DOWN
aks-systempool01-189aks-systempool01-1897os__1_99fc462ed2be4223b518d8ec3c5a285d,KioSoft Globalazure  Subscription,mc_commandcenter_cc-test_eastus,0.0,10.371565,-10.371565,REMOVED
aks-e4asv4pool-25145647-vmss / 6,KioSoft Globalazure  Subscription,mc_commandcenter_cc-test_eastus,0.0,10.213964,-10.213964,REMOVED
aks-systempool01-18971634-vmss / 1,KioSoft Globalazure  Subscription,mc_commandcenter_cc-test_eastus,0.0,10.213964,-10.213964,REMOVED
aks-e2asv4pool-31020068-vmss / 0,KioSoft Globalazure  Subscription,mc_rg20007-prod-kiocentral-aks_aks20000-prod-kiocentral_eastus,14.4,4.626215,9.773785,UP
mysql25-prod-olap,KioSoft Globalazure  Subscription,rg20000-prod-olap,114.719218,105.03233,9.686888,UP
fda8dea24535a4490aac6c6,KioSoft Globalazure  Subscription,mc_commandcenter_cc-test_eastus,0.0,9.589474,-9.589474,REMOVED
snipe-it_osdisk_1_b13ca6878cec4dbf9550fe81abb9fa39,KioSoft Globalazure  Subscription,rg9999-test-infrastructure,1.063296,10.412964,-9.349668,DOWN
mysql9998-test-automation,KioSoft Globalazure  Subscription,rg9999-test-infrastructure,8.731345,0.0,8.731345,NEW
ks-fgt,KioSoft Globalazure  Subscription,sut,278.572632,287.281004,-8.708373,DOWN
vm131-prod-csc-retail-reportserver08,KioSoft Globalazure  Subscription,rg52-prod-csc,16.022406,24.531591,-8.509185,DOWN
disk20022-prod-latamcleanstore-web01-os,KioSoft Globalazure  Subscription,rg20008-prod-latamcleanstore,17.534192,9.298691,8.235501,UP
disk20024-prod-latamcleanstore-web03-os,KioSoft Globalazure  Subscription,rg20008-prod-latamcleanstore,17.534192,9.310505,8.223687,UP
disk20023-prod-latamcleanstore-web02-os,KioSoft Globalazure  Subscription,rg20008-prod-latamcleanstore,17.534192,9.321565,8.212626,UP
vm20011-prod-pometheus-backup,KioSoft Globalazure  Subscription,rg9999-test-infrastructure,0.0,8.092945,-8.092945,REMOVED
aks-systempool01-189aks-systempool01-1897os__1_7e2e63ecd39c41e69abe097127db8e36,KioSoft Globalazure  Subscription,mc_commandcenter_cc-test_eastus,0.0,8.02762,-8.02762,REMOVED
vm20020-prod-latamcleanstore-web03,KioSoft Globalazure  Subscription,rg20008-prod-latamcleanstore,17.15981,25.002708,-7.842898,DOWN
aks-e4asv4pool-12407023-vmss / 0,KioSoft Globalazure  Subscription,mc_rg20007-prod-kiocentral-aks_aks20000-prod-kiocentral_eastus,0.0,7.770623,-7.770623,REMOVED
postgresql01-prod-operationcenter,KioSoft Globalazure  Subscription,rg59-prod-operationcenter,36.775056,44.465585,-7.690529,DOWN
kiosoft-qa,KioSoft Globalazure  Subscription,kiosoft-test,15.629299,22.997272,-7.367973,DOWN
restore-mysql12-prod-cleanstore-utc-20250924161203,KioSoft Globalazure  Subscription,rg9999-test-infrastructure,6.944294,0.0,6.944294,NEW
aks-agentpool-124070aks-agentpool-1240702os__1_e26676ec8d1643a7a79695c0fc57cd42,KioSoft Globalazure  Subscription,mc_rg20007-prod-kiocentral-aks_aks20000-prod-kiocentral_eastus,19.285836,12.401759,6.884077,UP
aks-agentpool-124070aks-agentpool-1240702os__1_fa5179932c094aa09d6a6fecba69ccab,KioSoft Globalazure  Subscription,mc_rg20007-prod-kiocentral-aks_aks20000-prod-kiocentral_eastus,19.285836,12.401759,6.884077,UP
disk10012-stage-market-soft01,KioSoft Globalazure  Subscription,rg10004-stage-kiocentral,6.826185,0.0,6.826185,NEW
pe01-sa29-prod-latamcleanstore,KioSoft Globalazure  Subscription,retail,0.0,6.807463,-6.807463,REMOVED
pip146-app-gt-prod-csc,KioSoft Globalazure  Subscription,rg52-prod-csc,199.870048,206.534087,-6.66404,DOWN
pip147-loadbalance07-prod-csc-universalweb,KioSoft Globalazure  Subscription,rg52-prod-csc,199.870048,206.534087,-6.66404,DOWN
multiwbdisks351,KioSoft Globalazure  Subscription,kiosoft-test,150.699357,157.317283,-6.617926,DOWN
mysql17-prod-kiocentraluk,KioSoft Globalazure  Subscription,rg60-prod-kiocentraluk,0.0,6.40869,-6.40869,REMOVED
vm20019-prod-latamcleanstore-web02,KioSoft Globalazure  Subscription,rg20008-prod-latamcleanstore,17.260345,23.448266,-6.187921,DOWN
azurebackup_vm142-prod-latamcleanstore-web02_460229180565395657,KioSoft Globalazure  Subscription,azurebackuprg_southcentralus_1,0.0,6.031647,-6.031647,REMOVED
azurebackup_vm122-prod-latamcleanstore-web01_460229179893883574,KioSoft Globalazure  Subscription,azurebackuprg_southcentralus_1,0.0,6.023827,-6.023827,REMOVED
azurebackup_vm143-prod-latamcleanstore-web03_460229180905166998,KioSoft Globalazure  Subscription,azurebackuprg_southcentralus_1,0.0,6.011801,-6.011801,REMOVED
vm20018-prod-latamcleanstore-web01,KioSoft Globalazure  Subscription,rg20008-prod-latamcleanstore,17.474127,23.353606,-5.879479,DOWN
kiosoft-coffee,KioSoft Globalazure  Subscription,kiosoft-test,17.555909,23.236405,-5.680496,DOWN
azurebackup_vm20015-prod-doris01_929623888390188024,KioSoft Globalazure  Subscription,azurebackuprg_eastus_1,0.0,5.329045,-5.329045,REMOVED
aks-agentpool-12407023-vmss / 0,KioSoft Globalazure  Subscription,mc_rg20007-prod-kiocentral-aks_aks20000-prod-kiocentral_eastus,14.38,9.052266,5.327734,UP
aks-agentpool-12407023-vmss / 1,KioSoft Globalazure  Subscription,mc_rg20007-prod-kiocentral-aks_aks20000-prod-kiocentral_eastus,14.38,9.052266,5.327734,UP
prod-sage-db01,KioSoft Globalazure  Subscription,sage300c_v2022,161.528857,166.835747,-5.30689,DOWN
vm127-prod-tcn,KioSoft Globalazure  Subscription,rg54-prod-tcn,162.210496,167.469937,-5.259441,DOWN
vm10010-stage-market-soft01,KioSoft Globalazure  Subscription,rg10004-stage-kiocentral,5.190498,0.0,5.190498,NEW
azurebackup_vm20001-prod-doris02_929623887656452901,KioSoft Globalazure  Subscription,azurebackuprg_eastus_1,0.0,5.08616,-5.08616,REMOVED
azurebackup_vm20002-prod-doris03_929623887202446712,KioSoft Globalazure  Subscription,azurebackuprg_eastus_1,0.0,5.084459,-5.084459,REMOVED
vm20011-prod-prometheus,KioSoft Globalazure  Subscription,rg20002-prod-om,21.01288,26.044103,-5.031222,DOWN
mysql10-prod-universal,KioSoft Globalazure  Subscription,cmk,97.862681,92.933668,4.929013,UP
disk10013-automated-testing-platform,KioSoft Globalazure  Subscription,rg10000-test-kiocentral,4.894586,0.0,4.894586,NEW
vm20004-prod-jenkins01,KioSoft Globalazure  Subscription,rg20001-prod-devops,20.465757,25.03765,-4.571893,DOWN
sut_vnetgateway,KioSoft Globalazure  Subscription,sut,136.8,141.359233,-4.559233,DOWN
vm157-prod-operation-management,KioSoft Globalazure  Subscription,rg59-prod-operationcenter,16.30232,20.79862,-4.4963,DOWN
vm157-prod-operation-management_osdisk_1_44e32bf4140e41b5ab909cfae5f92d2c,KioSoft Globalazure  Subscription,rg59-prod-operationcenter,15.683164,20.13962,-4.456456,DOWN
vm156-prod-operationcenter_datadisk,KioSoft Globalazure  Subscription,rg59-prod-operationcenter,15.683164,20.112199,-4.429035,DOWN
disk10003-test-olap01-data,KioSoft Globalazure  Subscription,rg10001-test-olap,37.596172,33.180138,4.416034,UP
mysql14-prod-market,KioSoft Globalazure  Subscription,retail,278.852558,283.237959,-4.385401,DOWN
mysql23-prod-csc-universal,KioSoft Globalazure  Subscription,rg20003-prod-csc,79.271551,83.521563,-4.250012,DOWN
nat-lb-test,KioSoft Globalazure  Subscription,rg9999-test-infrastructure,4.006706,0.0,4.006706,NEW
vm10001-test-internal-server,KioSoft Globalazure  Subscription,rg10000-test-kiocentral,23.196393,19.219748,3.976645,UP
vm130-prod-csc-retail-reportserver07,KioSoft Globalazure  Subscription,rg52-prod-csc,16.035029,19.889096,-3.854067,DOWN
vm10011-automated-testing-platform,KioSoft Globalazure  Subscription,rg10000-test-kiocentral,3.702831,0.0,3.702831,NEW
azurebackup_vm20011-prod-pometheus-backup_929623887343452660,KioSoft Globalazure  Subscription,azurebackuprg_eastus_1,0.523278,4.188323,-3.665045,DOWN
kiosoft-es_osdisk_1_ab5bfb0ab1fb445abcd8754025a9e037,KioSoft Globalazure  Subscription,dbmonitor,72.621369,76.211829,-3.59046,DOWN
rsv02-prod-eastus2,KioSoft Globalazure  Subscription,backup,45.038336,48.625854,-3.587518,DOWN
restore-mysql12-prod-cleanstore-slowest-utc-20250924161103,KioSoft Globalazure  Subscription,rg9999-test-infrastructure,3.42402,0.0,3.42402,NEW
vm10009-stage-market-web02,KioSoft Globalazure  Subscription,rg10004-stage-kiocentral,14.446196,11.028278,3.417918,UP
pip171-vm143-prod-latamcleanstore-web03,KioSoft Globalazure  Subscription,retail,0.0,3.389763,-3.389763,REMOVED
pip172-vm142-prod-latamcleanstore-web02,KioSoft Globalazure  Subscription,retail,0.0,3.389763,-3.389763,REMOVED
prod-internationalretail-ip,KioSoft Globalazure  Subscription,retail,0.0,3.389763,-3.389763,REMOVED
disk20019-prod-doris01-data01,KioSoft Globalazure  Subscription,rg20000-prod-olap,101.156556,104.523007,-3.366451,DOWN
pip10006-stage-market-single,KioSoft Globalazure  Subscription,rg10004-stage-kiocentral,0.380004,3.720199,-3.340195,DOWN
pip20007-prod-elk,KioSoft Globalazure  Subscription,rg20002-prod-om,0.380004,3.720199,-3.340195,DOWN
snipe-it-ip,KioSoft Globalazure  Subscription,rg9999-test-infrastructure,0.380004,3.720199,-3.340195,DOWN
vm156-prod-operationcenter,KioSoft Globalazure  Subscription,rg59-prod-operationcenter,12.214952,15.541435,-3.326484,DOWN
sa33prodtms,KioSoft Globalazure  Subscription,tmsprod,75.450846,78.768442,-3.317596,DOWN
prod-universal-web02-new,KioSoft Globalazure  Subscription,cmk,39.971941,43.284654,-3.312712,DOWN
redis01-test-universal,KioSoft Globalazure  Subscription,kiosoft-test,99.359905,102.671754,-3.311849,DOWN
redis04-test-csc,KioSoft Globalazure  Subscription,rg51-test-csc,99.359905,102.671754,-3.311849,DOWN
redis05-test-omdryun01,KioSoft Globalazure  Subscription,rg48-stage-cleanstore,99.359905,102.671754,-3.311849,DOWN
prod-universal-web01-new,KioSoft Globalazure  Subscription,cmk,40.262871,43.548169,-3.285298,DOWN
pip172-vm142-prod-latamcleanstore-web02,KioSoft Globalazure  Subscription,rg20008-prod-latamcleanstore,3.60004,0.330436,3.269603,UP
prod-internationalretail-ip,KioSoft Globalazure  Subscription,rg20008-prod-latamcleanstore,3.60004,0.330436,3.269603,UP
pip171-vm143-prod-latamcleanstore-web03,KioSoft Globalazure  Subscription,rg20008-prod-latamcleanstore,3.60004,0.330443,3.269596,UP
kubernetes-a0ee29861b5e54fedab09ea55e128ca1,KioSoft Globalazure  Subscription,mc_commandcenter_aks10000-test-cc_eastus,3.60004,0.340776,3.259264,UP
disk20008-prod-jenkins01-data01,KioSoft Globalazure  Subscription,rg20001-prod-devops,71.643981,74.897505,-3.253524,DOWN
pip20019-prod-csc-elk01,KioSoft Globalazure  Subscription,rg20003-prod-csc,3.223895,0.0,3.223895,NEW
kubernetes-a24d1cf29a100455f9dbb5ba32f9558e,KioSoft Globalazure  Subscription,mc_commandcenter_aks10000-test-cc_eastus,3.197145,0.0,3.197145,NEW
903b31ab-b4c9-4dfc-8cac-a244f6084880,KioSoft Globalazure  Subscription,mc_commandcenter_cc-test_eastus,0.0,3.169365,-3.169365,REMOVED
kubernetes-ac0597ebd2d34470aaf8e6673dd4caa4,KioSoft Globalazure  Subscription,mc_commandcenter_cc-test_eastus,0.0,3.169365,-3.169365,REMOVED
kubernetes-ae5708c7e81c84d1da14e19d667ebb31,KioSoft Globalazure  Subscription,mc_commandcenter_cc-test_eastus,0.0,3.169365,-3.169365,REMOVED
disk20003-prod-seatunnel01,KioSoft Globalazure  Subscription,rg20000-prod-olap,71.643981,74.795665,-3.151684,DOWN
prod-sage-db01_osdisk_1_6b2c346cebe44aab9278af1c3b66f401,KioSoft Globalazure  Subscription,sage300c_v2022,71.643981,74.795665,-3.151684,DOWN
vm127-prod-tcn_osdisk_1_b08e2fba98cb40e38e775fed78d75726,KioSoft Globalazure  Subscription,rg54-prod-tcn,71.643981,74.795665,-3.151684,DOWN
vm73-prod-modem_osdisk_1_237266ce8eac4256b70c15497445e36c,KioSoft Globalazure  Subscription,rg50-prod-modem,71.643981,74.795665,-3.151684,DOWN
vm10008-stage-market-web01,KioSoft Globalazure  Subscription,rg10004-stage-kiocentral,14.497675,11.346018,3.151658,UP
restore-mysql12-prod-cleanstore-latest-utc-2025030300,KioSoft Globalazure  Subscription,rg9999-test-infrastructure,3.0995,0.0,3.0995,NEW
disk10005-test-elk01-data01,KioSoft Globalazure  Subscription,rg10002-test-devops,71.643981,74.693825,-3.049844,DOWN
tmsnginx,KioSoft Globalazure  Subscription,armtmsrsc,14.425912,11.454099,2.971813,UP
mysqldisk,KioSoft Globalazure  Subscription,kiosoft-test,37.785501,34.994631,2.79087,UP
kiosoft-retail_osdisk_1_adc389b617aa4712a7d0b2ec7c2355bb,KioSoft Globalazure  Subscription,kiosoft-test,22.652797,25.329507,-2.67671,DOWN
sutserver01,KioSoft Globalazure  Subscription,sut,80.699679,83.345328,-2.645649,DOWN
pip20008-prod-csc-elk,KioSoft Globalazure  Subscription,rg20003-prod-csc,1.130013,3.720199,-2.590186,DOWN
prometheus-backup,KioSoft Globalazure  Subscription,rg9999-test-infrastructure,0.0,2.553588,-2.553588,REMOVED
ttiacr,KioSoft Globalazure  Subscription,commandcenter,34.823374,37.374771,-2.551396,DOWN
dbmonitor-osdisk-20241018-133820,KioSoft Globalazure  Subscription,dbmonitor,39.532283,42.058493,-2.52621,DOWN
restore-sage-ip,KioSoft Globalazure  Subscription,rg9999-test-infrastructure,2.477895,0.0,2.477895,NEW
vm73-prod-modem,KioSoft Globalazure  Subscription,rg50-prod-modem,81.089566,83.549469,-2.459903,DOWN
pip9999-test-restore,KioSoft Globalazure  Subscription,rg9999-test-infrastructure,2.399064,0.0,2.399064,NEW
restore-mysql19-prod-cleanstore-db02-slowest-utc-20250924133203,KioSoft Globalazure  Subscription,rg9999-test-infrastructure,2.161244,0.0,2.161244,NEW
restore-mysql19-prod-cleanstore-db02-utc-20250924133303,KioSoft Globalazure  Subscription,rg9999-test-infrastructure,2.140286,0.0,2.140286,NEW
pvc-853cd105-9699-44ed-8ee6-facc0f4676bc,KioSoft Globalazure  Subscription,mc_commandcenter_cc-test_eastus,0.0,2.080298,-2.080298,REMOVED
restore-mysql03-prod-modem-latest-0816-replica01,KioSoft Globalazure  Subscription,rg50-prod-modem,0.0,2.052152,-2.052152,REMOVED
vm139-prod-universal-web03,KioSoft Globalazure  Subscription,cmk,39.93806,41.989411,-2.05135,DOWN
azurebackup_vm20004-prod-jenkins01_929623888926113461,KioSoft Globalazure  Subscription,azurebackuprg_eastus_1,13.290338,15.295843,-2.005505,DOWN
azurebackup_vm10003-test-elk01_929623888568447995,KioSoft Globalazure  Subscription,azurebackuprg_eastus_1,26.669693,24.695213,1.97448,UP
disk20020-prod-elk-os,KioSoft Globalazure  Subscription,rg20002-prod-om,19.285836,17.348988,1.936848,UP
vm138-prod-cleanstore-web10,KioSoft Globalazure  Subscription,rg47-prod-cleanstore,39.858384,41.591469,-1.733086,DOWN
sa25omdryrun01,KioSoft Globalazure  Subscription,rg48-stage-cleanstore,39.258153,40.984369,-1.726215,DOWN
waftestvm_osdisk_1_ed8e841fc1ad41f4a04deba3d34d2175-eastus,KioSoft Globalazure  Subscription,kiosoft-test,37.800574,39.500205,-1.699631,DOWN
azurebackup_snipe-it_246291976234172,KioSoft Globalazure  Subscription,azurebackuprg_eastus_1,0.188822,1.885035,-1.696213,DOWN
disk10009-test-qa-universal-web01,KioSoft Globalazure  Subscription,rg10000-test-kiocentral,37.37041,39.051479,-1.681069,DOWN
vm20017-prod-elk01,KioSoft Globalazure  Subscription,rg20002-prod-om,14.555332,12.889045,1.666287,UP
new-prod-universal_osdisk_1_b6073e6ffc6149e3889bf087c5f7da76-202209061431,KioSoft Globalazure  Subscription,cmk,37.194526,38.833232,-1.638705,DOWN
vm140-prod-devops-ai_osdisk_1_83b9e79bcd134b239c4100f995f1c8cb,KioSoft Globalazure  Subscription,rg57-prod-devops-infrastructure,37.194526,38.833232,-1.638705,DOWN
defaultworkspace-6276588a-9234-41ee-a81c-7538ea3a817e-fim,KioSoft Globalazure  Subscription,fim-datacollectionrules,0.001277,1.594555,-1.593277,DOWN
disk20015-prod-prometheus-os,KioSoft Globalazure  Subscription,rg20002-prod-om,37.194526,38.780357,-1.585831,DOWN
universal-loadbalance-stage,KioSoft Globalazure  Subscription,dbmonitor,46.803315,48.369566,-1.566251,DOWN
pip20016-prod-latamcleanstore-web01,KioSoft Globalazure  Subscription,rg20008-prod-latamcleanstore,0.0,1.54647,-1.54647,REMOVED
pip20017-prod-latamcleanstore-web02,KioSoft Globalazure  Subscription,rg20008-prod-latamcleanstore,0.0,1.541046,-1.541046,REMOVED
pip20018-prod-latamcleanstore-web03,KioSoft Globalazure  Subscription,rg20008-prod-latamcleanstore,0.0,1.539877,-1.539877,REMOVED
dryrununiversal,KioSoft Globalazure  Subscription,rg48-stage-cleanstore,0.0,1.531679,-1.531679,REMOVED
dyrununiversal,KioSoft Globalazure  Subscription,rg48-stage-cleanstore,0.0,1.531679,-1.531679,REMOVED
omdryrununiversal,KioSoft Globalazure  Subscription,rg48-stage-cleanstore,0.0,1.531679,-1.531679,REMOVED
pe03-sa26-prod-cleanstore,KioSoft Globalazure  Subscription,rg47-prod-cleanstore,0.0,1.531679,-1.531679,REMOVED
dryrun-universal,KioSoft Globalazure  Subscription,rg48-stage-cleanstore,0.0,1.521668,-1.521668,REMOVED
omdryrun-universal,KioSoft Globalazure  Subscription,rg48-stage-cleanstore,0.0,1.521668,-1.521668,REMOVED
kiosoft-coffee_osdisk_1_94c152ad643f4e68aaa3377d986ab30b,KioSoft Globalazure  Subscription,kiosoft-test,19.910395,21.408842,-1.498447,DOWN
azurebackup_vm20003-prod-seatunnel01_929623887342248016,KioSoft Globalazure  Subscription,azurebackuprg_eastus_1,27.970929,29.459405,-1.488476,DOWN
disk20009-prod-jumpserver-os,KioSoft Globalazure  Subscription,rg20002-prod-om,33.816187,35.304474,-1.488287,DOWN
adls10000testdatalake,KioSoft Globalazure  Subscription,rg10003-test-datalake,0.672992,2.10392,-1.430929,DOWN
vm125-stage-db01_osdisk,KioSoft Globalazure  Subscription,rg48-stage-cleanstore,19.406807,20.817097,-1.410289,DOWN
cmk,KioSoft Globalazure  Subscription,cmk,17.766968,19.171785,-1.404816,DOWN
azurebackup_prod-sage-db01_929623887289847007,KioSoft Globalazure  Subscription,azurebackuprg_eastus_1,16.7659,18.160209,-1.394309,DOWN
kubernetes-ae3659d744daf4a81b25ef73b1899182,KioSoft Globalazure  Subscription,mc_rg20007-prod-kiocentral-aks_aks20000-prod-kiocentral_eastus,3.60004,2.246003,1.354037,UP
kubernetes-a3d3323bd21bb4fe1bf240028f83e7eb,KioSoft Globalazure  Subscription,mc_rg20007-prod-kiocentral-aks_aks20000-prod-kiocentral_eastus,3.60004,2.263548,1.336492,UP
02559940-92d3-4914-b3ac-cc3365d2bb2b,KioSoft Globalazure  Subscription,mc_rg20007-prod-kiocentral-aks_aks20000-prod-kiocentral_eastus,3.60004,2.264595,1.335444,UP
disk10011-stage-market-web02,KioSoft Globalazure  Subscription,rg10004-stage-kiocentral,5.462236,4.129199,1.333036,UP
prod-universal-db01,KioSoft Globalazure  Subscription,cmk,52.058529,50.752022,1.306507,UP
pip10010-stage-market-soft01,KioSoft Globalazure  Subscription,rg10004-stage-kiocentral,1.285927,0.0,1.285927,NEW
disk10010-stage-market-web01,KioSoft Globalazure  Subscription,rg10004-stage-kiocentral,5.475381,4.229872,1.24551,UP
kiosoft-qa_osdisk_1_42450e75abf84b01a7d55bfcf9727908,KioSoft Globalazure  Subscription,kiosoft-test,19.819333,21.03028,-1.210947,DOWN
kiosoft-publicddd_osdisk_1_692455c3841c4b2db68f8741ad3d72db,KioSoft Globalazure  Subscription,dbmonitor,19.695261,20.905288,-1.210026,DOWN
vm20003-prod-seatunnel01,KioSoft Globalazure  Subscription,rg20000-prod-olap,67.480014,68.681017,-1.201003,DOWN
vm156-prod-operationcenter_osdisk_1_880d6438858240c9ba0c55d70080bd57,KioSoft Globalazure  Subscription,rg59-prod-operationcenter,4.201056,5.384509,-1.183453,DOWN
universaldev_osdisk_1_f84f34c352104cdfaf579e18cee76d65,KioSoft Globalazure  Subscription,dbmonitor,19.537979,20.709587,-1.171608,DOWN
disk10002-test-olap01,KioSoft Globalazure  Subscription,rg10001-test-olap,19.60464,20.774161,-1.169521,DOWN
restore-sage,KioSoft Globalazure  Subscription,rg9998-test-infrastructure,0.0,1.160637,-1.160637,REMOVED
usprod-v4-29prefix,KioSoft Globalazure  Subscription,usprod,34.56,35.709814,-1.149814,DOWN
azurebackup_vm20018-prod-latamcleanstore-web01_460229181087139705,KioSoft Globalazure  Subscription,azurebackuprg_southcentralus_1,1.68159,0.564779,1.116811,UP
kioposqa-softapp01_osdisk_1_520ba8f3d68f4dec830dc429dfea7c13,KioSoft Globalazure  Subscription,kiopos_test,19.557939,20.670811,-1.112872,DOWN
kiosoft-international-new_osdisk_1_b2a9c88909b44f0f9457f48e9c508178,KioSoft Globalazure  Subscription,kiosoft-test,19.533888,20.630979,-1.097092,DOWN
stage-universal-web01,KioSoft Globalazure  Subscription,dbmonitor,16.117462,15.02226,1.095202,UP
vm124testretail-osdisk-20240104-025010,KioSoft Globalazure  Subscription,rg51-test-csc,19.520199,20.60863,-1.088431,DOWN
vm120-prod-cleanstore-web08,KioSoft Globalazure  Subscription,rg47-prod-cleanstore,40.731059,41.815864,-1.084805,DOWN
nat-gateway,KioSoft Globalazure  Subscription,databricks-rg-kiodatabricks-63wh3jijrnppk,32.399242,33.482215,-1.082973,DOWN
azurebackup_prod-integrationserver_35184905005951,KioSoft Globalazure  Subscription,azurebackuprg_centralus_1,0.0,1.082331,-1.082331,REMOVED
loadbalance05-test-route-als,KioSoft Globalazure  Subscription,rg_test_route_als,32.40206,33.483076,-1.081015,DOWN
usprod-natgw01,KioSoft Globalazure  Subscription,usprod,32.399242,33.479815,-1.080573,DOWN
vm74-test-universal_osdisk_1_4531eb6b58ea47c18d98719556a5a6ea,KioSoft Globalazure  Subscription,rg51-test-csc,19.523095,20.589299,-1.066204,DOWN
vm123-prod-cleanstore-web09,KioSoft Globalazure  Subscription,rg47-prod-cleanstore,39.69416,40.756702,-1.062542,DOWN
sa23stagedryrun,KioSoft Globalazure  Subscription,dbmonitor,4.980472,6.038719,-1.058247,DOWN
mysql11-test-csc,KioSoft Globalazure  Subscription,rg51-test-csc,162.813083,163.863359,-1.050276,DOWN
kioposqa-webapp01_osdisk_1_31a1955d239941059922cbec1a0ece09,KioSoft Globalazure  Subscription,kiopos_test,20.265986,21.309837,-1.04385,DOWN
sa29prodlatamcleanstore,KioSoft Globalazure  Subscription,retail,23.479053,24.513085,-1.034031,DOWN
mysql03-prod-modem,KioSoft Globalazure  Subscription,rg50-prod-modem,60.657397,61.691417,-1.034019,DOWN
new-kiosoft-universaluat_osdisk-202406051807,KioSoft Globalazure  Subscription,dbmonitor,19.47958,20.508975,-1.029395,DOWN
vm158-prod-kiocentraluk-web01-osdisk,KioSoft Globalazure  Subscription,rg60-prod-kiocentraluk,23.338815,24.363099,-1.024284,DOWN
disk20027-prod-sut-server02-os,KioSoft Globalazure  Subscription,sut,1.021851,0.0,1.021851,NEW
vm71-test-kiopos-soft01_osdisk_1_b1c9c0a43ad14e66a5ded5a1da484c77,KioSoft Globalazure  Subscription,rg49-test-kiopos,19.957475,20.971495,-1.01402,DOWN
tmsprod-tms03_osdisk_1_dc480da34b3045efb56faebc75a4b45b,KioSoft Globalazure  Subscription,tmsprod,19.285836,20.285417,-0.999581,DOWN
tmsserver2,KioSoft Globalazure  Subscription,armtmsrsc,14.434722,13.448842,0.98588,UP
vm72-test-kiopos-web01_osdisk_1_1a7f2bed3d8c43359921c3e41b45a926,KioSoft Globalazure  Subscription,rg49-test-kiopos,19.681815,20.662407,-0.980592,DOWN
usprod-demoportal01_disk1_2e16994519694305b0887b4dd5e17989,KioSoft Globalazure  Subscription,usprod,19.536553,20.513266,-0.976713,DOWN
sa35prodintegration,KioSoft Globalazure  Subscription,retail,22.117325,23.082939,-0.965615,DOWN
vm129-prod-csc-retail-reportserver06,KioSoft Globalazure  Subscription,rg52-prod-csc,15.993138,16.948464,-0.955326,DOWN
new-uniersalstress-db01_osdisk_1_178423fc8d5d4d9fa93bb09aae7cc966-20220905,KioSoft Globalazure  Subscription,dbmonitor,20.054942,21.005133,-0.950191,DOWN
dev-osdisk-20221213-085144,KioSoft Globalazure  Subscription,kiosoft-test,19.905351,20.847037,-0.941686,DOWN
disk10007-stage-kiopos-soft01,KioSoft Globalazure  Subscription,rg10000-test-kiocentral,19.525766,20.464393,-0.938627,DOWN
disk10001-test-internal-server,KioSoft Globalazure  Subscription,rg10000-test-kiocentral,19.483123,20.41172,-0.928597,DOWN
vm10002-test-olap01,KioSoft Globalazure  Subscription,rg10001-test-olap,37.176058,38.098131,-0.922073,DOWN
pip10011-automated-testing-platform,KioSoft Globalazure  Subscription,rg10000-test-kiocentral,0.915507,0.0,0.915507,NEW
disk10006-stage-kiopos-web01,KioSoft Globalazure  Subscription,rg10000-test-kiocentral,19.527054,20.434427,-0.907373,DOWN
azurebackup_vm20020-prod-latamcleanstore-web03_460229180512933154,KioSoft Globalazure  Subscription,azurebackuprg_southcentralus_1,1.386139,0.478882,0.907257,UP
arm,KioSoft Globalazure  Subscription,,1.188912,2.096097,-0.907185,DOWN
azurebackup_vm20019-prod-latamcleanstore-web02_460229179169971872,KioSoft Globalazure  Subscription,azurebackuprg_southcentralus_1,1.411,0.505014,0.905986,UP
vm98-prod-csc-universal-web02,KioSoft Globalazure  Subscription,rg52-prod-csc,30.184823,31.089791,-0.904967,DOWN
vm94stagekioposweb01-osdisk-20231025-092420,KioSoft Globalazure  Subscription,rg49-test-kiopos,0.0,0.904834,-0.904834,REMOVED
sa40sharepointbackup,KioSoft Globalazure  Subscription,rg20002-prod-om,2.406691,1.509225,0.897466,UP
new-prod-universal-web02_osdisk_1_1460efb8ec6a46988cfb86a06bcefadc-20220909,KioSoft Globalazure  Subscription,cmk,19.285836,20.167042,-0.881206,DOWN
vm131prodcscretailreportserver-osdisk-20240229-010350,KioSoft Globalazure  Subscription,rg52-prod-csc,19.285836,20.167042,-0.881206,DOWN
vm93stagekiopossoft01-osdisk-20231025-094437,KioSoft Globalazure  Subscription,rg49-test-kiopos,0.0,0.877478,-0.877478,REMOVED
kioposqa-db01_osdisk_1_4fdedc51a1fb4bb89c7623d04e3508e6,KioSoft Globalazure  Subscription,kiopos_test,19.618809,20.480548,-0.861739,DOWN
sa26prodcleanstore,KioSoft Globalazure  Subscription,rg47-prod-cleanstore,19.569667,20.430139,-0.860472,DOWN
sa27prodamusement,KioSoft Globalazure  Subscription,rg56-prod-amusement,19.569667,20.430139,-0.860472,DOWN
sa28prodcsc,KioSoft Globalazure  Subscription,rg52-prod-csc,19.569667,20.430139,-0.860472,DOWN
sa36prodinternal,KioSoft Globalazure  Subscription,rg20004-prod-internal,19.569667,20.430139,-0.860472,DOWN
sa38prodcscuniversal,KioSoft Globalazure  Subscription,rg52-prod-csc,19.569667,20.430139,-0.860472,DOWN
vm140-prod-devops-ai,KioSoft Globalazure  Subscription,rg57-prod-devops-infrastructure,15.40491,16.262849,-0.857938,DOWN
cmk_osdisk_1_877fdd916a1c4a98abf230e509521e82,KioSoft Globalazure  Subscription,cmk,19.285836,20.13962,-0.853784,DOWN
disk10004-test-elk01-os,KioSoft Globalazure  Subscription,rg10002-test-devops,19.285836,20.13962,-0.853784,DOWN
disk20014-prod-internal-web02-os,KioSoft Globalazure  Subscription,rg20004-prod-internal,19.285836,20.13962,-0.853784,DOWN
disk20016-prod-kiopos-web01,KioSoft Globalazure  Subscription,rg20005-prod-kiopos,19.285836,20.13962,-0.853784,DOWN
disk20017-prod-kiopos-soft01,KioSoft Globalazure  Subscription,rg20005-prod-kiopos,19.285836,20.13962,-0.853784,DOWN
prod-mqtt-coffee_osdisk_1_747e1c7aa6e54ec1b5f8196f647640b5,KioSoft Globalazure  Subscription,production,19.285836,20.13962,-0.853784,DOWN
tmsprod-db01-data01,KioSoft Globalazure  Subscription,tmsprod,19.285836,20.13962,-0.853784,DOWN
tmsprod-web01_osdisk_1_b246404255f7462f937bc8b1702caf83,KioSoft Globalazure  Subscription,tmsprod,19.285836,20.13962,-0.853784,DOWN
ttideployment-osdisk-20230807-055519,KioSoft Globalazure  Subscription,ttideploy,19.285836,20.13962,-0.853784,DOWN
vm100-prod-csc-universal-web04-disk,KioSoft Globalazure  Subscription,rg52-prod-csc,19.285836,20.13962,-0.853784,DOWN
vm101-prod-csc-universal-soft01_osdisk_1_0d87c751f0774a8299773475ddd50ed5,KioSoft Globalazure  Subscription,rg52-prod-csc,19.285836,20.13962,-0.853784,DOWN
vm102-prod-csc-retail-web01-disk,KioSoft Globalazure  Subscription,rg52-prod-csc,19.285836,20.13962,-0.853784,DOWN
vm103-prod-csc-retail-web02-disk,KioSoft Globalazure  Subscription,rg52-prod-csc,19.285836,20.13962,-0.853784,DOWN
vm105-prod-csc-retail-web04-disk,KioSoft Globalazure  Subscription,rg52-prod-csc,19.285836,20.13962,-0.853784,DOWN
vm106-prod-csc-retail-reportserver01-disk,KioSoft Globalazure  Subscription,rg52-prod-csc,19.285836,20.13962,-0.853784,DOWN
vm108-prod-csc-retail-reportserver03-disk,KioSoft Globalazure  Subscription,rg52-prod-csc,19.285836,20.13962,-0.853784,DOWN
vm109-prod-csc-retail-reportserver04-disk,KioSoft Globalazure  Subscription,rg52-prod-csc,19.285836,20.13962,-0.853784,DOWN
vm120prodcleanstoreweb08-osdisk-20240103-020640,KioSoft Globalazure  Subscription,rg47-prod-cleanstore,19.285836,20.13962,-0.853784,DOWN
vm121prodamusementweb01-osdisk-20240103-070935,KioSoft Globalazure  Subscription,retail,19.285836,20.13962,-0.853784,DOWN
vm126-automated-testing-platform_osdisk_1_ffd07256ddcf488980faed125034b72b,KioSoft Globalazure  Subscription,rg53-automated_testing_platform,19.285836,20.13962,-0.853784,DOWN
vm134-prod-amusement-web02-os,KioSoft Globalazure  Subscription,rg56-prod-amusement,19.285836,20.13962,-0.853784,DOWN
vm135-prod-amusement-web03-os,KioSoft Globalazure  Subscription,rg56-prod-amusement,19.285836,20.13962,-0.853784,DOWN
vm138-prod-cleanstore-web10_os,KioSoft Globalazure  Subscription,rg47-prod-cleanstore,19.285836,20.13962,-0.853784,DOWN
vm139produniversalweb03-osdisk-20241105-054648,KioSoft Globalazure  Subscription,cmk,19.285836,20.13962,-0.853784,DOWN
vm20016-prod-doris01_osdisk_1_4619dc83df1b4a9dbb22047b32692d87,KioSoft Globalazure  Subscription,rg20000-prod-olap,19.285836,20.13962,-0.853784,DOWN
vm98-prod-csc-universal-web02-disk,KioSoft Globalazure  Subscription,rg52-prod-csc,19.285836,20.13962,-0.853784,DOWN
vm99-prod-csc-universal-web03-disk,KioSoft Globalazure  Subscription,rg52-prod-csc,19.285836,20.13962,-0.853784,DOWN
pip10009-stage-market-web02,KioSoft Globalazure  Subscription,rg10004-stage-kiocentral,3.60004,2.747989,0.852051,UP
sa37produniversal,KioSoft Globalazure  Subscription,cmk,19.656726,20.507785,-0.851059,DOWN
disk20018-prod-integration-web01-os,KioSoft Globalazure  Subscription,rg20006-prod-integration,19.283719,20.132551,-0.848831,DOWN
disk20007-prod-jenkins01-os,KioSoft Globalazure  Subscription,rg20001-prod-devops,19.285836,20.112199,-0.826363,DOWN
disk20013-prod-internal-web01-os,KioSoft Globalazure  Subscription,rg20004-prod-internal,19.285836,20.112199,-0.826363,DOWN
new-prod-universal-web01_osdisk_1_d9bed20442044741973316466ba092d5-202209071420,KioSoft Globalazure  Subscription,cmk,19.285836,20.112199,-0.826363,DOWN
tmsprod-db01_osdisk_1_d3b9cf26c0954998ac076bedc2e2d669,KioSoft Globalazure  Subscription,tmsprod,19.285836,20.112199,-0.826363,DOWN
tmsprod-web02_osdisk_1_82c6e02223da4c23a3e4e94825526cf9,KioSoft Globalazure  Subscription,tmsprod,19.285836,20.112199,-0.826363,DOWN
vm104-prod-csc-retail-web03-disk,KioSoft Globalazure  Subscription,rg52-prod-csc,19.285836,20.112199,-0.826363,DOWN
vm107-prod-csc-retail-reportserver02-disk,KioSoft Globalazure  Subscription,rg52-prod-csc,19.285836,20.112199,-0.826363,DOWN
vm123-prod-cleanstore-web09_osdisk,KioSoft Globalazure  Subscription,rg47-prod-cleanstore,19.285836,20.112199,-0.826363,DOWN
vm128prodcscretailreportserver-osdisk-20240229-004711,KioSoft Globalazure  Subscription,rg52-prod-csc,19.285836,20.112199,-0.826363,DOWN
vm129prodcscretailreportserver-osdisk-20240229-005305,KioSoft Globalazure  Subscription,rg52-prod-csc,19.285836,20.112199,-0.826363,DOWN
vm130prodcscretailreportserver-osdisk-20240229-005759,KioSoft Globalazure  Subscription,rg52-prod-csc,19.285836,20.112199,-0.826363,DOWN
vm133-prod-csc-tms_osdisk_1_25351b0b638540fa8fd89d4ff582f07e,KioSoft Globalazure  Subscription,tmsprod,19.285836,20.112199,-0.826363,DOWN
vm136-prod-wazan-web01_osdisk_1_75074322860c414f921c689d0224db50,KioSoft Globalazure  Subscription,rg55-prod-wazan,19.285836,20.112199,-0.826363,DOWN
vm90-prod-powerbi_osdisk_1_30820f66bf4e4ab3b395b47bafc55b02,KioSoft Globalazure  Subscription,commandcenter,19.285836,20.112199,-0.826363,DOWN
vm97-prod-csc-universal-web01-disk,KioSoft Globalazure  Subscription,rg52-prod-csc,19.285836,20.112199,-0.826363,DOWN
vm90-prod-powerbi,KioSoft Globalazure  Subscription,commandcenter,25.921481,26.732764,-0.811282,DOWN
restoreuniversalweb01-osdisk-20250925-005356,KioSoft Globalazure  Subscription,rg9999-test-infrastructure,0.800857,0.0,0.800857,NEW
pip177-prod-operationcenter,KioSoft Globalazure  Subscription,rg59-prod-operationcenter,2.925032,3.720199,-0.795166,DOWN
pip178-vm157-prod-operation-management,KioSoft Globalazure  Subscription,rg59-prod-operationcenter,2.925032,3.720199,-0.795166,DOWN
restoreuniversalweb02-osdisk-20250925-005827,KioSoft Globalazure  Subscription,rg9999-test-infrastructure,0.794628,0.0,0.794628,NEW
pip20020-prod-sut-server02,KioSoft Globalazure  Subscription,sut,0.792803,0.0,0.792803,NEW
restorecleanstoreweb01-osdisk-20250925-010257,KioSoft Globalazure  Subscription,rg9999-test-infrastructure,0.792559,0.0,0.792559,NEW
restoreamusementweb01-osdisk-20250925-013247,KioSoft Globalazure  Subscription,rg9999-test-infrastructure,0.778959,0.0,0.778959,NEW
vm97-prod-csc-universal-web01,KioSoft Globalazure  Subscription,rg52-prod-csc,30.205745,29.430211,0.775534,UP
sutserver01-new_osdisk_1_a06c711facad49a48f8208abbaca4778,KioSoft Globalazure  Subscription,sut,17.531677,18.302225,-0.770548,DOWN
pip10008-stage-market-web01,KioSoft Globalazure  Subscription,rg10004-stage-kiocentral,3.60004,2.830523,0.769517,UP
tmsprod-tms02,KioSoft Globalazure  Subscription,tmsprod,15.155643,15.916826,-0.761183,DOWN
azurebackup_vm20011-prod-prometheus_929623887370555182,KioSoft Globalazure  Subscription,azurebackuprg_eastus_1,6.90708,6.150709,0.756371,UP
dbmonitor-nsg,KioSoft Globalazure  Subscription,dbmonitor,4.305119,3.551305,0.753814,UP
restoreintegrationweb01-osdisk-20250925-023550,KioSoft Globalazure  Subscription,rg9999-test-infrastructure,0.750119,0.0,0.750119,NEW
vm100-prod-csc-universal-web04,KioSoft Globalazure  Subscription,rg52-prod-csc,29.993741,29.243833,0.749907,UP
tm03-prod-cleanstore,KioSoft Globalazure  Subscription,rg47-prod-cleanstore,20.861953,20.1267,0.735253,UP
pvc-ad01910c-3bac-4eaa-ac2a-f93d7a33d801,KioSoft Globalazure  Subscription,mc_rg20007-prod-kiocentral-aks_aks20000-prod-kiocentral_eastus,1.899411,1.18755,0.71186,UP
bigdata1datafactory,KioSoft Globalazure  Subscription,rg9998-test-bigdata-infrastructure,21.60025,22.304602,-0.704352,DOWN
vm128-prod-csc-retail-reportserver05,KioSoft Globalazure  Subscription,rg52-prod-csc,16.039723,16.732605,-0.692882,DOWN
sa34omdryrun01,KioSoft Globalazure  Subscription,rg48-stage-cleanstore,15.659341,16.342085,-0.682744,DOWN
restorelatamweb01-osdisk-20250925-023457,KioSoft Globalazure  Subscription,rg9999-test-infrastructure,0.682423,0.0,0.682423,NEW
kiosoft,KioSoft Globalazure  Subscription,rg20002-prod-om,19.998884,20.664853,-0.665969,DOWN
vm103-prod-csc-retail-web02,KioSoft Globalazure  Subscription,rg52-prod-csc,18.753955,19.387539,-0.633584,DOWN
pip20003-prod-doris,KioSoft Globalazure  Subscription,rg20000-prod-olap,0.0,0.625879,-0.625879,REMOVED
vm99-prod-csc-universal-web03,KioSoft Globalazure  Subscription,rg52-prod-csc,29.981105,29.35709,0.624015,UP
bak-202412291941-capser,KioSoft Globalazure  Subscription,dbmonitor,10.726142,11.33796,-0.611818,DOWN
vm109-prod-csc-retail-reportserver04,KioSoft Globalazure  Subscription,rg52-prod-csc,16.140986,16.748472,-0.607486,DOWN
stage-universal-web02,KioSoft Globalazure  Subscription,dbmonitor,15.645478,15.038451,0.607027,UP
cctestaksbackup,KioSoft Globalazure  Subscription,commandcenter,0.000186,0.605844,-0.605658,DOWN
loadbalance07-prod-csc-universalweb,KioSoft Globalazure  Subscription,rg52-prod-csc,18.001579,18.601885,-0.600306,DOWN
loadbalance08-test-csc-web,KioSoft Globalazure  Subscription,rg51-test-csc,18.001923,18.602045,-0.600122,DOWN
new-kiosoft-unistress-web02_osdisk_1_eebfb9cb0cac41138cdd8c2b8db34027-20220905,KioSoft Globalazure  Subscription,dbmonitor,10.711388,11.302172,-0.590784,DOWN
aks-e4asv4pool-22212aks-e4asv4pool-222123os__1_671737dcc4fe4f9f8c455b37c2902739,KioSoft Globalazure  Subscription,mc_commandcenter_aks10000-test-cc_eastus,0.588954,0.0,0.588954,NEW
pvc-5806d47a-ff6f-4ee2-b1b7-c3138c355cc1,KioSoft Globalazure  Subscription,mc_commandcenter_aks10000-test-cc_eastus,0.556669,0.0,0.556669,NEW
vm133-prod-csc-tms,KioSoft Globalazure  Subscription,tmsprod,15.157971,15.700303,-0.542332,DOWN
restore-mysql19-prod-cleanstore-db02-fastest-utc-20250925133303,KioSoft Globalazure  Subscription,rg9999-test-infrastructure,0.539423,0.0,0.539423,NEW
tmsprod-tms01,KioSoft Globalazure  Subscription,tmsprod,15.926677,16.463461,-0.536784,DOWN
azurebackup_vm20014-prod-integration-web01_35184734496430,KioSoft Globalazure  Subscription,azurebackuprg_centralus_1,2.324353,1.7904,0.533953,UP
vm20014-prod-integration-web01,KioSoft Globalazure  Subscription,rg20006-prod-integration,16.094167,16.627832,-0.533665,DOWN
vm108-prod-csc-retail-reportserver03,KioSoft Globalazure  Subscription,rg52-prod-csc,16.001568,16.534943,-0.533375,DOWN
tmsprod-tms03,KioSoft Globalazure  Subscription,tmsprod,32.320616,31.79114,0.529476,UP
stagecleanstoreweb01-osdisk-20241225-050718,KioSoft Globalazure  Subscription,rg48-stage-cleanstore,5.589657,6.108667,-0.519009,DOWN
vm125-stage-db01,KioSoft Globalazure  Subscription,rg48-stage-cleanstore,14.50413,15.022288,-0.518158,DOWN
azurebackup_tmsprod-tms03_929623889091889079,KioSoft Globalazure  Subscription,azurebackuprg_eastus_1,3.112248,3.628392,-0.516144,DOWN
vm20005-prod-jumpserver,KioSoft Globalazure  Subscription,rg20002-prod-om,17.410386,17.923037,-0.512652,DOWN
kiosoft-publicddd,KioSoft Globalazure  Subscription,dbmonitor,14.985755,15.495004,-0.509249,DOWN
wb,KioSoft Globalazure  Subscription,kiosoft-test,20.32742,20.828767,-0.501346,DOWN
vm101-prod-csc-universal-soft01,KioSoft Globalazure  Subscription,rg52-prod-csc,15.945665,16.440225,-0.49456,DOWN
aks-agentpool-12407023-vmss,KioSoft Globalazure  Subscription,mc_rg20007-prod-kiocentral-aks_aks20000-prod-kiocentral_eastus,0.002831,0.487204,-0.484373,DOWN
stage-cleanstore-web02,KioSoft Globalazure  Subscription,rg48-stage-cleanstore,14.562452,15.04182,-0.479368,DOWN
tmsserver1,KioSoft Globalazure  Subscription,armtmsrsc,14.422376,14.885342,-0.462965,DOWN
aks-e4asv4pool-22212387-vmss / 0,KioSoft Globalazure  Subscription,mc_commandcenter_aks10000-test-cc_eastus,14.4,14.860206,-0.460206,DOWN
aks-syspool-21886233-vmss / 0,KioSoft Globalazure  Subscription,mc_commandcenter_aks10000-test-cc_eastus,14.4,14.860206,-0.460206,DOWN
vm134-prod-amusement-web02,KioSoft Globalazure  Subscription,rg56-prod-amusement,16.383582,16.841848,-0.458267,DOWN
vm57-test-route-als-web01,KioSoft Globalazure  Subscription,rg_test_route_als,14.40426,14.859102,-0.454842,DOWN
tmsprod-tms02_osdisk_1_fd21183cca6a4e3a9bf1fa8ff86b3974,KioSoft Globalazure  Subscription,tmsprod,9.987175,10.441359,-0.454183,DOWN
ttideployment,KioSoft Globalazure  Subscription,ttideploy,14.439536,14.889056,-0.44952,DOWN
stage-cleanstore-web01,KioSoft Globalazure  Subscription,rg48-stage-cleanstore,14.633722,15.082676,-0.448954,DOWN
kioposqa-softapp01,KioSoft Globalazure  Subscription,kiopos_test,14.431696,14.878856,-0.44716,DOWN
adf10000-test-datalake,KioSoft Globalazure  Subscription,rg10003-test-datalake,14.40025,14.846459,-0.446209,DOWN
vm71-test-kiopos-soft01,KioSoft Globalazure  Subscription,rg49-test-kiopos,14.446066,14.889493,-0.443428,DOWN
nat-lb-test-ip,KioSoft Globalazure  Subscription,rg9999-test-infrastructure,0.442962,0.0,0.442962,NEW
tmsprod-db01,KioSoft Globalazure  Subscription,tmsprod,14.4263,14.86799,-0.44169,DOWN
tmsprod-oldtms1,KioSoft Globalazure  Subscription,tmsprod,14.434879,14.876436,-0.441557,DOWN
vm20013-prod-kiopos-soft01,KioSoft Globalazure  Subscription,rg20005-prod-kiopos,14.423337,14.86385,-0.440512,DOWN
kioposqa-db01,KioSoft Globalazure  Subscription,kiopos_test,14.426086,14.866245,-0.440158,DOWN
tmsprod-tms01_osdisk_1_864e1344192f412ab26319ff668672d4,KioSoft Globalazure  Subscription,tmsprod,9.987175,10.427161,-0.439986,DOWN
vm147-prod-kiocentral-tool_osdisk_1_c57e1084985d4cbebfc1f45ef076c3e1,KioSoft Globalazure  Subscription,cmk,9.987175,10.427161,-0.439986,DOWN
sutserver02,KioSoft Globalazure  Subscription,sut,14.454538,14.89293,-0.438392,DOWN
prod-mqtt-coffee,KioSoft Globalazure  Subscription,production,14.454609,14.892533,-0.437924,DOWN
vm10005-stage-kiopos-soft01,KioSoft Globalazure  Subscription,rg10000-test-kiocentral,14.440713,14.878373,-0.437659,DOWN
vm10007-test-qa-universal-web01,KioSoft Globalazure  Subscription,rg10000-test-kiocentral,14.489755,14.927335,-0.43758,DOWN
vm107-prod-csc-retail-reportserver02,KioSoft Globalazure  Subscription,rg52-prod-csc,16.011964,16.448624,-0.43666,DOWN
stage-universal-db01,KioSoft Globalazure  Subscription,dbmonitor,14.80428,15.238654,-0.434373,DOWN
restore-mysql19-prod-cleanstore-db02-latest-utc-20250926011600,KioSoft Globalazure  Subscription,rg9999-test-infrastructure,0.432465,0.0,0.432465,NEW
vm147-prod-kiocentral-tool,KioSoft Globalazure  Subscription,cmk,14.439864,14.871617,-0.431753,DOWN
vm106-prod-csc-retail-reportserver01,KioSoft Globalazure  Subscription,rg52-prod-csc,16.034689,16.465554,-0.430865,DOWN
restore-mysql15-prod-market-replica-slowest-utc-20250924212403,KioSoft Globalazure  Subscription,rg9999-test-infrastructure,0.430558,0.0,0.430558,NEW
vm10004-stage-kiopos-web01,KioSoft Globalazure  Subscription,rg10000-test-kiocentral,14.449259,14.876435,-0.427176,DOWN
vm58-test-route-als-web02,KioSoft Globalazure  Subscription,rg_test_route_als,14.451647,14.878581,-0.426935,DOWN
dev,KioSoft Globalazure  Subscription,kiosoft-test,20.457404,20.883483,-0.42608,DOWN
vm121-prod-amusement-web01,KioSoft Globalazure  Subscription,retail,16.546345,16.972284,-0.425939,DOWN
aks-e4asv4pool-22212387-vmss / 5,KioSoft Globalazure  Subscription,mc_commandcenter_aks10000-test-cc_eastus,0.42,0.0,0.42,NEW
restore-mysql15-prod-market-replica-utc-20250924212503,KioSoft Globalazure  Subscription,rg9999-test-infrastructure,0.419272,0.0,0.419272,NEW
stage-cleanstore-web02_osdisk_1_a658fd4adcaa4f71b458f3dcd0046030,KioSoft Globalazure  Subscription,rg48-stage-cleanstore,5.574877,5.990079,-0.415201,DOWN
restore-mysql14-prod-market-utc-20250924133903,KioSoft Globalazure  Subscription,rg9999-test-infrastructure,0.413152,0.0,0.413152,NEW
pip20012-prod-elk01,KioSoft Globalazure  Subscription,rg20002-prod-om,3.60004,3.196132,0.403908,UP
vm72-test-kiopos-web01,KioSoft Globalazure  Subscription,rg49-test-kiopos,14.559987,14.96093,-0.400943,DOWN
restore-mysql10-prod-universal-utc-20250925083203,KioSoft Globalazure  Subscription,rg9999-test-infrastructure,0.397281,0.0,0.397281,NEW
azurebackup_vm126-automated-testing-platform_929623889014949279,KioSoft Globalazure  Subscription,azurebackuprg_eastus_1,3.459066,3.848251,-0.389185,DOWN
pvc-332b90cc-bd80-4861-b4fe-404433360355,KioSoft Globalazure  Subscription,mc_rg20007-prod-kiocentral-aks_aks20000-prod-kiocentral_eastus,0.382144,0.0,0.382144,NEW
vm135-prod-amusement-web03,KioSoft Globalazure  Subscription,rg56-prod-amusement,16.372017,16.753962,-0.381945,DOWN
kiosoft-es,KioSoft Globalazure  Subscription,dbmonitor,14.55245,14.933342,-0.380892,DOWN
vm74-test-universal,KioSoft Globalazure  Subscription,rg51-test-csc,14.513207,14.893707,-0.380499,DOWN
azurebackup_prod-universal-web01-new_929623888367181460,KioSoft Globalazure  Subscription,azurebackuprg_eastus_1,8.995419,9.37581,-0.38039,DOWN
azurebackup_vm128-prod-csc-retail-reportserver05_929623889277042919,KioSoft Globalazure  Subscription,azurebackuprg_eastus_1,6.587394,6.965234,-0.37784,DOWN
azurebackup_cmk_929623887782337582,KioSoft Globalazure  Subscription,azurebackuprg_eastus_1,6.864956,7.239957,-0.375,DOWN
kiosoft-international-new,KioSoft Globalazure  Subscription,kiosoft-test,14.560048,14.932526,-0.372478,DOWN
azurebackup_vm129-prod-csc-retail-reportserver06_929623887199236512,KioSoft Globalazure  Subscription,azurebackuprg_eastus_1,6.589247,6.958075,-0.368827,DOWN
azurebackup_vm106-prod-csc-retail-reportserver01_929623888529284737,KioSoft Globalazure  Subscription,azurebackuprg_eastus_1,6.607659,6.975823,-0.368164,DOWN
usprod-demoportal01,KioSoft Globalazure  Subscription,usprod,14.544698,14.910052,-0.365354,DOWN
restore-mysql25-prod-olap-utc-20250925030703,KioSoft Globalazure  Subscription,rg9999-test-infrastructure,0.362251,0.0,0.362251,NEW
kioposqa-webapp01,KioSoft Globalazure  Subscription,kiopos_test,14.523168,14.883077,-0.359909,DOWN
restore-mysql14-prod-market-slowest-utc-20250924133803,KioSoft Globalazure  Subscription,rg9999-test-infrastructure,0.358635,0.0,0.358635,NEW
azurebackup_vm73-prod-modem_929623888755050499,KioSoft Globalazure  Subscription,azurebackuprg_eastus_1,11.555866,11.910426,-0.35456,DOWN
azurebackup_vm131-prod-csc-retail-reportserver08_929623887602792145,KioSoft Globalazure  Subscription,azurebackuprg_eastus_1,6.459371,6.813117,-0.353746,DOWN
restore-mysql25-prod-olap-slowest-utc-20250925030603,KioSoft Globalazure  Subscription,rg9999-test-infrastructure,0.352556,0.0,0.352556,NEW
kiosoft-universaluat,KioSoft Globalazure  Subscription,dbmonitor,14.487802,14.840096,-0.352294,DOWN
restore-mysql10-prod-universal,KioSoft Globalazure  Subscription,cmk,0.0,0.351917,-0.351917,REMOVED
tmsprod-lb01,KioSoft Globalazure  Subscription,tmsprod,16.243806,16.59445,-0.350644,DOWN
azurebackup_vm107-prod-csc-retail-reportserver02_929623888805026017,KioSoft Globalazure  Subscription,azurebackuprg_eastus_1,6.494381,6.84486,-0.350479,DOWN
azurebackup_vm130-prod-csc-retail-reportserver07_929623888124425786,KioSoft Globalazure  Subscription,azurebackuprg_eastus_1,6.366685,6.712097,-0.345412,DOWN
restore-mysql24-prod-modem-utc-20250924232303,KioSoft Globalazure  Subscription,rg9999-test-infrastructure,0.339224,0.0,0.339224,NEW
azurebackup_ttideployment_929623889030321900,KioSoft Globalazure  Subscription,azurebackuprg_eastus_1,4.283559,3.950606,0.332953,UP
azurebackup_vm101-prod-csc-universal-soft01_929623889079237157,KioSoft Globalazure  Subscription,azurebackuprg_eastus_1,1.681659,1.348724,0.332935,UP
azurebackup_vm109-prod-csc-retail-reportserver04_929623888800437795,KioSoft Globalazure  Subscription,azurebackuprg_eastus_1,6.286548,6.619055,-0.332508,DOWN
azurebackup_vm108-prod-csc-retail-reportserver03_929623889063692052,KioSoft Globalazure  Subscription,azurebackuprg_eastus_1,6.599228,6.931054,-0.331826,DOWN
tmsprod-web02,KioSoft Globalazure  Subscription,tmsprod,16.682634,17.010463,-0.327829,DOWN
azurebackup_vm127-prod-tcn_929623888721242357,KioSoft Globalazure  Subscription,azurebackuprg_eastus_1,6.392893,6.065099,0.327794,UP
restore-mysql10-prod-universal-slowest-utc-20250925083103,KioSoft Globalazure  Subscription,rg9999-test-infrastructure,0.322001,0.0,0.322001,NEW
dbmonitor,KioSoft Globalazure  Subscription,dbmonitor,15.919847,16.240304,-0.320457,DOWN
vm58-test-route-als-web02_osdisk_1_2b08909888dc42bcac2b1fe2be4a08b2,KioSoft Globalazure  Subscription,rg_test_route_als,5.547729,5.867931,-0.320203,DOWN
tmsprod-web01,KioSoft Globalazure  Subscription,tmsprod,16.717542,17.036233,-0.318691,DOWN
azurebackup_tmsprod-db01_929623887247557873,KioSoft Globalazure  Subscription,azurebackuprg_eastus_1,7.041893,7.355483,-0.313591,DOWN
newtmsdesign,KioSoft Globalazure  Subscription,armtmsrsc,20.54583,20.858786,-0.312956,DOWN
azurebackup_vm20009-prod-internal-web01_929623888850019341,KioSoft Globalazure  Subscription,azurebackuprg_eastus_1,2.530174,2.228454,0.301719,UP
vm20012-prod-kiopos-web01,KioSoft Globalazure  Subscription,rg20005-prod-kiopos,16.041685,16.342504,-0.300819,DOWN
tmsserver2_osdisk_1_cbac7d887c924200b44055b3d5ba316a,KioSoft Globalazure  Subscription,armtmsrsc,5.342149,5.642268,-0.300119,DOWN
kiosoft-universaldev,KioSoft Globalazure  Subscription,dbmonitor,14.607377,14.906154,-0.298777,DOWN
restore-mysql24-prod-modem-slowest-utc-20250924232203,KioSoft Globalazure  Subscription,rg9999-test-infrastructure,0.295086,0.0,0.295086,NEW
tmsserver1-osdisk-20230704-032302,KioSoft Globalazure  Subscription,armtmsrsc,5.419449,5.710903,-0.291454,DOWN
tm04-prod-csc-reportserver,KioSoft Globalazure  Subscription,rg52-prod-csc,21.195429,21.486174,-0.290745,DOWN
vm57-test-route-als-web01_osdisk_1_7f41ea7e98b84410bfe318d323cb3c65,KioSoft Globalazure  Subscription,rg_test_route_als,5.509322,5.799864,-0.290541,DOWN
azurebackup_vm20010-prod-internal-web02_929623888179221498,KioSoft Globalazure  Subscription,azurebackuprg_eastus_1,2.514368,2.230655,0.283712,UP
tmsprod-lb01_osdisk_1_41aeade537234520b8d6a326e96775c0-202306301141-disk-2023063,KioSoft Globalazure  Subscription,armtmsrsc,5.309613,5.592953,-0.28334,DOWN
azurebackup_prod-universal-db01_929623887786635939,KioSoft Globalazure  Subscription,azurebackuprg_eastus_1,13.767263,14.049371,-0.282108,DOWN
azurebackup_vm121-prod-amusement-web01_929623888173040079,KioSoft Globalazure  Subscription,azurebackuprg_eastus_1,7.088345,7.369463,-0.281118,DOWN
azurebackup_vm135-prod-amusement-web03_929623888410428142,KioSoft Globalazure  Subscription,azurebackuprg_eastus_1,6.577466,6.857865,-0.280399,DOWN
kiodatabricks,KioSoft Globalazure  Subscription,rg9998-test-bigdata-infrastructure,0.0,0.28,-0.28,REMOVED
aks-systempool01-18971634-vmss,KioSoft Globalazure  Subscription,mc_commandcenter_cc-test_eastus,0.0,0.267745,-0.267745,REMOVED
vm124-test-retail,KioSoft Globalazure  Subscription,rg51-test-csc,14.85994,15.125811,-0.265871,DOWN
azurebackup_sutserver01_5414223955705124177,KioSoft Globalazure  Subscription,azurebackuprg_eastus2_1,3.356456,3.094396,0.26206,UP
azurebackup_vm134-prod-amusement-web02_929623887426034662,KioSoft Globalazure  Subscription,azurebackuprg_eastus_1,6.585251,6.842294,-0.257043,DOWN
vm10003-test-elk01,KioSoft Globalazure  Subscription,rg10002-test-devops,14.754711,14.993399,-0.238688,DOWN
dryrun01_private_endpoint,KioSoft Globalazure  Subscription,rg48-stage-cleanstore,7.2,7.438121,-0.238121,DOWN
pe01-prod-kiocentral-tool,KioSoft Globalazure  Subscription,rg48-stage-cleanstore,7.2,7.438121,-0.238121,DOWN
pe01-sa26-prod-cleanstore,KioSoft Globalazure  Subscription,rg47-prod-cleanstore,7.2,7.438121,-0.238121,DOWN
pe01-sa27-prod-amusement,KioSoft Globalazure  Subscription,rg56-prod-amusement,7.2,7.438121,-0.238121,DOWN
pe01-sa28-prod-csc,KioSoft Globalazure  Subscription,rg52-prod-csc,7.2,7.438121,-0.238121,DOWN
pe02-sa26-prod-cleanstore,KioSoft Globalazure  Subscription,rg47-prod-cleanstore,7.2,7.438121,-0.238121,DOWN
priend01-prod-cleanstore-db02,KioSoft Globalazure  Subscription,rg47-prod-cleanstore,7.2,7.438121,-0.238121,DOWN
priend03-prod-universal,KioSoft Globalazure  Subscription,cmk,7.2,7.438121,-0.238121,DOWN
tmstest,KioSoft Globalazure  Subscription,rg48-stage-cleanstore,7.2,7.438121,-0.238121,DOWN
priend02-prod-market-replica,KioSoft Globalazure  Subscription,retail,7.2,7.43811,-0.23811,DOWN
disk20010-prod-backupserver-os,KioSoft Globalazure  Subscription,rg20002-prod-om,5.166104,5.399191,-0.233087,DOWN
tmsprod-lb01_osdisk_1_41aeade537234520b8d6a326e96775c0,KioSoft Globalazure  Subscription,tmsprod,5.166104,5.399191,-0.233087,DOWN
tmsprod-oldtms1_osdisk_1_5a3bb962407e4018a18c5746fe3f700c,KioSoft Globalazure  Subscription,tmsprod,5.166381,5.390696,-0.224315,DOWN
aks-e4asv4pool-25145aks-e4asv4pool-251456os__2_2e9b2745e4d842cab70eda83ed0bc596,KioSoft Globalazure  Subscription,mc_commandcenter_cc-test_eastus,0.0,0.212266,-0.212266,REMOVED
ks-fgt_disk2_38c86f7ae9ed4a9681c35ca89d1c0156,KioSoft Globalazure  Subscription,sut,4.707187,4.915435,-0.208247,DOWN
sutserver02_disk1_2d3f6d24be204a268f3cae7fe4263767,KioSoft Globalazure  Subscription,sut,4.697776,4.905617,-0.207841,DOWN
kubernetes-a0929de449d844cc9a443b0bbd7a8a2e,KioSoft Globalazure  Subscription,mc_commandcenter_aks10000-test-cc_eastus,0.135001,0.339774,-0.204773,DOWN
restore-sage-os,KioSoft Globalazure  Subscription,rg9998-test-infrastructure,0.0,0.201114,-0.201114,REMOVED
rsv06-prod-uksouth,KioSoft Globalazure  Subscription,backup,6.05998,6.259965,-0.199985,DOWN
azurebackup_vm102-prod-csc-retail-web01_929623888246176115,KioSoft Globalazure  Subscription,azurebackuprg_eastus_1,8.912163,9.102293,-0.190131,DOWN
azurebackup_vm105-prod-csc-retail-web04_929623888639561588,KioSoft Globalazure  Subscription,azurebackuprg_eastus_1,8.908415,9.09571,-0.187295,DOWN
azurebackup_vm103-prod-csc-retail-web02_929623888633314838,KioSoft Globalazure  Subscription,azurebackuprg_eastus_1,8.893084,9.075783,-0.182698,DOWN
azurebackup_vm104-prod-csc-retail-web03_929623889200107741,KioSoft Globalazure  Subscription,azurebackuprg_eastus_1,8.868526,9.049682,-0.181156,DOWN
pip128-vm93-stage-kiopos-soft01,KioSoft Globalazure  Subscription,rg49-test-kiopos,0.0,0.175246,-0.175246,REMOVED
pip129-vm94-stage-kiopos-web01,KioSoft Globalazure  Subscription,rg49-test-kiopos,0.0,0.175246,-0.175246,REMOVED
pvc-ee264443-0d0e-48d6-ba21-acd9c0b763f2,KioSoft Globalazure  Subscription,mc_rg20007-prod-kiocentral-aks_aks20000-prod-kiocentral_eastus,0.173186,0.0,0.173186,NEW
azurebackup_vm98-prod-csc-universal-web02_929623888600091599,KioSoft Globalazure  Subscription,azurebackuprg_eastus_1,7.22461,7.051904,0.172705,UP
vm10006-stage-market-single_cpu-memory-alert,KioSoft Globalazure  Subscription,rg10004-stage-kiocentral,0.019722,0.191545,-0.171823,DOWN
vm20021-prod-csc-elk01_cpu-memory-alert,KioSoft Globalazure  Subscription,rg20003-prod-csc,0.1653,0.0,0.1653,NEW
aks-e4asv4pool-25145647-vmss / 1,KioSoft Globalazure  Subscription,mc_commandcenter_cc-test_eastus,0.0,0.160219,-0.160219,REMOVED
azurebackup_prod-universal-web02-new_929623887727239512,KioSoft Globalazure  Subscription,azurebackuprg_eastus_1,8.895966,9.038647,-0.142682,DOWN
azurebackup_vm157-prod-operation-management_929623887344118525,KioSoft Globalazure  Subscription,azurebackuprg_eastus_1,1.464075,1.606536,-0.142461,DOWN
azurebackup_vm156-prod-operationcenter_929623887286655021,KioSoft Globalazure  Subscription,azurebackuprg_eastus_1,2.147754,2.276929,-0.129174,DOWN
tm02-stage-cleanstore,KioSoft Globalazure  Subscription,rg48-stage-cleanstore,2.669299,2.794941,-0.125642,DOWN
vm104-prod-csc-retail-web03,KioSoft Globalazure  Subscription,rg52-prod-csc,18.812473,18.934808,-0.122335,DOWN
vm93-stage-kiopos-soft01,KioSoft Globalazure  Subscription,rg49-test-kiopos,0.0,0.120382,-0.120382,REMOVED
vm94-stage-kiopos-web01,KioSoft Globalazure  Subscription,rg49-test-kiopos,0.0,0.120299,-0.120299,REMOVED
pip179-vm158-prod-kiocentraluk-web01,KioSoft Globalazure  Subscription,rg60-prod-kiocentraluk,3.60004,3.720206,-0.120166,DOWN
8b906ae0-b714-42c6-9763-7e7d876c5224,KioSoft Globalazure  Subscription,mc_commandcenter_aks10000-test-cc_eastus,3.60004,3.720199,-0.120159,DOWN
cmk-ip,KioSoft Globalazure  Subscription,cmk,3.60004,3.720199,-0.120159,DOWN
dbmonitor-ip,KioSoft Globalazure  Subscription,dbmonitor,3.60004,3.720199,-0.120159,DOWN
dev-ip,KioSoft Globalazure  Subscription,kiosoft-test,3.60004,3.720199,-0.120159,DOWN
kioposqa-db01-ip,KioSoft Globalazure  Subscription,kiopos_test,3.60004,3.720199,-0.120159,DOWN
kioposqa-softapp01-ip,KioSoft Globalazure  Subscription,kiopos_test,3.60004,3.720199,-0.120159,DOWN
kioposqa-webapp01-ip,KioSoft Globalazure  Subscription,kiopos_test,3.60004,3.720199,-0.120159,DOWN
kiosoft-coffee-ip,KioSoft Globalazure  Subscription,kiosoft-test,3.60004,3.720199,-0.120159,DOWN
kiosoft-es-ip,KioSoft Globalazure  Subscription,dbmonitor,3.60004,3.720199,-0.120159,DOWN
kiosoft-international-new-ip,KioSoft Globalazure  Subscription,kiosoft-test,3.60004,3.720199,-0.120159,DOWN
kiosoft-publicddd-ip,KioSoft Globalazure  Subscription,dbmonitor,3.60004,3.720199,-0.120159,DOWN
kiosoft-qa-public-ip,KioSoft Globalazure  Subscription,kiosoft-test,3.60004,3.720199,-0.120159,DOWN
kiosoft-retail-ip,KioSoft Globalazure  Subscription,kiosoft-test,3.60004,3.720199,-0.120159,DOWN
kiosoft-unistress-lb01-ip,KioSoft Globalazure  Subscription,dbmonitor,3.60004,3.720199,-0.120159,DOWN
kiosoft-unistress-web01-ip,KioSoft Globalazure  Subscription,dbmonitor,3.60004,3.720199,-0.120159,DOWN
kiosoft-unistress-web02-ip,KioSoft Globalazure  Subscription,dbmonitor,3.60004,3.720199,-0.120159,DOWN
kiosoft-universaldev-ip,KioSoft Globalazure  Subscription,dbmonitor,3.60004,3.720199,-0.120159,DOWN
kiosoft-universaluat-ip,KioSoft Globalazure  Subscription,dbmonitor,3.60004,3.720199,-0.120159,DOWN
kubernetes-a03086337f77140c0a669db2c967252e,KioSoft Globalazure  Subscription,mc_commandcenter_aks10000-test-cc_eastus,3.60004,3.720199,-0.120159,DOWN
kubernetes-ae80924c6e8104b47af4627e23657589,KioSoft Globalazure  Subscription,mc_commandcenter_aks10000-test-cc_eastus,3.60004,3.720199,-0.120159,DOWN
loadbalance,KioSoft Globalazure  Subscription,rg_test_route_als,3.60004,3.720199,-0.120159,DOWN
nat-gw-public-ip,KioSoft Globalazure  Subscription,databricks-rg-kiodatabricks-63wh3jijrnppk,3.60004,3.720199,-0.120159,DOWN
pip10001-test-internal-server,KioSoft Globalazure  Subscription,rg10000-test-kiocentral,3.60004,3.720199,-0.120159,DOWN
pip10002-test-olap01,KioSoft Globalazure  Subscription,rg10001-test-olap,3.60004,3.720199,-0.120159,DOWN
pip10003-test-elk01,KioSoft Globalazure  Subscription,rg10002-test-devops,3.60004,3.720199,-0.120159,DOWN
pip10004-stage-kiopos-web01,KioSoft Globalazure  Subscription,rg10000-test-kiocentral,3.60004,3.720199,-0.120159,DOWN
pip10005-stage-kiopos-soft01,KioSoft Globalazure  Subscription,rg10000-test-kiocentral,3.60004,3.720199,-0.120159,DOWN
pip10007-test-qa-universal-web01,KioSoft Globalazure  Subscription,rg10000-test-kiocentral,3.60004,3.720199,-0.120159,DOWN
pip103-stage-cleanstore-web01,KioSoft Globalazure  Subscription,rg48-stage-cleanstore,3.60004,3.720199,-0.120159,DOWN
pip104-stage-cleanstore-web02,KioSoft Globalazure  Subscription,rg48-stage-cleanstore,3.60004,3.720199,-0.120159,DOWN
pip106-test-kiopos-soft01,KioSoft Globalazure  Subscription,rg49-test-kiopos,3.60004,3.720199,-0.120159,DOWN
pip107-test-kiopos-web01,KioSoft Globalazure  Subscription,rg49-test-kiopos,3.60004,3.720199,-0.120159,DOWN
pip108-prod-modem,KioSoft Globalazure  Subscription,rg50-prod-modem,3.60004,3.720199,-0.120159,DOWN
pip109-test-universal,KioSoft Globalazure  Subscription,rg51-test-csc,3.60004,3.720199,-0.120159,DOWN
pip110-test-retail,KioSoft Globalazure  Subscription,rg51-test-csc,3.60004,3.720199,-0.120159,DOWN
pip132-vm97-prod-csc-universal-web01,KioSoft Globalazure  Subscription,rg52-prod-csc,3.60004,3.720199,-0.120159,DOWN
pip133-vm98-prod-csc-universal-web02,KioSoft Globalazure  Subscription,rg52-prod-csc,3.60004,3.720199,-0.120159,DOWN
pip134-vm99-prod-csc-universal-web03,KioSoft Globalazure  Subscription,rg52-prod-csc,3.60004,3.720199,-0.120159,DOWN
pip135-vm100-prod-csc-universal-web04,KioSoft Globalazure  Subscription,rg52-prod-csc,3.60004,3.720199,-0.120159,DOWN
pip136-vm101-prod-csc-universal-soft01,KioSoft Globalazure  Subscription,rg52-prod-csc,3.60004,3.720199,-0.120159,DOWN
pip137-vm102-prod-csc-retail-web01,KioSoft Globalazure  Subscription,rg52-prod-csc,3.60004,3.720199,-0.120159,DOWN
pip138-vm103-prod-csc-retail-web02,KioSoft Globalazure  Subscription,rg52-prod-csc,3.60004,3.720199,-0.120159,DOWN
pip139-vm104-prod-csc-retail-web03,KioSoft Globalazure  Subscription,rg52-prod-csc,3.60004,3.720199,-0.120159,DOWN
pip140-vm105-prod-csc-retail-web04,KioSoft Globalazure  Subscription,rg52-prod-csc,3.60004,3.720199,-0.120159,DOWN
pip141-vm106-prod-csc-retail-reportserver01,KioSoft Globalazure  Subscription,rg52-prod-csc,3.60004,3.720199,-0.120159,DOWN
pip142-vm107-prod-csc-retail-reportserver02,KioSoft Globalazure  Subscription,rg52-prod-csc,3.60004,3.720199,-0.120159,DOWN
pip143-vm108-prod-csc-retail-reportserver03,KioSoft Globalazure  Subscription,rg52-prod-csc,3.60004,3.720199,-0.120159,DOWN
pip144-vm109-prod-csc-retail-reportserver04,KioSoft Globalazure  Subscription,rg52-prod-csc,3.60004,3.720199,-0.120159,DOWN
pip148-vm114-prod-cleanstore-web04,KioSoft Globalazure  Subscription,rg47-prod-cleanstore,3.60004,3.720199,-0.120159,DOWN
pip149-vm115-prod-cleanstore-web05,KioSoft Globalazure  Subscription,rg47-prod-cleanstore,3.60004,3.720199,-0.120159,DOWN
pip157-vm126-automated-testing-platform,KioSoft Globalazure  Subscription,rg53-automated_testing_platform,3.60004,3.720199,-0.120159,DOWN
pip158-vm127-prod-tcn,KioSoft Globalazure  Subscription,rg54-prod-tcn,3.60004,3.720199,-0.120159,DOWN
pip159-vm128-prod-csc-retail-reportserver05,KioSoft Globalazure  Subscription,rg52-prod-csc,3.60004,3.720199,-0.120159,DOWN
pip160-vm129-prod-csc-retail-reportserver06,KioSoft Globalazure  Subscription,rg52-prod-csc,3.60004,3.720199,-0.120159,DOWN
pip161-vm130-prod-csc-retail-reportserver07,KioSoft Globalazure  Subscription,rg52-prod-csc,3.60004,3.720199,-0.120159,DOWN
pip162-vm131-prod-csc-retail-reportserver08,KioSoft Globalazure  Subscription,rg52-prod-csc,3.60004,3.720199,-0.120159,DOWN
pip164-loadbalance08-test-csc-web,KioSoft Globalazure  Subscription,rg51-test-csc,3.60004,3.720199,-0.120159,DOWN
pip165-vm133-prod-csc-tms,KioSoft Globalazure  Subscription,tmsprod,3.60004,3.720199,-0.120159,DOWN
pip166-vm134-prod-amusement-web02,KioSoft Globalazure  Subscription,retail,3.60004,3.720199,-0.120159,DOWN
pip167-vm135-prod-amusement-web03,KioSoft Globalazure  Subscription,retail,3.60004,3.720199,-0.120159,DOWN
pip168-vm136-prod-wazan-web01,KioSoft Globalazure  Subscription,rg55-prod-wazan,3.60004,3.720199,-0.120159,DOWN
pip169-vm139-prod-universal-web03,KioSoft Globalazure  Subscription,cmk,3.60004,3.720199,-0.120159,DOWN
pip170-vm140-prod-devops-ai,KioSoft Globalazure  Subscription,rg57-prod-devops-infrastructure,3.60004,3.720199,-0.120159,DOWN
pip176-vm147-prod-kiocentral-tool,KioSoft Globalazure  Subscription,cmk,3.60004,3.720199,-0.120159,DOWN
pip20000-prod-doris01,KioSoft Globalazure  Subscription,rg20000-prod-olap,3.60004,3.720199,-0.120159,DOWN
pip20003-prod-seatunnel01,KioSoft Globalazure  Subscription,rg20000-prod-olap,3.60004,3.720199,-0.120159,DOWN
pip20004-prod-jenkins01,KioSoft Globalazure  Subscription,rg20001-prod-devops,3.60004,3.720199,-0.120159,DOWN
pip20006-prod-backupserver,KioSoft Globalazure  Subscription,rg20002-prod-om,3.60004,3.720199,-0.120159,DOWN
pip20009-prod-internal-web01,KioSoft Globalazure  Subscription,rg20004-prod-internal,3.60004,3.720199,-0.120159,DOWN
pip20010-prod-internal-web02,KioSoft Globalazure  Subscription,rg20004-prod-internal,3.60004,3.720199,-0.120159,DOWN
prod-amusementserver-ip,KioSoft Globalazure  Subscription,retail,3.60004,3.720199,-0.120159,DOWN
prod-integrationserver-ip,KioSoft Globalazure  Subscription,rg20006-prod-integration,3.59504,3.715199,-0.120159,DOWN
prod-mqtt-coffee-ip,KioSoft Globalazure  Subscription,production,3.60004,3.720199,-0.120159,DOWN
prod-universal-ip,KioSoft Globalazure  Subscription,cmk,3.60004,3.720199,-0.120159,DOWN
prod-universal-lb01-ip,KioSoft Globalazure  Subscription,cmk,3.60004,3.720199,-0.120159,DOWN
prod-universal-web01-ip,KioSoft Globalazure  Subscription,cmk,3.60004,3.720199,-0.120159,DOWN
prod-universal-web02-ip,KioSoft Globalazure  Subscription,cmk,3.60004,3.720199,-0.120159,DOWN
prodsagedb01ip411,KioSoft Globalazure  Subscription,sage300c_v2022,3.60004,3.720199,-0.120159,DOWN
retail-loadbalance-stage-ip,KioSoft Globalazure  Subscription,newwbserverscheme,3.60004,3.720199,-0.120159,DOWN
tmsnginxip149,KioSoft Globalazure  Subscription,armtmsrsc,3.60004,3.720199,-0.120159,DOWN
tmsproddb01ip166,KioSoft Globalazure  Subscription,tmsprod,3.60004,3.720199,-0.120159,DOWN
tmsprodlb01ip334,KioSoft Globalazure  Subscription,tmsprod,3.60004,3.720199,-0.120159,DOWN
tmsprodtms01ip181,KioSoft Globalazure  Subscription,tmsprod,3.60004,3.720199,-0.120159,DOWN
tmsprodtms02ip372,KioSoft Globalazure  Subscription,tmsprod,3.60004,3.720199,-0.120159,DOWN
tmsprodtms03ip741,KioSoft Globalazure  Subscription,tmsprod,3.60004,3.720199,-0.120159,DOWN
tmsprodweb01ip798,KioSoft Globalazure  Subscription,tmsprod,3.60004,3.720199,-0.120159,DOWN
tmsprodweb02ip534,KioSoft Globalazure  Subscription,tmsprod,3.60004,3.720199,-0.120159,DOWN
tmsserver1ip341,KioSoft Globalazure  Subscription,armtmsrsc,3.60004,3.720199,-0.120159,DOWN
tmsserver2ip827,KioSoft Globalazure  Subscription,armtmsrsc,3.60004,3.720199,-0.120159,DOWN
ttideployment-ip,KioSoft Globalazure  Subscription,ttideploy,3.60004,3.720199,-0.120159,DOWN
ttimetrics-ip,KioSoft Globalazure  Subscription,rg20002-prod-om,3.60004,3.720199,-0.120159,DOWN
uniersalstress-db01-ip,KioSoft Globalazure  Subscription,dbmonitor,3.60004,3.720199,-0.120159,DOWN
usprod-demoportal01-ip,KioSoft Globalazure  Subscription,usprod,3.60004,3.720199,-0.120159,DOWN
vm57-test-route-als-web01-ip,KioSoft Globalazure  Subscription,rg_test_route_als,3.60004,3.720199,-0.120159,DOWN
vm58-test-route-als-web02-ip,KioSoft Globalazure  Subscription,rg_test_route_als,3.60004,3.720199,-0.120159,DOWN
vm59-prod-kiopos-web01-ip,KioSoft Globalazure  Subscription,rg20005-prod-kiopos,3.60004,3.720199,-0.120159,DOWN
vm60-prod-kiopos-soft01-ip,KioSoft Globalazure  Subscription,rg20005-prod-kiopos,3.60004,3.720199,-0.120159,DOWN
vm67-prod-cleanstore-web02-ip,KioSoft Globalazure  Subscription,rg47-prod-cleanstore,3.60004,3.720199,-0.120159,DOWN
vm90-prod-powerbi-ip,KioSoft Globalazure  Subscription,commandcenter,3.60004,3.720199,-0.120159,DOWN
wb-ip,KioSoft Globalazure  Subscription,kiosoft-test,3.60004,3.720199,-0.120159,DOWN
myreservedip,KioSoft Globalazure  Subscription,tmsprod,3.59504,3.715192,-0.120152,DOWN
vm102-prod-csc-retail-web01,KioSoft Globalazure  Subscription,rg52-prod-csc,18.907709,19.024354,-0.116645,DOWN
sutserver01-ip,KioSoft Globalazure  Subscription,sut,3.60004,3.715199,-0.115159,DOWN
accessauditsystem-ip,KioSoft Globalazure  Subscription,rg20002-prod-om,3.60004,3.715192,-0.115152,DOWN
sutserver02ip184,KioSoft Globalazure  Subscription,sut,3.60004,3.715192,-0.115152,DOWN
vm105-prod-csc-retail-web04,KioSoft Globalazure  Subscription,rg52-prod-csc,18.794554,18.891634,-0.09708,DOWN
sut_vnetgateway1_publicip1,KioSoft Globalazure  Subscription,sut,2.88,2.975957,-0.095957,DOWN
azurebackup_sutserver02_5414223954115939432,KioSoft Globalazure  Subscription,azurebackuprg_eastus2_1,0.975449,0.881016,0.094433,UP
vm20018-prod-latamcleanstore-web01_cpu-memory-alert,KioSoft Globalazure  Subscription,rg20008-prod-latamcleanstore,0.184382,0.09274,0.091642,UP
vm20019-prod-latamcleanstore-web02_cpu-memory-alert,KioSoft Globalazure  Subscription,rg20008-prod-latamcleanstore,0.184382,0.09274,0.091642,UP
vm20020-prod-latamcleanstore-web03_cpu-memory-alert,KioSoft Globalazure  Subscription,rg20008-prod-latamcleanstore,0.184382,0.092869,0.091513,UP
ks-fgt-pip,KioSoft Globalazure  Subscription,sut,2.590011,2.679941,-0.08993,DOWN
high cpu usage redis01-prod-universal,KioSoft Globalazure  Subscription,retail,0.0,0.088101,-0.088101,REMOVED
high cpu usage-latamcleanstore-web01,KioSoft Globalazure  Subscription,retail,0.0,0.088101,-0.088101,REMOVED
high cpu usage-mysql09-prod-latamcleanstore,KioSoft Globalazure  Subscription,retail,0.0,0.088101,-0.088101,REMOVED
high mem usage redis01-prod-universal,KioSoft Globalazure  Subscription,retail,0.0,0.088101,-0.088101,REMOVED
high mem usage-latamcleanstore-web01,KioSoft Globalazure  Subscription,retail,0.0,0.088101,-0.088101,REMOVED
high mem usage-mysql09-prod-latamcleanstore,KioSoft Globalazure  Subscription,retail,0.0,0.088101,-0.088101,REMOVED
high mem usage-mysql16-prod-market-replica,KioSoft Globalazure  Subscription,retail,0.0,0.088101,-0.088101,REMOVED
high server load redis01-prod-universal,KioSoft Globalazure  Subscription,retail,0.0,0.088101,-0.088101,REMOVED
high storage usage-mariadb07-prod-market,KioSoft Globalazure  Subscription,retail,0.0,0.088101,-0.088101,REMOVED
high storage usage-mysql08-prod-market,KioSoft Globalazure  Subscription,retail,0.0,0.088101,-0.088101,REMOVED
high storage usage-mysql09-prod-latamcleanstore,KioSoft Globalazure  Subscription,retail,0.0,0.088101,-0.088101,REMOVED
high storage usage-mysql16-prod-market-replica,KioSoft Globalazure  Subscription,retail,0.0,0.088101,-0.088101,REMOVED
82a6a78971344addad285d2c1833c104,KioSoft Globalazure  Subscription,databricks-rg-kiodatabricks-63wh3jijrnppk,0.0,0.087295,-0.087295,REMOVED
cadeddacc94343899ddea2f0b37f6435,KioSoft Globalazure  Subscription,databricks-rg-kiodatabricks-63wh3jijrnppk,0.0,0.086451,-0.086451,REMOVED
e8959858a05b4c508f9071f6240f0676,KioSoft Globalazure  Subscription,databricks-rg-kiodatabricks-63wh3jijrnppk,0.0,0.086451,-0.086451,REMOVED
azurebackup_vm158-prod-kiocentraluk-web01_351845567506023,KioSoft Globalazure  Subscription,azurebackuprg_uksouth_1,1.8669,1.950112,-0.083213,DOWN
azurebackup_vm123-prod-cleanstore-web09_929623887529406073,KioSoft Globalazure  Subscription,azurebackuprg_eastus_1,10.212228,10.294255,-0.082028,DOWN
test-redis-pvc-alert,KioSoft Globalazure  Subscription,mc_commandcenter_cc-test_eastus,0.0,0.08191,-0.08191,REMOVED
aks-e4asv4pool-25145647-vmss,KioSoft Globalazure  Subscription,mc_commandcenter_cc-test_eastus,0.0,0.079091,-0.079091,REMOVED
vm-cpu-memory-alert,KioSoft Globalazure  Subscription,rg9999-test-infrastructure,0.016905,0.095837,-0.078932,DOWN
azurebackup_vm138-prod-cleanstore-web10_929623887690656174,KioSoft Globalazure  Subscription,azurebackuprg_eastus_1,10.246604,10.170607,0.075996,UP
vm10010-stage-market-soft01_cpu-memory-alert,KioSoft Globalazure  Subscription,rg10004-stage-kiocentral,0.065536,0.0,0.065536,NEW
azurebackup_vm100-prod-csc-universal-web04_929623888133131047,KioSoft Globalazure  Subscription,azurebackuprg_eastus_1,6.895519,6.831286,0.064233,UP
azurebackup_vm139-prod-universal-web03_929623889213854684,KioSoft Globalazure  Subscription,azurebackuprg_eastus_1,8.853056,8.907988,-0.054932,DOWN
azurebackup_vm20012-prod-kiopos-web01_929623887747725848,KioSoft Globalazure  Subscription,azurebackuprg_eastus_1,1.831572,1.777027,0.054545,UP
vm20016-prod-doris01,KioSoft Globalazure  Subscription,rg20000-prod-olap,14.821957,14.875994,-0.054036,DOWN
aks-syspool-21886233aks-syspool-21886233-os__1_b263f11f14314f988f50a85005199b26,KioSoft Globalazure  Subscription,mc_commandcenter_aks10000-test-cc_eastus,0.047797,0.0,0.047797,NEW
azurebackup_tmsprod-lb01_929623888688307930,KioSoft Globalazure  Subscription,azurebackuprg_eastus_1,0.362401,0.314697,0.047704,UP
elktestdatalake,KioSoft Globalazure  Subscription,rg9998-test-bigdata-infrastructure,1.221465,1.268511,-0.047046,DOWN
vm10011-automated-testing-platform_cpu-memory-alert,KioSoft Globalazure  Subscription,rg10000-test-kiocentral,0.046838,0.0,0.046838,NEW
azurebackup_vm99-prod-csc-universal-web03_929623888409280534,KioSoft Globalazure  Subscription,azurebackuprg_eastus_1,6.831384,6.877672,-0.046289,DOWN
azurebackup_vm20022-prod-sut-server02_5414223954553080845,KioSoft Globalazure  Subscription,azurebackuprg_eastus2_1,0.046075,0.0,0.046075,NEW
vm10009-stage-market-web02_cpu-memory-alert,KioSoft Globalazure  Subscription,rg10004-stage-kiocentral,0.184126,0.141626,0.0425,UP
vm20022-prod-sut-server02_cpu-memory-alert,KioSoft Globalazure  Subscription,sut,0.040563,0.0,0.040563,NEW
vm10008-stage-market-web01_cpu-memory-alert,KioSoft Globalazure  Subscription,rg10004-stage-kiocentral,0.184382,0.145495,0.038887,UP
high storage usage-mysql06-test-retail-slave,KioSoft Globalazure  Subscription,kiosoft-test,0.05699,0.095838,-0.038848,DOWN
db-cpu-high,KioSoft Globalazure  Subscription,kiosoft-test,0.057118,0.095838,-0.03872,DOWN
high cpu usage-mysql,KioSoft Globalazure  Subscription,rg49-test-kiopos,0.057118,0.095838,-0.03872,DOWN
high mem usage-cleanstore-web01,KioSoft Globalazure  Subscription,rg47-prod-cleanstore,0.057118,0.095838,-0.03872,DOWN
high memory usage-azure-retailstage,KioSoft Globalazure  Subscription,kiosoft-test,0.057118,0.095838,-0.03872,DOWN
high storage usage-mariadb04-prod-universal,KioSoft Globalazure  Subscription,cmk,0.057118,0.095838,-0.03872,DOWN
high storage usage-azure-retailstage,KioSoft Globalazure  Subscription,kiosoft-test,0.057118,0.095837,-0.038719,DOWN
high cpu usage- mysql06-test-retail-slave,KioSoft Globalazure  Subscription,kiosoft-test,0.057374,0.095838,-0.038464,DOWN
high cpu usage-prod-cleanstore,KioSoft Globalazure  Subscription,retail,0.057502,0.095838,-0.038336,DOWN
high memory usage-mariadb48-prod-csc-retail,KioSoft Globalazure  Subscription,rg52-prod-csc,0.057502,0.095838,-0.038336,DOWN
lbweb01-vm-cpu-high,KioSoft Globalazure  Subscription,newwbserverscheme,0.057502,0.095838,-0.038336,DOWN
high  cpu usage-prod-market,KioSoft Globalazure  Subscription,retail,0.057502,0.095837,-0.038335,DOWN
high cpu usage-prod-market,KioSoft Globalazure  Subscription,retail,0.057502,0.095837,-0.038335,DOWN
high mem usage-cleanstore-web03,KioSoft Globalazure  Subscription,rg47-prod-cleanstore,0.057502,0.095837,-0.038335,DOWN
high cpu usage-prod-cc,KioSoft Globalazure  Subscription,commandcenter,0.057886,0.095838,-0.037952,DOWN
high mem usage-cleanstore-web02,KioSoft Globalazure  Subscription,rg47-prod-cleanstore,0.057886,0.095838,-0.037952,DOWN
high mem usage-cleanstore-web07,KioSoft Globalazure  Subscription,rg47-prod-cleanstore,0.057886,0.095838,-0.037952,DOWN
high mem usage-prod-cleanstore,KioSoft Globalazure  Subscription,rg47-prod-cleanstore,0.057886,0.095838,-0.037952,DOWN
high storage usage-mariadb01-prod-cc,KioSoft Globalazure  Subscription,commandcenter,0.057886,0.095838,-0.037952,DOWN
high storage usage-mysql02-test-kiopos,KioSoft Globalazure  Subscription,rg49-test-kiopos,0.057886,0.095838,-0.037952,DOWN
test1,KioSoft Globalazure  Subscription,rg_test_route_als,0.057886,0.095838,-0.037952,DOWN
high cpu usage-azure-retailstage,KioSoft Globalazure  Subscription,kiosoft-test,0.05827,0.095838,-0.037568,DOWN
high cpu usage-cleanstore-web01,KioSoft Globalazure  Subscription,rg47-prod-cleanstore,0.05827,0.095838,-0.037568,DOWN
high cpu usage-cleanstore-web02,KioSoft Globalazure  Subscription,rg47-prod-cleanstore,0.05827,0.095838,-0.037568,DOWN
high cpu usage-prod-international,KioSoft Globalazure  Subscription,retail,0.05827,0.095838,-0.037568,DOWN
high storage usage-mariadb27-prod-csc-universal,KioSoft Globalazure  Subscription,rg52-prod-csc,0.05827,0.095838,-0.037568,DOWN
memory working set percentage - cc-test,KioSoft Globalazure  Subscription,commandcenter,0.05827,0.095838,-0.037568,DOWN
memory working set percentage - cc-tti-test,KioSoft Globalazure  Subscription,commandcenter,0.05827,0.095838,-0.037568,DOWN
high cpu usage-cleanstore-web05,KioSoft Globalazure  Subscription,rg47-prod-cleanstore,0.058527,0.095838,-0.037312,DOWN
high memory usage-mariadb27-prod-csc-universal,KioSoft Globalazure  Subscription,rg52-prod-csc,0.058527,0.095838,-0.037312,DOWN
activeconnectionalert-pros-cleanstore,KioSoft Globalazure  Subscription,retail,0.058655,0.095838,-0.037184,DOWN
high cpu usage-mariadb27-prod-csc-universal,KioSoft Globalazure  Subscription,rg52-prod-csc,0.058655,0.095838,-0.037184,DOWN
high cpu usage-mariadb48-prod-csc-retail,KioSoft Globalazure  Subscription,rg52-prod-csc,0.058655,0.095838,-0.037184,DOWN
high cpu usage-mysql16-prod-market-replica,KioSoft Globalazure  Subscription,retail,0.058655,0.095838,-0.037184,DOWN
high memory usage-prod-universal,KioSoft Globalazure  Subscription,cmk,0.058655,0.095838,-0.037184,DOWN
high cpu usage-prod-universal,KioSoft Globalazure  Subscription,cmk,0.058655,0.095837,-0.037183,DOWN
high mem usage-prod-cc,KioSoft Globalazure  Subscription,commandcenter,0.058655,0.095837,-0.037183,DOWN
cpu usage percentage - aks-test,KioSoft Globalazure  Subscription,rg9997-test-devops-infrastructure,0.059039,0.095838,-0.036799,DOWN
cpu usage percentage - cc-test,KioSoft Globalazure  Subscription,commandcenter,0.059039,0.095838,-0.036799,DOWN
cpu usage percentage - cc-tti-test,KioSoft Globalazure  Subscription,commandcenter,0.059039,0.095838,-0.036799,DOWN
ddos attack-cleanstore-web01,KioSoft Globalazure  Subscription,rg47-prod-cleanstore,0.059039,0.095838,-0.036799,DOWN
high cpu usage-cleanstore-web07,KioSoft Globalazure  Subscription,rg47-prod-cleanstore,0.059039,0.095838,-0.036799,DOWN
high cpu usage-prod-cleanstore,KioSoft Globalazure  Subscription,rg47-prod-cleanstore,0.059039,0.095838,-0.036799,DOWN
high memory usage-mysql02-test-kiopos,KioSoft Globalazure  Subscription,rg49-test-kiopos,0.059039,0.095838,-0.036799,DOWN
high storage usage-mariadb48-prod-csc-retail,KioSoft Globalazure  Subscription,rg52-prod-csc,0.059039,0.095838,-0.036799,DOWN
cpu usage percentage - aks10000_cc_test,KioSoft Globalazure  Subscription,commandcenter,0.059039,0.095837,-0.036798,DOWN
alert_htest01,KioSoft Globalazure  Subscription,kiosoft-test,0.059423,0.095838,-0.036415,DOWN
high mem usage-cleanstore-web05,KioSoft Globalazure  Subscription,rg47-prod-cleanstore,0.059423,0.095838,-0.036415,DOWN
high storage usage-prod-cleanstore,KioSoft Globalazure  Subscription,retail,0.059423,0.095838,-0.036415,DOWN
memory working set percentage - aks-test,KioSoft Globalazure  Subscription,rg9997-test-devops-infrastructure,0.059423,0.095838,-0.036415,DOWN
high mem usage-prod-market,KioSoft Globalazure  Subscription,retail,0.059423,0.095709,-0.036286,DOWN
high mem usage-prod-international,KioSoft Globalazure  Subscription,retail,0.059807,0.095838,-0.036031,DOWN
high cpu usage-cleanstore-web03,KioSoft Globalazure  Subscription,rg47-prod-cleanstore,0.060191,0.095838,-0.035647,DOWN
high mem usage-mysql08-prod-market,KioSoft Globalazure  Subscription,retail,0.060191,0.095838,-0.035647,DOWN
high mem usage-prod-cleanstore,KioSoft Globalazure  Subscription,retail,0.060191,0.095838,-0.035647,DOWN
high memory usage-mysql06-test-retail-slave,KioSoft Globalazure  Subscription,kiosoft-test,0.060191,0.095838,-0.035647,DOWN
high storage usage-mysql07-prod-cleanstore,KioSoft Globalazure  Subscription,rg47-prod-cleanstore,0.060191,0.095838,-0.035647,DOWN
memory working set percentage - aks10000_cc_test,KioSoft Globalazure  Subscription,commandcenter,0.060576,0.095838,-0.035263,DOWN
azurebackup_vm147-prod-kiocentral-tool_929623887329958306,KioSoft Globalazure  Subscription,azurebackuprg_eastus_1,1.252694,1.220248,0.032446,UP
azurebackup_tmsprod-web01_929623887909667835,KioSoft Globalazure  Subscription,azurebackuprg_eastus_1,1.750149,1.781716,-0.031568,DOWN
low cpu usage-mysql14-prod-market,KioSoft Globalazure  Subscription,retail,0.092191,0.061138,0.031053,UP
[critical mysql offline]-mysql10-prod-universal,KioSoft Globalazure  Subscription,cmk,0.092191,0.061139,0.031052,UP
low cpu usage-mysql10-prod-universal,KioSoft Globalazure  Subscription,cmk,0.092191,0.061139,0.031052,UP
low cpu usage-mysql12-prod-cleanstore,KioSoft Globalazure  Subscription,rg47-prod-cleanstore,0.092191,0.061139,0.031052,UP
low cpu usage-mysql22-prod-csc-retail,KioSoft Globalazure  Subscription,rg20003-prod-csc,0.092191,0.061139,0.031052,UP
low cpu usage-mysql23-prod-csc-universal,KioSoft Globalazure  Subscription,rg20003-prod-csc,0.092191,0.061139,0.031052,UP
low cpu usage-mysql25-prod-olap,KioSoft Globalazure  Subscription,rg20000-prod-olap,0.092191,0.061139,0.031052,UP
medium cpu usage-mysql10-prod-universal,KioSoft Globalazure  Subscription,cmk,0.092191,0.061139,0.031052,UP
medium cpu usage-mysql12-prod-cleanstore,KioSoft Globalazure  Subscription,rg47-prod-cleanstore,0.092191,0.061139,0.031052,UP
medium cpu usage-mysql14-prod-market,KioSoft Globalazure  Subscription,retail,0.092191,0.061139,0.031052,UP
medium cpu usage-mysql23-prod-csc-universal,KioSoft Globalazure  Subscription,rg20003-prod-csc,0.092191,0.061139,0.031052,UP
medium cpu usage-mysql25-prod-olap,KioSoft Globalazure  Subscription,rg20000-prod-olap,0.092191,0.061139,0.031052,UP
medium cpu usage-mysql22-prod-csc-retail,KioSoft Globalazure  Subscription,rg20003-prod-csc,0.092063,0.061139,0.030924,UP
[critical mysql online]-mysql17-prod-kiocentraluk,KioSoft Globalazure  Subscription,rg60-prod-kiocentraluk,0.05827,0.089002,-0.030731,DOWN
aks-e4asv4pool-12407023-vmss,KioSoft Globalazure  Subscription,mc_rg20007-prod-kiocentral-aks_aks20000-prod-kiocentral_eastus,0.0,0.030481,-0.030481,REMOVED
pvc-0c0410dd-8d93-4147-a5a9-48ce781c8b95,KioSoft Globalazure  Subscription,mc_commandcenter_aks10000-test-cc_eastus,1.900327,1.930436,-0.03011,DOWN
azurebackup_tmsprod-oldtms1_35185633139871,KioSoft Globalazure  Subscription,azurebackuprg_centralus_1,0.263017,0.233689,0.029329,UP
critical-mysql offline-mysql10-prod-universal,KioSoft Globalazure  Subscription,cmk,0.0,0.028249,-0.028249,REMOVED
azurebackup_tmsprod-web02_929623889231908371,KioSoft Globalazure  Subscription,azurebackuprg_eastus_1,1.790863,1.818419,-0.027556,DOWN
myosdisk2,KioSoft Globalazure  Subscription,rg9997-test-devops-infrastructure,0.0,0.027283,-0.027283,REMOVED
azurebackup_prod-mqtt-coffee_929623888628586878,KioSoft Globalazure  Subscription,azurebackuprg_eastus_1,1.085106,1.111415,-0.02631,DOWN
bigdata1storageac,KioSoft Globalazure  Subscription,rg9998-test-bigdata-infrastructure,4.406397,4.432696,-0.026299,DOWN
kubernetes-a8619d4a0c52c424dba152cae9cdebbc,KioSoft Globalazure  Subscription,mc_commandcenter_cc-test_eastus,0.0,0.025694,-0.025694,REMOVED
azurebackup_vm133-prod-csc-tms_929623888589302131,KioSoft Globalazure  Subscription,azurebackuprg_eastus_1,1.151958,1.17756,-0.025601,DOWN
lb-test-internal,KioSoft Globalazure  Subscription,rg9999-test-infrastructure,0.025001,0.0,0.025001,NEW
rsv03-prod-centralus,KioSoft Globalazure  Subscription,backup,14.210965,14.235562,-0.024597,DOWN
aks-syspool-21886233-vmss,KioSoft Globalazure  Subscription,mc_commandcenter_aks10000-test-cc_eastus,0.073616,0.049482,0.024134,UP
azurebackup_vm120-prod-cleanstore-web08_929623888924411714,KioSoft Globalazure  Subscription,azurebackuprg_eastus_1,10.838844,10.815062,0.023783,UP
pvc-dc92159c-cbf0-4d62-a194-07d4aa78c603,KioSoft Globalazure  Subscription,mc_rg20007-prod-kiocentral-aks_aks20000-prod-kiocentral_eastus,0.023699,0.0,0.023699,NEW
kubernetes-a84abd7e26cb044cfbc207655bb2a449,KioSoft Globalazure  Subscription,mc_rg20007-prod-kiocentral-aks_aks20000-prod-kiocentral_eastus,0.0,0.02226,-0.02226,REMOVED
high cpu usage-postgresql01-prod-operationcenter,KioSoft Globalazure  Subscription,rg59-prod-operationcenter,0.075431,0.095838,-0.020407,DOWN
high mem usage-postgresql01-prod-operationcenter,KioSoft Globalazure  Subscription,rg59-prod-operationcenter,0.075431,0.095838,-0.020407,DOWN
high storage usage-postgresql01-prod-operationcenter,KioSoft Globalazure  Subscription,rg59-prod-operationcenter,0.075431,0.095838,-0.020407,DOWN
vm20017-prod-elk01_cpu-memory-alert,KioSoft Globalazure  Subscription,rg20002-prod-om,0.184254,0.163941,0.020313,UP
azusprod.kiosoft.com,KioSoft Globalazure  Subscription,usprod,0.481714,0.50198,-0.020266,DOWN
terraform_vm2,KioSoft Globalazure  Subscription,rg9997-test-devops-infrastructure,0.0,0.020033,-0.020033,REMOVED
aks-agentpool-88478187-vmss / 0,KioSoft Globalazure  Subscription,mc_rg20007-prod-kiocentral-aks_aks20000-prod-kiocentral_eastus,0.0,0.020027,-0.020027,REMOVED
aks-agentpool-88478187-vmss / 1,KioSoft Globalazure  Subscription,mc_rg20007-prod-kiocentral-aks_aks20000-prod-kiocentral_eastus,0.0,0.020027,-0.020027,REMOVED
aks-e4asv4pool-88478187-vmss / 0,KioSoft Globalazure  Subscription,mc_rg20007-prod-kiocentral-aks_aks20000-prod-kiocentral_eastus,0.0,0.020027,-0.020027,REMOVED
aks-e4asv4pool-22212387-vmss / 2,KioSoft Globalazure  Subscription,mc_commandcenter_aks10000-test-cc_eastus,0.02,0.0,0.02,NEW
aks-e4asv4pool-22212387-vmss / 4,KioSoft Globalazure  Subscription,mc_commandcenter_aks10000-test-cc_eastus,0.02,0.0,0.02,NEW
aks-syspool-21886233-vmss / 3,KioSoft Globalazure  Subscription,mc_commandcenter_aks10000-test-cc_eastus,0.02,0.0,0.02,NEW
kiosoft-retail,KioSoft Globalazure  Subscription,kiosoft-test,21.372806,21.392685,-0.019878,DOWN
azurebackup_vm20006-prod-backupserver_929623888652037688,KioSoft Globalazure  Subscription,azurebackuprg_eastus_1,0.885,0.904769,-0.019769,DOWN
vm-germany_osdisk_1_7178b248c1704aac982858764130d989-snapshot,KioSoft Globalazure  Subscription,rg20002-prod-om,0.260341,0.280002,-0.019661,DOWN
ks-fgt_osdisk_1_9f02230dd01446fdbc896a9e669fa7a6,KioSoft Globalazure  Subscription,sut,0.591321,0.610282,-0.018961,DOWN
kubernetes-a143c43a7d17d4d58a868713f093788e,KioSoft Globalazure  Subscription,mc_commandcenter_cc-test_eastus,0.0,0.017683,-0.017683,REMOVED
privatelink.mysql.database.azure.com,KioSoft Globalazure  Subscription,retail,0.483744,0.500212,-0.016468,DOWN
e8959858a05b4c508f9071f6240f0676-containerrootvolume,KioSoft Globalazure  Subscription,databricks-rg-kiodatabricks-63wh3jijrnppk,0.0,0.016445,-0.016445,REMOVED
azurebackup_vm136-prod-wazan-web01_929623887255601481,KioSoft Globalazure  Subscription,azurebackuprg_eastus_1,0.586179,0.602491,-0.016312,DOWN
azurebackup_tmsprod-tms01_929623888630237019,KioSoft Globalazure  Subscription,azurebackuprg_eastus_1,0.697373,0.681288,0.016085,UP
cadeddacc94343899ddea2f0b37f6435-containerrootvolume,KioSoft Globalazure  Subscription,databricks-rg-kiodatabricks-63wh3jijrnppk,0.0,0.016064,-0.016064,REMOVED
privatelink.file.core.windows.net,KioSoft Globalazure  Subscription,armtmsrsc,0.483744,0.49954,-0.015796,DOWN
privatelink.file.core.windows.net,KioSoft Globalazure  Subscription,cmk,0.483743,0.499539,-0.015796,DOWN
privatelink.file.core.windows.net,KioSoft Globalazure  Subscription,dbmonitor,0.483744,0.499539,-0.015796,DOWN
privatelink.file.core.windows.net,KioSoft Globalazure  Subscription,retail,0.483744,0.499539,-0.015796,DOWN
privatelink.file.core.windows.net,KioSoft Globalazure  Subscription,rg48-stage-cleanstore,0.483744,0.499539,-0.015796,DOWN
privatelink.file.core.windows.net,KioSoft Globalazure  Subscription,rg52-prod-csc,0.483744,0.499539,-0.015796,DOWN
privatelink.file.core.windows.net,KioSoft Globalazure  Subscription,rg47-prod-cleanstore,0.483744,0.499539,-0.015796,DOWN
privatelink.file.core.windows.net,KioSoft Globalazure  Subscription,rg56-prod-amusement,0.483743,0.49954,-0.015796,DOWN
privatelink.file.core.windows.net,KioSoft Globalazure  Subscription,usprod,0.483743,0.49954,-0.015796,DOWN
privatelink.mariadb.database.azure.com,KioSoft Globalazure  Subscription,armtmsrsc,0.483744,0.499539,-0.015796,DOWN
privatelink.mysql.database.azure.com,KioSoft Globalazure  Subscription,cmk,0.483744,0.499539,-0.015796,DOWN
azurebackup_vm97-prod-csc-universal-web01_929623888750657210,KioSoft Globalazure  Subscription,azurebackuprg_eastus_1,7.057742,7.042182,0.01556,UP
pip20016-prod-latamcleanstore-web01,KioSoft Globalazure  Subscription,retail,0.0,0.015021,-0.015021,REMOVED
pip20017-prod-latamcleanstore-web02,KioSoft Globalazure  Subscription,retail,0.0,0.015021,-0.015021,REMOVED
pip20018-prod-latamcleanstore-web03,KioSoft Globalazure  Subscription,retail,0.0,0.015021,-0.015021,REMOVED
azeaus-secops-workspace,KioSoft Globalazure  Subscription,security-logrg,0.461377,0.476201,-0.014824,DOWN
aks-e4asv4pool-22212aks-e4asv4pool-222123os__1_2606b0bd40694f65a4956a15b6f95c80,KioSoft Globalazure  Subscription,mc_commandcenter_aks10000-test-cc_eastus,0.014743,0.0,0.014743,NEW
aks-e4asv4pool-22212aks-e4asv4pool-222123os__1_db555292357e47a0aa7a8bcb6d495b0f,KioSoft Globalazure  Subscription,mc_commandcenter_aks10000-test-cc_eastus,0.014743,0.0,0.014743,NEW
restore-sage-ip,KioSoft Globalazure  Subscription,rg9998-test-infrastructure,0.0,0.014678,-0.014678,REMOVED
aks-agentpool-884781aks-agentpool-8847818os__1_b1d3796b48a1454392bdb6bd101a60fc,KioSoft Globalazure  Subscription,mc_rg20007-prod-kiocentral-aks_aks20000-prod-kiocentral_eastus,0.0,0.01453,-0.01453,REMOVED
aks-agentpool-884781aks-agentpool-8847818os__1_bde3c98401804ff49f77d39cc468c00a,KioSoft Globalazure  Subscription,mc_rg20007-prod-kiocentral-aks_aks20000-prod-kiocentral_eastus,0.0,0.01453,-0.01453,REMOVED
aks-e4asv4pool-88478aks-e4asv4pool-884781os__1_f1dbafae48a94a59bc9fc62207f7ab32,KioSoft Globalazure  Subscription,mc_rg20007-prod-kiocentral-aks_aks20000-prod-kiocentral_eastus,0.0,0.01453,-0.01453,REMOVED
aks-e4asv4pool-22212aks-e4asv4pool-222123os__1_e9cf362d35334db4a17e80d427b15892,KioSoft Globalazure  Subscription,mc_commandcenter_aks10000-test-cc_eastus,0.013363,0.0,0.013363,NEW
[high storage io percent]-mysql03-prod-modem-dbrestore04,KioSoft Globalazure  Subscription,rg50-prod-modem,0.092191,0.079327,0.012864,UP
82a6a78971344addad285d2c1833c104-containerrootvolume,KioSoft Globalazure  Subscription,databricks-rg-kiodatabricks-63wh3jijrnppk,0.0,0.012638,-0.012638,REMOVED
azurebackup_jy-test-ubuntu20_5414223955461370073,KioSoft Globalazure  Subscription,azurebackuprg_eastus2_1,0.0,0.012615,-0.012615,REMOVED
kubernetes-a4084174cb3854c4cbb36af63ce751b0,KioSoft Globalazure  Subscription,mc_commandcenter_cc-test_eastus,0.0,0.011929,-0.011929,REMOVED
aks-e4asv4pool-22212aks-e4asv4pool-222123os__1_69867f336066425691e440396b1a211c,KioSoft Globalazure  Subscription,mc_commandcenter_aks10000-test-cc_eastus,0.01084,0.0,0.01084,NEW
universal-loadbalance-prod,KioSoft Globalazure  Subscription,cmk,18.592142,18.602042,-0.0099,DOWN
vm-uk_osdisk_1_98f4e2aaa2be478aadf195ece551bb17-snapshot,KioSoft Globalazure  Subscription,rg20002-prod-om,0.240272,0.250035,-0.009762,DOWN
sa31prodoperationcenter,KioSoft Globalazure  Subscription,rg59-prod-operationcenter,0.039359,0.048951,-0.009592,DOWN
azurebackup_vm140-prod-devops-ai_929623887696801515,KioSoft Globalazure  Subscription,azurebackuprg_eastus_1,1.66624,1.675646,-0.009406,DOWN
e8959858a05b4c508f9071f6240f0676-0-scratchvolume,KioSoft Globalazure  Subscription,databricks-rg-kiodatabricks-63wh3jijrnppk,0.0,0.008509,-0.008509,REMOVED
cadeddacc94343899ddea2f0b37f6435-0-scratchvolume,KioSoft Globalazure  Subscription,databricks-rg-kiodatabricks-63wh3jijrnppk,0.0,0.008331,-0.008331,REMOVED
mypublicip2,KioSoft Globalazure  Subscription,rg9997-test-devops-infrastructure,0.0,0.00759,-0.00759,REMOVED
vm-cpu-memory-alert,KioSoft Globalazure  Subscription,rg20005-prod-kiopos,0.184126,0.191416,-0.007291,DOWN
vm20014-prod-integration-web01_cpu-memory-alert,KioSoft Globalazure  Subscription,rg20006-prod-integration,0.184382,0.191289,-0.006907,DOWN
82a6a78971344addad285d2c1833c104-0-scratchvolume,KioSoft Globalazure  Subscription,databricks-rg-kiodatabricks-63wh3jijrnppk,0.0,0.006554,-0.006554,REMOVED
aks-e4asv4pool-22212aks-e4asv4pool-222123os__1_bc30a74a758c496b936207cbb71986fd,KioSoft Globalazure  Subscription,mc_commandcenter_aks10000-test-cc_eastus,0.006544,0.0,0.006544,NEW
privatelink.mysql.database.azure.com,KioSoft Globalazure  Subscription,rg47-prod-cleanstore,0.503787,0.510233,-0.006446,DOWN
azurebackup_vm90-prod-powerbi_929623888027641471,KioSoft Globalazure  Subscription,azurebackuprg_eastus_1,2.103669,2.109917,-0.006248,DOWN
sa19testkiopos,KioSoft Globalazure  Subscription,rg49-test-kiopos,0.298657,0.304731,-0.006074,DOWN
[high storage io percent]-mysql24-prod-modem,KioSoft Globalazure  Subscription,rg50-prod-modem,0.092191,0.086163,0.006028,UP
[critical mysql offline]-mysql03-prod-modem-dbrestore04,KioSoft Globalazure  Subscription,rg50-prod-modem,0.092191,0.086164,0.006027,UP
[high storage io percent]-mysql05-test-retail,KioSoft Globalazure  Subscription,kiosoft-test,0.092191,0.086164,0.006027,UP
[high storage io percent]-mysql10-prod-universal,KioSoft Globalazure  Subscription,cmk,0.092191,0.086164,0.006027,UP
[high storage io percent]-mysql11-test-csc,KioSoft Globalazure  Subscription,rg51-test-csc,0.092191,0.086164,0.006027,UP
[high storage io percent]-mysql12-prod-cleanstore,KioSoft Globalazure  Subscription,rg47-prod-cleanstore,0.092191,0.086164,0.006027,UP
[high storage io percent]-mysql14-prod-market,KioSoft Globalazure  Subscription,retail,0.092191,0.086164,0.006027,UP
[high storage io percent]-mysql15-prod-market-replica,KioSoft Globalazure  Subscription,retail,0.092191,0.086164,0.006027,UP
[high storage io percent]-mysql22-prod-csc-retail,KioSoft Globalazure  Subscription,rg20003-prod-csc,0.092191,0.086164,0.006027,UP
[high storage io percent]-mysql23-prod-csc-universal,KioSoft Globalazure  Subscription,rg20003-prod-csc,0.092191,0.086164,0.006027,UP
[high storage io percent]-mysql25-prod-olap,KioSoft Globalazure  Subscription,rg20000-prod-olap,0.092191,0.086164,0.006027,UP
[high storage io percent]-mysql19-prod-cleanstore-db02,KioSoft Globalazure  Subscription,rg47-prod-cleanstore,0.092063,0.086164,0.005899,UP
azurebackup_tmsprod-tms02_929623887726593831,KioSoft Globalazure  Subscription,azurebackuprg_eastus_1,0.909955,0.915528,-0.005573,DOWN
aks-e2asv4pool-31020068-vmss,KioSoft Globalazure  Subscription,mc_rg20007-prod-kiocentral-aks_aks20000-prod-kiocentral_eastus,0.149687,0.144315,0.005371,UP
datadisk_test1,KioSoft Globalazure  Subscription,rg9997-test-devops-infrastructure,0.0,0.005129,-0.005129,REMOVED
49d7f08f-b3f2-4081-b558-5b0cbeeee479,KioSoft Globalazure  Subscription,mc_rg20007-prod-kiocentral-aks_aks20000-prod-kiocentral_eastus,0.0,0.005116,-0.005116,REMOVED
prod_action,KioSoft Globalazure  Subscription,rg43_prod_alert,3.5e-05,0.005034,-0.004999,DOWN
prod_mysql_action,KioSoft Globalazure  Subscription,rg43_prod_alert,6.4e-05,0.00496,-0.004896,DOWN
azurebackup_ks-fgt_5414223953941450345,KioSoft Globalazure  Subscription,azurebackuprg_eastus2_1,0.165541,0.169736,-0.004195,DOWN
high cpu usage-mysql11-test-csc,KioSoft Globalazure  Subscription,rg51-test-csc,0.092191,0.096225,-0.004034,DOWN
[high replication lag]-mysql15-prod-market-replica,KioSoft Globalazure  Subscription,retail,0.092191,0.088228,0.003963,UP
[high replication lag]-mysql19-prod-cleanstore-db02,KioSoft Globalazure  Subscription,rg47-prod-cleanstore,0.092191,0.088228,0.003963,UP
aks-e4asv4pool-22212387-vmss,KioSoft Globalazure  Subscription,mc_commandcenter_aks10000-test-cc_eastus,0.014961,0.018891,-0.00393,DOWN
high cpu usage-coffee,KioSoft Globalazure  Subscription,cmk,0.092063,0.095838,-0.003775,DOWN
high cpu usage-csc-universal-web04,KioSoft Globalazure  Subscription,rg52-prod-csc,0.092063,0.095838,-0.003775,DOWN
kiopos high cpu usage,KioSoft Globalazure  Subscription,rg43_prod_alert,0.092063,0.095838,-0.003775,DOWN
aks-syspool-21886233aks-syspool-21886233-os__1_cc1106c943f8465d876f9f731fb558fb,KioSoft Globalazure  Subscription,mc_commandcenter_aks10000-test-cc_eastus,0.003686,0.0,0.003686,NEW
acr storage alert,KioSoft Globalazure  Subscription,commandcenter,0.092191,0.095838,-0.003647,DOWN
activeconnectionalert-kiopos-error,KioSoft Globalazure  Subscription,rg43_prod_alert,0.092191,0.095838,-0.003647,DOWN
cpu usage percentage - aks10000-test-cc,KioSoft Globalazure  Subscription,commandcenter,0.092191,0.095838,-0.003647,DOWN
ddos attack-amusement,KioSoft Globalazure  Subscription,retail,0.092191,0.095838,-0.003647,DOWN
ddos attack-cleanstore-web02,KioSoft Globalazure  Subscription,rg47-prod-cleanstore,0.092191,0.095838,-0.003647,DOWN
ddos attack-cleanstore-web06,KioSoft Globalazure  Subscription,rg47-prod-cleanstore,0.092191,0.095838,-0.003647,DOWN
ddos attack-csc,KioSoft Globalazure  Subscription,rg52-prod-csc,0.092191,0.095838,-0.003647,DOWN
ddos attack-international,KioSoft Globalazure  Subscription,retail,0.092191,0.095838,-0.003647,DOWN
high connections -mysql19-prod-cleanstore-db02,KioSoft Globalazure  Subscription,rg47-prod-cleanstore,0.092191,0.095838,-0.003647,DOWN
high connections -mysql22-prod-csc-retail,KioSoft Globalazure  Subscription,rg20003-prod-csc,0.092191,0.095838,-0.003647,DOWN
high connections -mysql23-prod-csc-universal,KioSoft Globalazure  Subscription,rg20003-prod-csc,0.092191,0.095838,-0.003647,DOWN
high cpu usage-amusement-web01,KioSoft Globalazure  Subscription,retail,0.092191,0.095838,-0.003647,DOWN
high cpu usage-cleanstore-web08,KioSoft Globalazure  Subscription,rg47-prod-cleanstore,0.092191,0.095838,-0.003647,DOWN
high cpu usage-csc-reportserver01,KioSoft Globalazure  Subscription,rg52-prod-csc,0.092191,0.095838,-0.003647,DOWN
high cpu usage-csc-reportserver02,KioSoft Globalazure  Subscription,rg52-prod-csc,0.092191,0.095838,-0.003647,DOWN
high cpu usage-csc-reportserver03,KioSoft Globalazure  Subscription,rg52-prod-csc,0.092191,0.095838,-0.003647,DOWN
high cpu usage-csc-reportserver04,KioSoft Globalazure  Subscription,rg52-prod-csc,0.092191,0.095838,-0.003647,DOWN
high cpu usage-csc-retail-web01,KioSoft Globalazure  Subscription,rg52-prod-csc,0.092191,0.095838,-0.003647,DOWN
high cpu usage-csc-retail-web02,KioSoft Globalazure  Subscription,rg52-prod-csc,0.092191,0.095838,-0.003647,DOWN
high cpu usage-csc-retail-web03,KioSoft Globalazure  Subscription,rg52-prod-csc,0.092191,0.095838,-0.003647,DOWN
high cpu usage-csc-retail-web04,KioSoft Globalazure  Subscription,rg52-prod-csc,0.092191,0.095838,-0.003647,DOWN
high cpu usage-csc-universal-web01,KioSoft Globalazure  Subscription,rg52-prod-csc,0.092191,0.095838,-0.003647,DOWN
high cpu usage-csc-universal-web02,KioSoft Globalazure  Subscription,rg52-prod-csc,0.092191,0.095838,-0.003647,DOWN
high cpu usage-mysql03-prod-modem,KioSoft Globalazure  Subscription,rg50-prod-modem,0.092191,0.095838,-0.003647,DOWN
high cpu usage-mysql05-test-retail,KioSoft Globalazure  Subscription,kiosoft-test,0.092191,0.095838,-0.003647,DOWN
high cpu usage-mysql12-prod-cleanstore,KioSoft Globalazure  Subscription,rg47-prod-cleanstore,0.092191,0.095838,-0.003647,DOWN
high cpu usage-mysql122-prod-csc-retail,KioSoft Globalazure  Subscription,rg20003-prod-csc,0.092191,0.095838,-0.003647,DOWN
high cpu usage-mysql14-prod-market,KioSoft Globalazure  Subscription,retail,0.092191,0.095838,-0.003647,DOWN
high cpu usage-mysql15-prod-market-replica,KioSoft Globalazure  Subscription,retail,0.092191,0.095838,-0.003647,DOWN
high cpu usage-mysql19-prod-cleanstore-db02,KioSoft Globalazure  Subscription,rg47-prod-cleanstore,0.092191,0.095838,-0.003647,DOWN
high cpu usage-mysql23-prod-csc-universal,KioSoft Globalazure  Subscription,rg20003-prod-csc,0.092191,0.095838,-0.003647,DOWN
high cpu usage-sutserver02,KioSoft Globalazure  Subscription,sut,0.092191,0.095838,-0.003647,DOWN
high cpu usage-tmsprod-db01,KioSoft Globalazure  Subscription,tmsprod,0.092191,0.095838,-0.003647,DOWN
high cpu usage-tmsprod-lb01,KioSoft Globalazure  Subscription,tmsprod,0.092191,0.095838,-0.003647,DOWN
high cpu usage-tmsprod-oldtms1,KioSoft Globalazure  Subscription,tmsprod,0.092191,0.095838,-0.003647,DOWN
high cpu usage-tmsprod-tms01,KioSoft Globalazure  Subscription,tmsprod,0.092191,0.095838,-0.003647,DOWN
high cpu usage-tmsprod-tms02,KioSoft Globalazure  Subscription,tmsprod,0.092191,0.095838,-0.003647,DOWN
high cpu usage-tmsprod-tms03,KioSoft Globalazure  Subscription,tmsprod,0.092191,0.095838,-0.003647,DOWN
high cpu usage-tmsprod-web01,KioSoft Globalazure  Subscription,tmsprod,0.092191,0.095838,-0.003647,DOWN
high cpu usage-tmsprod-web02,KioSoft Globalazure  Subscription,tmsprod,0.092191,0.095838,-0.003647,DOWN
high cpu usage-ttideployment,KioSoft Globalazure  Subscription,ttideploy,0.092191,0.095838,-0.003647,DOWN
high cpu usage-universal-db01,KioSoft Globalazure  Subscription,cmk,0.092191,0.095838,-0.003647,DOWN
high cpu usage-universal-web01,KioSoft Globalazure  Subscription,cmk,0.092191,0.095838,-0.003647,DOWN
high cpu usage-universal-web02,KioSoft Globalazure  Subscription,cmk,0.092191,0.095838,-0.003647,DOWN
high mem usage-cleanstore-web08,KioSoft Globalazure  Subscription,rg47-prod-cleanstore,0.092191,0.095838,-0.003647,DOWN
high mem usage-cleanstore-web09,KioSoft Globalazure  Subscription,rg47-prod-cleanstore,0.092191,0.095838,-0.003647,DOWN
high mem usage-coffee,KioSoft Globalazure  Subscription,cmk,0.092191,0.095838,-0.003647,DOWN
high mem usage-csc-reportserver01,KioSoft Globalazure  Subscription,rg52-prod-csc,0.092191,0.095838,-0.003647,DOWN
high mem usage-csc-reportserver02,KioSoft Globalazure  Subscription,rg52-prod-csc,0.092191,0.095838,-0.003647,DOWN
high mem usage-csc-reportserver03,KioSoft Globalazure  Subscription,rg52-prod-csc,0.092191,0.095838,-0.003647,DOWN
high mem usage-csc-retail-web01,KioSoft Globalazure  Subscription,rg52-prod-csc,0.092191,0.095838,-0.003647,DOWN
high mem usage-csc-retail-web02,KioSoft Globalazure  Subscription,rg52-prod-csc,0.092191,0.095838,-0.003647,DOWN
high mem usage-csc-universal-soft01,KioSoft Globalazure  Subscription,rg52-prod-csc,0.092191,0.095838,-0.003647,DOWN
high mem usage-csc-universal-web01,KioSoft Globalazure  Subscription,rg52-prod-csc,0.092191,0.095838,-0.003647,DOWN
high mem usage-csc-universal-web02,KioSoft Globalazure  Subscription,rg52-prod-csc,0.092191,0.095838,-0.003647,DOWN
high mem usage-csc-universal-web03,KioSoft Globalazure  Subscription,rg52-prod-csc,0.092191,0.095838,-0.003647,DOWN
high mem usage-csc-universal-web04,KioSoft Globalazure  Subscription,rg52-prod-csc,0.092191,0.095838,-0.003647,DOWN
high mem usage-mysql10-prod-universal,KioSoft Globalazure  Subscription,cmk,0.092191,0.095838,-0.003647,DOWN
high mem usage-mysql11-test-csc,KioSoft Globalazure  Subscription,rg51-test-csc,0.092191,0.095838,-0.003647,DOWN
high mem usage-mysql12-prod-cleanstore,KioSoft Globalazure  Subscription,rg47-prod-cleanstore,0.092191,0.095838,-0.003647,DOWN
high mem usage-mysql14-prod-market,KioSoft Globalazure  Subscription,retail,0.092191,0.095838,-0.003647,DOWN
high mem usage-mysql15-prod-market-replica,KioSoft Globalazure  Subscription,retail,0.092191,0.095838,-0.003647,DOWN
high mem usage-mysql19-prod-cleanstore-db02,KioSoft Globalazure  Subscription,rg47-prod-cleanstore,0.092191,0.095838,-0.003647,DOWN
high mem usage-mysql22-prod-csc-retail,KioSoft Globalazure  Subscription,rg20003-prod-csc,0.092191,0.095838,-0.003647,DOWN
high mem usage-mysql23-prod-csc-universal,KioSoft Globalazure  Subscription,rg20003-prod-csc,0.092191,0.095838,-0.003647,DOWN
high mem usage-sutserver02,KioSoft Globalazure  Subscription,sut,0.092191,0.095838,-0.003647,DOWN
high mem usage-tmsprod-db01,KioSoft Globalazure  Subscription,tmsprod,0.092191,0.095838,-0.003647,DOWN
high mem usage-tmsprod-lb01,KioSoft Globalazure  Subscription,tmsprod,0.092191,0.095838,-0.003647,DOWN
high mem usage-tmsprod-oldtms1,KioSoft Globalazure  Subscription,tmsprod,0.092191,0.095838,-0.003647,DOWN
high mem usage-tmsprod-tms02,KioSoft Globalazure  Subscription,tmsprod,0.092191,0.095838,-0.003647,DOWN
high mem usage-tmsprod-tms03,KioSoft Globalazure  Subscription,tmsprod,0.092191,0.095838,-0.003647,DOWN
high mem usage-tmsprod-web01,KioSoft Globalazure  Subscription,tmsprod,0.092191,0.095838,-0.003647,DOWN
high mem usage-tmsprod-web02,KioSoft Globalazure  Subscription,tmsprod,0.092191,0.095838,-0.003647,DOWN
high mem usage-ttideployment,KioSoft Globalazure  Subscription,ttideploy,0.092191,0.095838,-0.003647,DOWN
high mem usage-universal-db01,KioSoft Globalazure  Subscription,cmk,0.092191,0.095838,-0.003647,DOWN
high mem usage-universal-web01,KioSoft Globalazure  Subscription,cmk,0.092191,0.095838,-0.003647,DOWN
high mem usage-universal-web02,KioSoft Globalazure  Subscription,cmk,0.092191,0.095838,-0.003647,DOWN
high memory usage-mysql03-prod-modem,KioSoft Globalazure  Subscription,rg50-prod-modem,0.092191,0.095838,-0.003647,DOWN
high memory usage-mysql05-test-retail,KioSoft Globalazure  Subscription,kiosoft-test,0.092191,0.095838,-0.003647,DOWN
high network in universal-db01,KioSoft Globalazure  Subscription,cmk,0.092191,0.095838,-0.003647,DOWN
high storage usage-mysql03-prod-modem,KioSoft Globalazure  Subscription,rg50-prod-modem,0.092191,0.095838,-0.003647,DOWN
high storage usage-mysql05-test-retail,KioSoft Globalazure  Subscription,kiosoft-test,0.092191,0.095838,-0.003647,DOWN
high storage usage-mysql11-test-csc,KioSoft Globalazure  Subscription,rg51-test-csc,0.092191,0.095838,-0.003647,DOWN
high storage usage-mysql12-prod-cleanstore,KioSoft Globalazure  Subscription,rg47-prod-cleanstore,0.092191,0.095838,-0.003647,DOWN
high storage usage-mysql14-prod-market,KioSoft Globalazure  Subscription,retail,0.092191,0.095838,-0.003647,DOWN
high storage usage-mysql15-prod-market-replica,KioSoft Globalazure  Subscription,retail,0.092191,0.095838,-0.003647,DOWN
high storage usage-mysql19-prod-cleanstore-db02,KioSoft Globalazure  Subscription,rg47-prod-cleanstore,0.092191,0.095838,-0.003647,DOWN
high storage usage-mysql22-prod-csc-retail,KioSoft Globalazure  Subscription,rg20003-prod-csc,0.092191,0.095838,-0.003647,DOWN
high storage usage-mysql23-prod-csc-universal,KioSoft Globalazure  Subscription,rg20003-prod-csc,0.092191,0.095838,-0.003647,DOWN
kiopos high memory usage,KioSoft Globalazure  Subscription,rg43_prod_alert,0.092191,0.095838,-0.003647,DOWN
kiopos high storage usage,KioSoft Globalazure  Subscription,rg43_prod_alert,0.092191,0.095838,-0.003647,DOWN
memory working set percentage - aks10000-test-cc,KioSoft Globalazure  Subscription,commandcenter,0.092191,0.095838,-0.003647,DOWN
high cpu usage-cleanstore-web09,KioSoft Globalazure  Subscription,rg47-prod-cleanstore,0.092191,0.095837,-0.003646,DOWN
high cpu usage-csc-universal-soft01,KioSoft Globalazure  Subscription,rg52-prod-csc,0.092191,0.095837,-0.003646,DOWN
high cpu usage-csc-universal-web03,KioSoft Globalazure  Subscription,rg52-prod-csc,0.092191,0.095837,-0.003646,DOWN
high cpu usage-mqtt-coffee,KioSoft Globalazure  Subscription,production,0.092191,0.095837,-0.003646,DOWN
high cpu usage-mysql10-prod-universal,KioSoft Globalazure  Subscription,cmk,0.092191,0.095837,-0.003646,DOWN
high mem usage-amusement-web01,KioSoft Globalazure  Subscription,retail,0.092191,0.095837,-0.003646,DOWN
high mem usage-csc-reportserver04,KioSoft Globalazure  Subscription,rg52-prod-csc,0.092191,0.095837,-0.003646,DOWN
high mem usage-csc-retail-web04,KioSoft Globalazure  Subscription,rg52-prod-csc,0.092191,0.095837,-0.003646,DOWN
high mem usage-mqtt-coffee,KioSoft Globalazure  Subscription,production,0.092191,0.095837,-0.003646,DOWN
high mem usage-tms01,KioSoft Globalazure  Subscription,tmsprod,0.092191,0.095837,-0.003646,DOWN
percentage cpu - ks-fgt,KioSoft Globalazure  Subscription,sut,0.092191,0.095837,-0.003646,DOWN
vm availability - ks-fgt,KioSoft Globalazure  Subscription,sut,0.092191,0.095837,-0.003646,DOWN
aks-e4asv4pool-22212aks-e4asv4pool-222123os__1_6979096261ea4b0c8fdf95a8df6a57c5,KioSoft Globalazure  Subscription,mc_commandcenter_aks10000-test-cc_eastus,0.003548,0.0,0.003548,NEW
ddos attack-universal,KioSoft Globalazure  Subscription,cmk,0.092191,0.095709,-0.003518,DOWN
high mem usage-csc-retail-web03,KioSoft Globalazure  Subscription,rg52-prod-csc,0.092191,0.095709,-0.003518,DOWN
high storage usage-mysql10-prod-universal,KioSoft Globalazure  Subscription,cmk,0.092191,0.095709,-0.003518,DOWN
ddos attack-cleanstore-web05,KioSoft Globalazure  Subscription,rg47-prod-cleanstore,0.092191,0.095708,-0.003517,DOWN
kubernetes-af44045ee019644959d3c0e3de2d42ac,KioSoft Globalazure  Subscription,mc_commandcenter_cc-test_eastus,0.0,0.003501,-0.003501,REMOVED
[critical mysql offline]-mysql19-prod-cleanstore-db02,KioSoft Globalazure  Subscription,rg47-prod-cleanstore,0.092191,0.088744,0.003447,UP
[critical mysql offline]-mysql22-prod-csc-retail,KioSoft Globalazure  Subscription,rg20003-prod-csc,0.092191,0.088744,0.003447,UP
[critical mysql offline]-mysql23-prod-csc-universal,KioSoft Globalazure  Subscription,rg20003-prod-csc,0.092191,0.088744,0.003447,UP
[critical mysql offline]-mysql24-prod-modem,KioSoft Globalazure  Subscription,rg50-prod-modem,0.092191,0.088744,0.003447,UP
[critical mysql offline]-mysql25-prod-olap,KioSoft Globalazure  Subscription,rg20000-prod-olap,0.092191,0.088744,0.003447,UP
pvc-d10ab5ac-43d1-4bca-9f81-25f1994cf4f4,KioSoft Globalazure  Subscription,mc_commandcenter_aks10000-test-cc_eastus,0.003436,0.0,0.003436,NEW
aks-syspool-21886233aks-syspool-21886233-os__1_d5be47dec7204b5599addee472162eb6,KioSoft Globalazure  Subscription,mc_commandcenter_aks10000-test-cc_eastus,0.003331,0.0,0.003331,NEW
hosttohost-nuvolinq_datacenter1,KioSoft Globalazure  Subscription,sut,0.118505,0.115195,0.00331,UP
[critical mysql offline]-mysql11-test-csc,KioSoft Globalazure  Subscription,rg51-test-csc,0.092191,0.089002,0.003189,UP
[critical mysql offline]-mysql12-prod-cleanstore,KioSoft Globalazure  Subscription,rg47-prod-cleanstore,0.092191,0.089002,0.003189,UP
[critical mysql offline]-mysql14-prod-market,KioSoft Globalazure  Subscription,retail,0.092191,0.089002,0.003189,UP
[critical mysql offline]-mysql15-prod-market-replica,KioSoft Globalazure  Subscription,retail,0.092191,0.089002,0.003189,UP
critical-mysql offline-mysql05-test-retail,KioSoft Globalazure  Subscription,kiosoft-test,0.092191,0.089002,0.003189,UP
restore-sage-db01,KioSoft Globalazure  Subscription,rg9998-test-infrastructure,0.0,0.003141,-0.003141,REMOVED
azurebackup_vm20013-prod-kiopos-soft01_929623887472167545,KioSoft Globalazure  Subscription,azurebackuprg_eastus_1,1.402638,1.405036,-0.002398,DOWN
aks-e2asv4pool-21886233-vmss,KioSoft Globalazure  Subscription,mc_commandcenter_aks10000-test-cc_eastus,0.0,0.002224,-0.002224,REMOVED
aks-syspool-21886233aks-syspool-21886233-os__1_d6b8df2d07ab4b3f92a077eea0265800,KioSoft Globalazure  Subscription,mc_commandcenter_aks10000-test-cc_eastus,0.002089,0.0,0.002089,NEW
scsharetest,KioSoft Globalazure  Subscription,rg9997-test-devops-infrastructure,0.001937,0.001401,0.000536,UP
high cpu usage-mysql03-prod-modem-dbrestore04,KioSoft Globalazure  Subscription,rg50-prod-modem,0.092191,0.09171,0.000481,UP
high mem usage-mysql03-prod-modem-dbrestore04,KioSoft Globalazure  Subscription,rg50-prod-modem,0.092191,0.09171,0.000481,UP
high storage usage-mysql03-prod-modem-dbrestore04,KioSoft Globalazure  Subscription,rg50-prod-modem,0.092191,0.09171,0.000481,UP
azurebackup_vm20005-prod-jumpserver_5414223954462998027,KioSoft Globalazure  Subscription,azurebackuprg_eastus2_1,5.108967,5.109424,-0.000457,DOWN
sa18baletest,KioSoft Globalazure  Subscription,commandcenter,0.002483,0.002787,-0.000304,DOWN
terraformstatsfile,KioSoft Globalazure  Subscription,rg9997-test-devops-infrastructure,0.000583,0.000792,-0.000209,DOWN
high cpu usage-mysql24-prod-modem,KioSoft Globalazure  Subscription,rg50-prod-modem,0.092191,0.092355,-0.000164,DOWN
dbstorageghbv3vukhr7ha,KioSoft Globalazure  Subscription,databricks-rg-databricks-public-bhipksjmecgoi,0.0,9.7e-05,-9.7e-05,REMOVED
dbstoragej5akclxxe6siu,KioSoft Globalazure  Subscription,databricks-rg-azuredatabricks_public-73bukcmqjgfo2,0.0,9.7e-05,-9.7e-05,REMOVED
high cpu usage-mysql25-prod-olap,KioSoft Globalazure  Subscription,rg20000-prod-olap,0.092191,0.092097,9.4e-05,UP
high mem usage-mysql24-prod-modem,KioSoft Globalazure  Subscription,rg50-prod-modem,0.092191,0.092097,9.4e-05,UP
high mem usage-mysql25-prod-olap,KioSoft Globalazure  Subscription,rg20000-prod-olap,0.092191,0.092097,9.4e-05,UP
high storage usage-mysql24-prod-modem,KioSoft Globalazure  Subscription,rg50-prod-modem,0.092191,0.092097,9.4e-05,UP
high storage usage-mysql25-prod-olap,KioSoft Globalazure  Subscription,rg20000-prod-olap,0.092191,0.092097,9.4e-05,UP
dbstoragemfwmlslycntz2,KioSoft Globalazure  Subscription,databricks-rg-kiodatabricks-63wh3jijrnppk,0.006668,0.006743,-7.5e-05,DOWN
aks-agentpool-88478187-vmss,KioSoft Globalazure  Subscription,mc_rg20007-prod-kiocentral-aks_aks20000-prod-kiocentral_eastus,0.0,7.3e-05,-7.3e-05,REMOVED
sa41prodcommandcenter,KioSoft Globalazure  Subscription,rg20000-prod-olap,0.001161,0.001201,-4.1e-05,DOWN
sa18prodcleanstore,KioSoft Globalazure  Subscription,rg47-prod-cleanstore,0.030157,0.030133,2.5e-05,UP
restore-universal-web02,KioSoft Globalazure  Subscription,rg9999-test-infrastructure,2.2e-05,0.0,2.2e-05,NEW
sa20democc,KioSoft Globalazure  Subscription,commandcenter,5.8e-05,7.1e-05,-1.3e-05,DOWN
restore-universal-web01,KioSoft Globalazure  Subscription,rg9999-test-infrastructure,7e-06,0.0,7e-06,NEW
datafactoryerror,KioSoft Globalazure  Subscription,rg10003-test-datalake,0.0,6e-06,-6e-06,DOWN
aks-e4asv4pool-88478187-vmss,KioSoft Globalazure  Subscription,mc_rg20007-prod-kiocentral-aks_aks20000-prod-kiocentral_eastus,0.0,0.0,-0.0,REMOVED
defaultworkspace-6276588a-9234-41ee-a81c-7538ea3a817e-eus2,KioSoft Globalazure  Subscription,defaultresourcegroup-eus2,0.0,0.0,0.0,SAME
networkwatcher_eastus,KioSoft Globalazure  Subscription,networkwatcherrg,0.0,0.0,0.0,SAME
recommendedalertrules-ag-3,KioSoft Globalazure  Subscription,sut,0.0,0.0,0.0,NEW
redis03-prod-universal,KioSoft Globalazure  Subscription,retail,0.0,0.0,0.0,SAME
redis06-prod-csc-retail,KioSoft Globalazure  Subscription,rg52-prod-csc,0.0,0.0,0.0,SAME
sa9997eastus2,KioSoft Globalazure  Subscription,rg9999-test-infrastructure,0.0,0.0,0.0,SAME
sa9998restoresouth,KioSoft Globalazure  Subscription,rg9999-test-infrastructure,0.0,0.0,0.0,NEW
sa9999restorecentral,KioSoft Globalazure  Subscription,rg9999-test-infrastructure,0.0,0.0,0.0,SAME
